

Microchip MPLAB XC8 Assembler V3.10 build 20250813170317 
                                                                                               Fri Jan 16 22:26:34 2026

Microchip MPLAB XC8 C Compiler v3.10 (Free license) build 20250813170317 Og1 
     1                           	processor	18F26K83
     2                           	fnconf	rparam,??,?,0
     3                           	pagewidth 120
     4                           	opt	flic
     5                           	psect	idataBANK0,global,class=CODE,space=0,delta=1,noexec
     6                           	psect	cinit,global,reloc=2,class=CODE,space=0,delta=1
     7                           	psect	bssCOMRAM,global,class=COMRAM,space=1,delta=1,lowdata,noexec
     8                           	psect	bssBANK0,global,class=BANK0,space=1,delta=1,lowdata,noexec
     9                           	psect	dataBANK0,global,class=BANK0,space=1,delta=1,lowdata,noexec
    10                           	psect	bssBIGRAM,global,class=BIGRAM,space=1,delta=1,noexec
    11                           	psect	cstackBANK0,global,class=BANK0,space=1,delta=1,lowdata,noexec
    12                           	psect	cstackCOMRAM,global,class=COMRAM,space=1,delta=1,lowdata,noexec
    13                           	psect	text0,global,reloc=2,class=CODE,space=0,delta=1
    14                           	psect	text1,global,reloc=2,class=CODE,space=0,delta=1
    15                           	psect	text2,global,reloc=2,class=CODE,space=0,delta=1
    16                           	psect	text3,global,reloc=2,class=CODE,space=0,delta=1
    17                           	psect	text4,global,reloc=2,class=CODE,space=0,delta=1
    18                           	psect	text5,global,reloc=2,class=CODE,space=0,delta=1
    19                           	psect	text6,global,reloc=2,class=CODE,space=0,delta=1
    20                           	psect	text7,global,reloc=2,class=CODE,space=0,delta=1
    21                           	psect	text8,global,reloc=2,class=CODE,space=0,delta=1
    22                           	psect	text9,global,reloc=2,class=CODE,space=0,delta=1
    23                           	psect	text10,global,reloc=2,class=CODE,space=0,delta=1
    24                           	psect	text11,global,reloc=2,class=CODE,space=0,delta=1
    25                           	psect	text12,global,reloc=2,class=CODE,space=0,delta=1
    26                           	psect	text13,global,reloc=2,class=CODE,space=0,delta=1
    27                           	psect	text14,global,reloc=2,class=CODE,space=0,delta=1
    28                           	psect	text15,global,reloc=2,class=CODE,space=0,delta=1
    29                           	psect	text16,global,reloc=2,class=CODE,space=0,delta=1
    30                           	psect	text17,global,reloc=2,class=CODE,space=0,delta=1
    31                           	psect	text18,global,reloc=2,class=CODE,space=0,delta=1
    32                           	psect	text19,global,reloc=2,class=CODE,space=0,delta=1
    33                           	psect	text20,global,reloc=2,class=CODE,space=0,delta=1
    34                           	psect	text21,global,reloc=2,class=CODE,space=0,delta=1
    35                           	psect	text22,global,reloc=2,class=CODE,space=0,delta=1
    36                           	psect	text23,global,reloc=2,class=CODE,space=0,delta=1
    37                           	psect	text24,global,reloc=2,class=CODE,space=0,delta=1
    38                           	psect	text25,global,reloc=2,class=CODE,space=0,delta=1
    39                           	psect	text26,global,reloc=2,class=CODE,space=0,delta=1
    40                           	psect	text27,global,reloc=2,class=CODE,space=0,delta=1
    41                           	psect	text28,global,reloc=2,class=CODE,space=0,delta=1
    42                           	psect	text29,global,reloc=2,class=CODE,space=0,delta=1
    43                           	psect	text30,global,reloc=2,class=CODE,space=0,delta=1
    44                           	psect	text31,global,reloc=2,class=CODE,space=0,delta=1
    45                           	psect	ivt0x8,global,reloc=2,class=CODE,space=0,delta=1,noexec,keep,optim=
    46                           	psect	smallconst,global,reloc=2,class=SMALLCONST,space=0,delta=1,noexec
    47                           	psect	intsave_regs,global,class=BIGRAM,space=1,delta=1,noexec
    48                           	psect	rparam,global,class=COMRAM,space=1,delta=1,noexec
    49                           	psect	idloc,global,abs,ovrld,class=IDLOC,space=5,delta=1,noexec
    50                           	psect	config,global,abs,ovrld,class=CONFIG,space=4,delta=1,noexec
    51   000000                     
    52                           ; Version 2.35
    53                           ; Generated 05/05/2021 GMT
    54                           ; 
    55                           ; Copyright © 2021, Microchip Technology Inc. and its subsidiaries ("Microchip")
    56                           ; All rights reserved.
    57                           ; 
    58                           ; This software is developed by Microchip Technology Inc. and its subsidiaries ("Microch
      +                          ip").
    59                           ; 
    60                           ; Redistribution and use in source and binary forms, with or without modification, are
    61                           ; permitted provided that the following conditions are met:
    62                           ; 
    63                           ;     1. Redistributions of source code must retain the above copyright notice, this lis
      +                          t of
    64                           ;        conditions and the following disclaimer.
    65                           ; 
    66                           ;     2. Redistributions in binary form must reproduce the above copyright notice, this 
      +                          list
    67                           ;        of conditions and the following disclaimer in the documentation and/or other
    68                           ;        materials provided with the distribution. Publication is not required when
    69                           ;        this file is used in an embedded application.
    70                           ; 
    71                           ;     3. Microchip's name may not be used to endorse or promote products derived from th
      +                          is
    72                           ;        software without specific prior written permission.
    73                           ; 
    74                           ; THIS SOFTWARE IS PROVIDED BY MICROCHIP "AS IS" AND ANY EXPRESS OR IMPLIED WARRANTIES,
    75                           ; INCLUDING, BUT NOT LIMITED TO, THE IMPLIED WARRANTIES OF MERCHANTABILITY AND FITNESS F
      +                          OR
    76                           ; PURPOSE ARE DISCLAIMED.  IN NO EVENT SHALL MICROCHIP BE LIABLE FOR ANY DIRECT, INDIREC
      +                          T,
    77                           ; INCIDENTAL, SPECIAL, EXEMPLARY, OR CONSEQUENTIAL DAMAGES (INCLUDING BUT NOT LIMITED TO
    78                           ; PROCUREMENT OF SUBSTITUTE GOODS OR SERVICES; LOSS OF USE, DATA OR PROFITS; OR BUSINESS
    79                           ; INTERRUPTION) HOWSOEVER CAUSED AND ON ANY THEORY OF LIABILITY, WHETHER IN CONTRACT, ST
      +                          RICT
    80                           ; LIABILITY, OR TORT (INCLUDING NEGLIGENCE OR OTHERWISE) ARISING IN ANY WAY OUT OF THE U
      +                          SE OF
    81                           ; THIS SOFTWARE, EVEN IF ADVISED OF THE POSSIBILITY OF SUCH DAMAGE.
    82                           ; 
    83                           ; 
    84                           ; Code-generator required, PIC18F26K83 Definitions
    85                           ; 
    86                           ; SFR Addresses
    87   003FE0                     bsr             equ	16352
    88   003FE9                     fsr0            equ	16361
    89   003FEA                     fsr0h           equ	16362
    90   003FE9                     fsr0l           equ	16361
    91   003FE1                     fsr1            equ	16353
    92   003FE2                     fsr1h           equ	16354
    93   003FE1                     fsr1l           equ	16353
    94   003FD9                     fsr2            equ	16345
    95   003FDA                     fsr2h           equ	16346
    96   003FD9                     fsr2l           equ	16345
    97   003FEF                     indf0           equ	16367
    98   003FE7                     indf1           equ	16359
    99   003FDF                     indf2           equ	16351
   100   003FD2                     intcon          equ	16338
   101   0039E5                     nvmcon          equ	14821
   102   003FF9                     pcl             equ	16377
   103   003FFA                     pclath          equ	16378
   104   003FFB                     pclatu          equ	16379
   105   003FEB                     plusw0          equ	16363
   106   003FE3                     plusw1          equ	16355
   107   003FDB                     plusw2          equ	16347
   108   003FED                     postdec0        equ	16365
   109   003FE5                     postdec1        equ	16357
   110   003FDD                     postdec2        equ	16349
   111   003FEE                     postinc0        equ	16366
   112   003FE6                     postinc1        equ	16358
   113   003FDE                     postinc2        equ	16350
   114   003FEC                     preinc0         equ	16364
   115   003FE4                     preinc1         equ	16356
   116   003FDC                     preinc2         equ	16348
   117   003FF3                     prod            equ	16371
   118   003FF4                     prodh           equ	16372
   119   003FF3                     prodl           equ	16371
   120   003FD8                     status          equ	16344
   121   003FF5                     tablat          equ	16373
   122   003FF6                     tblptr          equ	16374
   123   003FF7                     tblptrh         equ	16375
   124   003FF6                     tblptrl         equ	16374
   125   003FF8                     tblptru         equ	16376
   126   003FFD                     tosl            equ	16381
   127   003FE8                     wreg            equ	16360
   128   003700                     CIOCON          equ	14080	;# 
   129   003701                     RXERRCNT        equ	14081	;# 
   130   003702                     TXERRCNT        equ	14082	;# 
   131   003703                     BRGCON1         equ	14083	;# 
   132   003704                     BRGCON2         equ	14084	;# 
   133   003705                     BRGCON3         equ	14085	;# 
   134   003706                     RXFCON0         equ	14086	;# 
   135   003707                     RXFCON1         equ	14087	;# 
   136   003708                     RXF6SIDH        equ	14088	;# 
   137   003709                     RXF6SIDL        equ	14089	;# 
   138   00370A                     RXF6EIDH        equ	14090	;# 
   139   00370B                     RXF6EIDL        equ	14091	;# 
   140   00370C                     RXF7SIDH        equ	14092	;# 
   141   00370D                     RXF7SIDL        equ	14093	;# 
   142   00370E                     RXF7EIDH        equ	14094	;# 
   143   00370F                     RXF7EIDL        equ	14095	;# 
   144   003710                     RXF8SIDH        equ	14096	;# 
   145   003711                     RXF8SIDL        equ	14097	;# 
   146   003712                     RXF8EIDH        equ	14098	;# 
   147   003713                     RXF8EIDL        equ	14099	;# 
   148   003714                     RXF9SIDH        equ	14100	;# 
   149   003715                     RXF9SIDL        equ	14101	;# 
   150   003716                     RXF9EIDH        equ	14102	;# 
   151   003717                     RXF9EIDL        equ	14103	;# 
   152   003718                     RXF10SIDH       equ	14104	;# 
   153   003719                     RXF10SIDL       equ	14105	;# 
   154   00371A                     RXF10EIDH       equ	14106	;# 
   155   00371B                     RXF10EIDL       equ	14107	;# 
   156   00371C                     RXF11SIDH       equ	14108	;# 
   157   00371D                     RXF11SIDL       equ	14109	;# 
   158   00371E                     RXF11EIDH       equ	14110	;# 
   159   00371F                     RXF11EIDL       equ	14111	;# 
   160   003720                     RXF12SIDH       equ	14112	;# 
   161   003721                     RXF12SIDL       equ	14113	;# 
   162   003722                     RXF12EIDH       equ	14114	;# 
   163   003723                     RXF12EIDL       equ	14115	;# 
   164   003724                     RXF13SIDH       equ	14116	;# 
   165   003725                     RXF13SIDL       equ	14117	;# 
   166   003726                     RXF13EIDH       equ	14118	;# 
   167   003727                     RXF13EIDL       equ	14119	;# 
   168   003728                     RXF14SIDH       equ	14120	;# 
   169   003729                     RXF14SIDL       equ	14121	;# 
   170   00372A                     RXF14EIDH       equ	14122	;# 
   171   00372B                     RXF14EIDL       equ	14123	;# 
   172   00372C                     RXF15SIDH       equ	14124	;# 
   173   00372D                     RXF15SIDL       equ	14125	;# 
   174   00372E                     RXF15EIDH       equ	14126	;# 
   175   00372F                     RXF15EIDL       equ	14127	;# 
   176   003730                     SDFLC           equ	14128	;# 
   177   003731                     RXFBCON0        equ	14129	;# 
   178   003732                     RXFBCON1        equ	14130	;# 
   179   003733                     RXFBCON2        equ	14131	;# 
   180   003734                     RXFBCON3        equ	14132	;# 
   181   003735                     RXFBCON4        equ	14133	;# 
   182   003736                     RXFBCON5        equ	14134	;# 
   183   003737                     RXFBCON6        equ	14135	;# 
   184   003738                     RXFBCON7        equ	14136	;# 
   185   003739                     MSEL0           equ	14137	;# 
   186   00373A                     MSEL1           equ	14138	;# 
   187   00373B                     MSEL2           equ	14139	;# 
   188   00373C                     MSEL3           equ	14140	;# 
   189   00373D                     BSEL0           equ	14141	;# 
   190   00373E                     BIE0            equ	14142	;# 
   191   00373F                     TXBIE           equ	14143	;# 
   192   003740                     B0CON           equ	14144	;# 
   193   003741                     B0SIDH          equ	14145	;# 
   194   003742                     B0SIDL          equ	14146	;# 
   195   003743                     B0EIDH          equ	14147	;# 
   196   003744                     B0EIDL          equ	14148	;# 
   197   003745                     B0DLC           equ	14149	;# 
   198   003746                     B0D0            equ	14150	;# 
   199   003747                     B0D1            equ	14151	;# 
   200   003748                     B0D2            equ	14152	;# 
   201   003749                     B0D3            equ	14153	;# 
   202   00374A                     B0D4            equ	14154	;# 
   203   00374B                     B0D5            equ	14155	;# 
   204   00374C                     B0D6            equ	14156	;# 
   205   00374D                     B0D7            equ	14157	;# 
   206   00374E                     CANSTAT_RO9     equ	14158	;# 
   207   00374F                     CANCON_RO9      equ	14159	;# 
   208   003750                     B1CON           equ	14160	;# 
   209   003751                     B1SIDH          equ	14161	;# 
   210   003752                     B1SIDL          equ	14162	;# 
   211   003753                     B1EIDH          equ	14163	;# 
   212   003754                     B1EIDL          equ	14164	;# 
   213   003755                     B1DLC           equ	14165	;# 
   214   003756                     B1D0            equ	14166	;# 
   215   003757                     B1D1            equ	14167	;# 
   216   003758                     B1D2            equ	14168	;# 
   217   003759                     B1D3            equ	14169	;# 
   218   00375A                     B1D4            equ	14170	;# 
   219   00375B                     B1D5            equ	14171	;# 
   220   00375C                     B1D6            equ	14172	;# 
   221   00375D                     B1D7            equ	14173	;# 
   222   00375E                     CANSTAT_RO8     equ	14174	;# 
   223   00375F                     CANCON_RO8      equ	14175	;# 
   224   003760                     B2CON           equ	14176	;# 
   225   003761                     B2SIDH          equ	14177	;# 
   226   003762                     B2SIDL          equ	14178	;# 
   227   003763                     B2EIDH          equ	14179	;# 
   228   003764                     B2EIDL          equ	14180	;# 
   229   003765                     B2DLC           equ	14181	;# 
   230   003766                     B2D0            equ	14182	;# 
   231   003767                     B2D1            equ	14183	;# 
   232   003768                     B2D2            equ	14184	;# 
   233   003769                     B2D3            equ	14185	;# 
   234   00376A                     B2D4            equ	14186	;# 
   235   00376B                     B2D5            equ	14187	;# 
   236   00376C                     B2D6            equ	14188	;# 
   237   00376D                     B2D7            equ	14189	;# 
   238   00376E                     CANSTAT_RO7     equ	14190	;# 
   239   00376F                     CANCON_RO7      equ	14191	;# 
   240   003770                     B3CON           equ	14192	;# 
   241   003771                     B3SIDH          equ	14193	;# 
   242   003772                     B3SIDL          equ	14194	;# 
   243   003773                     B3EIDH          equ	14195	;# 
   244   003774                     B3EIDL          equ	14196	;# 
   245   003775                     B3DLC           equ	14197	;# 
   246   003776                     B3D0            equ	14198	;# 
   247   003777                     B3D1            equ	14199	;# 
   248   003778                     B3D2            equ	14200	;# 
   249   003779                     B3D3            equ	14201	;# 
   250   00377A                     B3D4            equ	14202	;# 
   251   00377B                     B3D5            equ	14203	;# 
   252   00377C                     B3D6            equ	14204	;# 
   253   00377D                     B3D7            equ	14205	;# 
   254   00377E                     CANSTAT_RO6     equ	14206	;# 
   255   00377F                     CANCON_RO6      equ	14207	;# 
   256   003780                     B4CON           equ	14208	;# 
   257   003781                     B4SIDH          equ	14209	;# 
   258   003782                     B4SIDL          equ	14210	;# 
   259   003783                     B4EIDH          equ	14211	;# 
   260   003784                     B4EIDL          equ	14212	;# 
   261   003785                     B4DLC           equ	14213	;# 
   262   003786                     B4D0            equ	14214	;# 
   263   003787                     B4D1            equ	14215	;# 
   264   003788                     B4D2            equ	14216	;# 
   265   003789                     B4D3            equ	14217	;# 
   266   00378A                     B4D4            equ	14218	;# 
   267   00378B                     B4D5            equ	14219	;# 
   268   00378C                     B4D6            equ	14220	;# 
   269   00378D                     B4D7            equ	14221	;# 
   270   00378E                     CANSTAT_RO5     equ	14222	;# 
   271   00378F                     CANCON_RO5      equ	14223	;# 
   272   003790                     B5CON           equ	14224	;# 
   273   003791                     B5SIDH          equ	14225	;# 
   274   003792                     B5SIDL          equ	14226	;# 
   275   003793                     B5EIDH          equ	14227	;# 
   276   003794                     B5EIDL          equ	14228	;# 
   277   003795                     B5DLC           equ	14229	;# 
   278   003796                     B5D0            equ	14230	;# 
   279   003797                     B5D1            equ	14231	;# 
   280   003798                     B5D2            equ	14232	;# 
   281   003799                     B5D3            equ	14233	;# 
   282   00379A                     B5D4            equ	14234	;# 
   283   00379B                     B5D5            equ	14235	;# 
   284   00379C                     B5D6            equ	14236	;# 
   285   00379D                     B5D7            equ	14237	;# 
   286   00379E                     CANSTAT_RO4     equ	14238	;# 
   287   00379F                     CANCON_RO4      equ	14239	;# 
   288   0037A0                     RXF0SIDH        equ	14240	;# 
   289   0037A1                     RXF0SIDL        equ	14241	;# 
   290   0037A2                     RXF0EIDH        equ	14242	;# 
   291   0037A3                     RXF0EIDL        equ	14243	;# 
   292   0037A4                     RXF1SIDH        equ	14244	;# 
   293   0037A5                     RXF1SIDL        equ	14245	;# 
   294   0037A6                     RXF1EIDH        equ	14246	;# 
   295   0037A7                     RXF1EIDL        equ	14247	;# 
   296   0037A8                     RXF2SIDH        equ	14248	;# 
   297   0037A9                     RXF2SIDL        equ	14249	;# 
   298   0037AA                     RXF2EIDH        equ	14250	;# 
   299   0037AB                     RXF2EIDL        equ	14251	;# 
   300   0037AC                     RXF3SIDH        equ	14252	;# 
   301   0037AD                     RXF3SIDL        equ	14253	;# 
   302   0037AE                     RXF3EIDH        equ	14254	;# 
   303   0037AF                     RXF3EIDL        equ	14255	;# 
   304   0037B0                     RXF4SIDH        equ	14256	;# 
   305   0037B1                     RXF4SIDL        equ	14257	;# 
   306   0037B2                     RXF4EIDH        equ	14258	;# 
   307   0037B3                     RXF4EIDL        equ	14259	;# 
   308   0037B4                     RXF5SIDH        equ	14260	;# 
   309   0037B5                     RXF5SIDL        equ	14261	;# 
   310   0037B6                     RXF5EIDH        equ	14262	;# 
   311   0037B7                     RXF5EIDL        equ	14263	;# 
   312   0037B8                     RXM0SIDH        equ	14264	;# 
   313   0037B9                     RXM0SIDL        equ	14265	;# 
   314   0037BA                     RXM0EIDH        equ	14266	;# 
   315   0037BB                     RXM0EIDL        equ	14267	;# 
   316   0037BC                     RXM1SIDH        equ	14268	;# 
   317   0037BD                     RXM1SIDL        equ	14269	;# 
   318   0037BE                     RXM1EIDH        equ	14270	;# 
   319   0037BF                     RXM1EIDL        equ	14271	;# 
   320   0037C0                     TXB2CON         equ	14272	;# 
   321   0037C1                     TXB2SIDH        equ	14273	;# 
   322   0037C2                     TXB2SIDL        equ	14274	;# 
   323   0037C3                     TXB2EIDH        equ	14275	;# 
   324   0037C4                     TXB2EIDL        equ	14276	;# 
   325   0037C5                     TXB2DLC         equ	14277	;# 
   326   0037C6                     TXB2D0          equ	14278	;# 
   327   0037C7                     TXB2D1          equ	14279	;# 
   328   0037C8                     TXB2D2          equ	14280	;# 
   329   0037C9                     TXB2D3          equ	14281	;# 
   330   0037CA                     TXB2D4          equ	14282	;# 
   331   0037CB                     TXB2D5          equ	14283	;# 
   332   0037CC                     TXB2D6          equ	14284	;# 
   333   0037CD                     TXB2D7          equ	14285	;# 
   334   0037CE                     CANSTAT_R03     equ	14286	;# 
   335   0037CF                     CANCON_R03      equ	14287	;# 
   336   0037D0                     TXB1CON         equ	14288	;# 
   337   0037D1                     TXB1SIDH        equ	14289	;# 
   338   0037D2                     TXB1SIDL        equ	14290	;# 
   339   0037D3                     TXB1EIDH        equ	14291	;# 
   340   0037D4                     TXB1EIDL        equ	14292	;# 
   341   0037D5                     TXB1DLC         equ	14293	;# 
   342   0037D6                     TXB1D0          equ	14294	;# 
   343   0037D7                     TXB1D1          equ	14295	;# 
   344   0037D8                     TXB1D2          equ	14296	;# 
   345   0037D9                     TXB1D3          equ	14297	;# 
   346   0037DA                     TXB1D4          equ	14298	;# 
   347   0037DB                     TXB1D5          equ	14299	;# 
   348   0037DC                     TXB1D6          equ	14300	;# 
   349   0037DD                     TXB1D7          equ	14301	;# 
   350   0037DE                     CANSTAT_RO2     equ	14302	;# 
   351   0037DF                     CANCON_RO2      equ	14303	;# 
   352   0037E0                     TXB0CON         equ	14304	;# 
   353   0037E1                     TXB0SIDH        equ	14305	;# 
   354   0037E2                     TXB0SIDL        equ	14306	;# 
   355   0037E3                     TXB0EIDH        equ	14307	;# 
   356   0037E4                     TXB0EIDL        equ	14308	;# 
   357   0037E5                     TXB0DLC         equ	14309	;# 
   358   0037E6                     TXB0D0          equ	14310	;# 
   359   0037E7                     TXB0D1          equ	14311	;# 
   360   0037E8                     TXB0D2          equ	14312	;# 
   361   0037E9                     TXB0D3          equ	14313	;# 
   362   0037EA                     TXB0D4          equ	14314	;# 
   363   0037EB                     TXB0D5          equ	14315	;# 
   364   0037EC                     TXB0D6          equ	14316	;# 
   365   0037ED                     TXB0D7          equ	14317	;# 
   366   0037EE                     CANSTAT_RO1     equ	14318	;# 
   367   0037EF                     CANCON_RO1      equ	14319	;# 
   368   0037F0                     RXB1CON         equ	14320	;# 
   369   0037F1                     RXB1SIDH        equ	14321	;# 
   370   0037F2                     RXB1SIDL        equ	14322	;# 
   371   0037F3                     RXB1EIDH        equ	14323	;# 
   372   0037F4                     RXB1EIDL        equ	14324	;# 
   373   0037F5                     RXB1DLC         equ	14325	;# 
   374   0037F6                     RXB1D0          equ	14326	;# 
   375   0037F7                     RXB1D1          equ	14327	;# 
   376   0037F8                     RXB1D2          equ	14328	;# 
   377   0037F9                     RXB1D3          equ	14329	;# 
   378   0037FA                     RXB1D4          equ	14330	;# 
   379   0037FB                     RXB1D5          equ	14331	;# 
   380   0037FC                     RXB1D6          equ	14332	;# 
   381   0037FD                     RXB1D7          equ	14333	;# 
   382   0037FE                     CANSTAT_RO0     equ	14334	;# 
   383   0037FF                     CANCON_RO0      equ	14335	;# 
   384   003880                     STATUS_CSHAD    equ	14464	;# 
   385   003881                     WREG_CSHAD      equ	14465	;# 
   386   003882                     BSR_CSHAD       equ	14466	;# 
   387   003883                     SHADCON         equ	14467	;# 
   388   003884                     STATUS_SHAD     equ	14468	;# 
   389   003885                     WREG_SHAD       equ	14469	;# 
   390   003886                     BSR_SHAD        equ	14470	;# 
   391   003887                     PCLATH_SHAD     equ	14471	;# 
   392   003888                     PCLATU_SHAD     equ	14472	;# 
   393   003889                     FSR0SH          equ	14473	;# 
   394   003889                     FSR0L_SHAD      equ	14473	;# 
   395   00388A                     FSR0H_SHAD      equ	14474	;# 
   396   00388B                     FSR1SH          equ	14475	;# 
   397   00388B                     FSR1L_SHAD      equ	14475	;# 
   398   00388C                     FSR1H_SHAD      equ	14476	;# 
   399   00388D                     FSR2SH          equ	14477	;# 
   400   00388D                     FSR2L_SHAD      equ	14477	;# 
   401   00388E                     FSR2H_SHAD      equ	14478	;# 
   402   00388F                     PRODSH          equ	14479	;# 
   403   00388F                     PRODL_SHAD      equ	14479	;# 
   404   003890                     PRODH_SHAD      equ	14480	;# 
   405   00389D                     IVTADL          equ	14493	;# 
   406   00389E                     IVTADH          equ	14494	;# 
   407   00389F                     IVTADU          equ	14495	;# 
   408   00395B                     WDTCON0         equ	14683	;# 
   409   00395C                     WDTCON1         equ	14684	;# 
   410   00395D                     WDTPSL          equ	14685	;# 
   411   00395E                     WDTPSH          equ	14686	;# 
   412   00395F                     WDTTMR          equ	14687	;# 
   413   003960                     CRCDATA         equ	14688	;# 
   414   003960                     CRCDATL         equ	14688	;# 
   415   003961                     CRCDATH         equ	14689	;# 
   416   003962                     CRCACC          equ	14690	;# 
   417   003962                     CRCACCL         equ	14690	;# 
   418   003963                     CRCACCH         equ	14691	;# 
   419   003964                     CRCSHFT         equ	14692	;# 
   420   003964                     CRCSHIFTL       equ	14692	;# 
   421   003965                     CRCSHIFTH       equ	14693	;# 
   422   003966                     CRCXOR          equ	14694	;# 
   423   003966                     CRCXORL         equ	14694	;# 
   424   003967                     CRCXORH         equ	14695	;# 
   425   003968                     CRCCON0         equ	14696	;# 
   426   003969                     CRCCON1         equ	14697	;# 
   427   003976                     SCANLADR        equ	14710	;# 
   428   003976                     SCANLADRL       equ	14710	;# 
   429   003977                     SCANLADRH       equ	14711	;# 
   430   003978                     SCANLADRU       equ	14712	;# 
   431   003979                     SCANHADR        equ	14713	;# 
   432   003979                     SCANHADRL       equ	14713	;# 
   433   00397A                     SCANHADRH       equ	14714	;# 
   434   00397B                     SCANHADRU       equ	14715	;# 
   435   00397C                     SCANCON0        equ	14716	;# 
   436   00397D                     SCANTRIG        equ	14717	;# 
   437   003980                     IPR0            equ	14720	;# 
   438   003981                     IPR1            equ	14721	;# 
   439   003982                     IPR2            equ	14722	;# 
   440   003983                     IPR3            equ	14723	;# 
   441   003984                     IPR4            equ	14724	;# 
   442   003985                     IPR5            equ	14725	;# 
   443   003986                     IPR6            equ	14726	;# 
   444   003987                     IPR7            equ	14727	;# 
   445   003988                     IPR8            equ	14728	;# 
   446   003989                     IPR9            equ	14729	;# 
   447   003990                     PIE0            equ	14736	;# 
   448   003991                     PIE1            equ	14737	;# 
   449   003992                     PIE2            equ	14738	;# 
   450   003993                     PIE3            equ	14739	;# 
   451   003994                     PIE4            equ	14740	;# 
   452   003995                     PIE5            equ	14741	;# 
   453   003996                     PIE6            equ	14742	;# 
   454   003997                     PIE7            equ	14743	;# 
   455   003998                     PIE8            equ	14744	;# 
   456   003999                     PIE9            equ	14745	;# 
   457   0039A0                     PIR0            equ	14752	;# 
   458   0039A1                     PIR1            equ	14753	;# 
   459   0039A2                     PIR2            equ	14754	;# 
   460   0039A3                     PIR3            equ	14755	;# 
   461   0039A4                     PIR4            equ	14756	;# 
   462   0039A5                     PIR5            equ	14757	;# 
   463   0039A6                     PIR6            equ	14758	;# 
   464   0039A7                     PIR7            equ	14759	;# 
   465   0039A8                     PIR8            equ	14760	;# 
   466   0039A9                     PIR9            equ	14761	;# 
   467   0039C0                     PMD0            equ	14784	;# 
   468   0039C1                     PMD1            equ	14785	;# 
   469   0039C2                     PMD2            equ	14786	;# 
   470   0039C3                     PMD3            equ	14787	;# 
   471   0039C4                     PMD4            equ	14788	;# 
   472   0039C5                     PMD5            equ	14789	;# 
   473   0039C6                     PMD6            equ	14790	;# 
   474   0039C7                     PMD7            equ	14791	;# 
   475   0039D0                     BORCON          equ	14800	;# 
   476   0039D1                     VREGCON         equ	14801	;# 
   477   0039D8                     CPUDOZE         equ	14808	;# 
   478   0039D9                     OSCCON1         equ	14809	;# 
   479   0039DA                     OSCCON2         equ	14810	;# 
   480   0039DB                     OSCCON3         equ	14811	;# 
   481   0039DC                     OSCSTAT         equ	14812	;# 
   482   0039DC                     OSCSTAT1        equ	14812	;# 
   483   0039DD                     OSCEN           equ	14813	;# 
   484   0039DE                     OSCTUNE         equ	14814	;# 
   485   0039DF                     OSCFRQ          equ	14815	;# 
   486   0039E0                     NVMADRL         equ	14816	;# 
   487   0039E1                     NVMADRH         equ	14817	;# 
   488   0039E3                     NVMDAT          equ	14819	;# 
   489   0039E5                     NVMCON1         equ	14821	;# 
   490   0039E6                     NVMCON2         equ	14822	;# 
   491   0039EF                     PRLOCK          equ	14831	;# 
   492   0039F1                     ISRPR           equ	14833	;# 
   493   0039F2                     MAINPR          equ	14834	;# 
   494   0039F3                     DMA1PR          equ	14835	;# 
   495   0039F4                     DMA2PR          equ	14836	;# 
   496   0039F7                     SCANPR          equ	14839	;# 
   497   003A00                     RA0PPS          equ	14848	;# 
   498   003A01                     RA1PPS          equ	14849	;# 
   499   003A02                     RA2PPS          equ	14850	;# 
   500   003A03                     RA3PPS          equ	14851	;# 
   501   003A04                     RA4PPS          equ	14852	;# 
   502   003A05                     RA5PPS          equ	14853	;# 
   503   003A06                     RA6PPS          equ	14854	;# 
   504   003A07                     RA7PPS          equ	14855	;# 
   505   003A08                     RB0PPS          equ	14856	;# 
   506   003A09                     RB1PPS          equ	14857	;# 
   507   003A0A                     RB2PPS          equ	14858	;# 
   508   003A0B                     RB3PPS          equ	14859	;# 
   509   003A0C                     RB4PPS          equ	14860	;# 
   510   003A0D                     RB5PPS          equ	14861	;# 
   511   003A0E                     RB6PPS          equ	14862	;# 
   512   003A0F                     RB7PPS          equ	14863	;# 
   513   003A10                     RC0PPS          equ	14864	;# 
   514   003A11                     RC1PPS          equ	14865	;# 
   515   003A12                     RC2PPS          equ	14866	;# 
   516   003A13                     RC3PPS          equ	14867	;# 
   517   003A14                     RC4PPS          equ	14868	;# 
   518   003A15                     RC5PPS          equ	14869	;# 
   519   003A16                     RC6PPS          equ	14870	;# 
   520   003A17                     RC7PPS          equ	14871	;# 
   521   003A40                     ANSELA          equ	14912	;# 
   522   003A41                     WPUA            equ	14913	;# 
   523   003A42                     ODCONA          equ	14914	;# 
   524   003A43                     SLRCONA         equ	14915	;# 
   525   003A44                     INLVLA          equ	14916	;# 
   526   003A45                     IOCAP           equ	14917	;# 
   527   003A46                     IOCAN           equ	14918	;# 
   528   003A47                     IOCAF           equ	14919	;# 
   529   003A50                     ANSELB          equ	14928	;# 
   530   003A51                     WPUB            equ	14929	;# 
   531   003A52                     ODCONB          equ	14930	;# 
   532   003A53                     SLRCONB         equ	14931	;# 
   533   003A54                     INLVLB          equ	14932	;# 
   534   003A55                     IOCBP           equ	14933	;# 
   535   003A56                     IOCBN           equ	14934	;# 
   536   003A57                     IOCBF           equ	14935	;# 
   537   003A5A                     RB1I2C          equ	14938	;# 
   538   003A5B                     RB2I2C          equ	14939	;# 
   539   003A60                     ANSELC          equ	14944	;# 
   540   003A61                     WPUC            equ	14945	;# 
   541   003A62                     ODCONC          equ	14946	;# 
   542   003A63                     SLRCONC         equ	14947	;# 
   543   003A64                     INLVLC          equ	14948	;# 
   544   003A65                     IOCCP           equ	14949	;# 
   545   003A66                     IOCCN           equ	14950	;# 
   546   003A67                     IOCCF           equ	14951	;# 
   547   003A6A                     RC3I2C          equ	14954	;# 
   548   003A6B                     RC4I2C          equ	14955	;# 
   549   003A81                     WPUE            equ	14977	;# 
   550   003A84                     INLVLE          equ	14980	;# 
   551   003A85                     IOCEP           equ	14981	;# 
   552   003A86                     IOCEN           equ	14982	;# 
   553   003A87                     IOCEF           equ	14983	;# 
   554   003ABF                     PPSLOCK         equ	15039	;# 
   555   003AC0                     INT0PPS         equ	15040	;# 
   556   003AC1                     INT1PPS         equ	15041	;# 
   557   003AC2                     INT2PPS         equ	15042	;# 
   558   003AC3                     T0CKIPPS        equ	15043	;# 
   559   003AC4                     T1CKIPPS        equ	15044	;# 
   560   003AC5                     T1GPPS          equ	15045	;# 
   561   003AC6                     T3CKIPPS        equ	15046	;# 
   562   003AC7                     T3GPPS          equ	15047	;# 
   563   003AC8                     T5CKIPPS        equ	15048	;# 
   564   003AC9                     T5GPPS          equ	15049	;# 
   565   003ACA                     T2INPPS         equ	15050	;# 
   566   003ACB                     T4INPPS         equ	15051	;# 
   567   003ACC                     T6INPPS         equ	15052	;# 
   568   003ACD                     CCP1PPS         equ	15053	;# 
   569   003ACE                     CCP2PPS         equ	15054	;# 
   570   003ACF                     CCP3PPS         equ	15055	;# 
   571   003AD0                     CCP4PPS         equ	15056	;# 
   572   003AD1                     SMT1WINPPS      equ	15057	;# 
   573   003AD2                     SMT1SIGPPS      equ	15058	;# 
   574   003AD3                     SMT2WINPPS      equ	15059	;# 
   575   003AD4                     SMT2SIGPPS      equ	15060	;# 
   576   003AD5                     CWG1INPPS       equ	15061	;# 
   577   003AD6                     CWG2INPPS       equ	15062	;# 
   578   003AD7                     CWG3INPPS       equ	15063	;# 
   579   003AD8                     MD1CARLPPS      equ	15064	;# 
   580   003AD9                     MD1CARHPPS      equ	15065	;# 
   581   003ADA                     MD1SRCPPS       equ	15066	;# 
   582   003ADB                     CLCIN0PPS       equ	15067	;# 
   583   003ADC                     CLCIN1PPS       equ	15068	;# 
   584   003ADD                     CLCIN2PPS       equ	15069	;# 
   585   003ADE                     CLCIN3PPS       equ	15070	;# 
   586   003ADF                     ADACTPPS        equ	15071	;# 
   587   003AE0                     SPI1SCKPPS      equ	15072	;# 
   588   003AE1                     SPI1SDIPPS      equ	15073	;# 
   589   003AE2                     SPI1SSPPS       equ	15074	;# 
   590   003AE3                     I2C1SCLPPS      equ	15075	;# 
   591   003AE4                     I2C1SDAPPS      equ	15076	;# 
   592   003AE5                     I2C2SCLPPS      equ	15077	;# 
   593   003AE6                     I2C2SDAPPS      equ	15078	;# 
   594   003AE7                     U1RXPPS         equ	15079	;# 
   595   003AE8                     U1CTSPPS        equ	15080	;# 
   596   003AEA                     U2RXPPS         equ	15082	;# 
   597   003AEB                     U2CTSPPS        equ	15083	;# 
   598   003AED                     CANRXPPS        equ	15085	;# 
   599   003BC9                     DMA2BUF         equ	15305	;# 
   600   003BCA                     DMA2DCNT        equ	15306	;# 
   601   003BCA                     DMA2DCNTL       equ	15306	;# 
   602   003BCB                     DMA2DCNTH       equ	15307	;# 
   603   003BCC                     DMA2DPTR        equ	15308	;# 
   604   003BCC                     DMA2DPTRL       equ	15308	;# 
   605   003BCD                     DMA2DPTRH       equ	15309	;# 
   606   003BCE                     DMA2DSZ         equ	15310	;# 
   607   003BCE                     DMA2DSZL        equ	15310	;# 
   608   003BCF                     DMA2DSZH        equ	15311	;# 
   609   003BD0                     DMA2DSA         equ	15312	;# 
   610   003BD0                     DMA2DSAL        equ	15312	;# 
   611   003BD1                     DMA2DSAH        equ	15313	;# 
   612   003BD2                     DMA2SCNT        equ	15314	;# 
   613   003BD2                     DMA2SCNTL       equ	15314	;# 
   614   003BD3                     DMA2SCNTH       equ	15315	;# 
   615   003BD4                     DMA2SPTR        equ	15316	;# 
   616   003BD4                     DMA2SPTRL       equ	15316	;# 
   617   003BD5                     DMA2SPTRH       equ	15317	;# 
   618   003BD6                     DMA2SPTRU       equ	15318	;# 
   619   003BD7                     DMA2SSZ         equ	15319	;# 
   620   003BD7                     DMA2SSZL        equ	15319	;# 
   621   003BD8                     DMA2SSZH        equ	15320	;# 
   622   003BD9                     DMA2SSA         equ	15321	;# 
   623   003BD9                     DMA2SSAL        equ	15321	;# 
   624   003BDA                     DMA2SSAH        equ	15322	;# 
   625   003BDB                     DMA2SSAU        equ	15323	;# 
   626   003BDC                     DMA2CON0        equ	15324	;# 
   627   003BDD                     DMA2CON1        equ	15325	;# 
   628   003BDE                     DMA2AIRQ        equ	15326	;# 
   629   003BDF                     DMA2SIRQ        equ	15327	;# 
   630   003BE9                     DMA1BUF         equ	15337	;# 
   631   003BEA                     DMA1DCNT        equ	15338	;# 
   632   003BEA                     DMA1DCNTL       equ	15338	;# 
   633   003BEB                     DMA1DCNTH       equ	15339	;# 
   634   003BEC                     DMA1DPTR        equ	15340	;# 
   635   003BEC                     DMA1DPTRL       equ	15340	;# 
   636   003BED                     DMA1DPTRH       equ	15341	;# 
   637   003BEE                     DMA1DSZ         equ	15342	;# 
   638   003BEE                     DMA1DSZL        equ	15342	;# 
   639   003BEF                     DMA1DSZH        equ	15343	;# 
   640   003BF0                     DMA1DSA         equ	15344	;# 
   641   003BF0                     DMA1DSAL        equ	15344	;# 
   642   003BF1                     DMA1DSAH        equ	15345	;# 
   643   003BF2                     DMA1SCNT        equ	15346	;# 
   644   003BF2                     DMA1SCNTL       equ	15346	;# 
   645   003BF3                     DMA1SCNTH       equ	15347	;# 
   646   003BF4                     DMA1SPTR        equ	15348	;# 
   647   003BF4                     DMA1SPTRL       equ	15348	;# 
   648   003BF5                     DMA1SPTRH       equ	15349	;# 
   649   003BF6                     DMA1SPTRU       equ	15350	;# 
   650   003BF7                     DMA1SSZ         equ	15351	;# 
   651   003BF7                     DMA1SSZL        equ	15351	;# 
   652   003BF8                     DMA1SSZH        equ	15352	;# 
   653   003BF9                     DMA1SSA         equ	15353	;# 
   654   003BF9                     DMA1SSAL        equ	15353	;# 
   655   003BFA                     DMA1SSAH        equ	15354	;# 
   656   003BFB                     DMA1SSAU        equ	15355	;# 
   657   003BFC                     DMA1CON0        equ	15356	;# 
   658   003BFD                     DMA1CON1        equ	15357	;# 
   659   003BFE                     DMA1AIRQ        equ	15358	;# 
   660   003BFF                     DMA1SIRQ        equ	15359	;# 
   661   003C56                     CLC4CON         equ	15446	;# 
   662   003C57                     CLC4POL         equ	15447	;# 
   663   003C58                     CLC4SEL0        equ	15448	;# 
   664   003C59                     CLC4SEL1        equ	15449	;# 
   665   003C5A                     CLC4SEL2        equ	15450	;# 
   666   003C5B                     CLC4SEL3        equ	15451	;# 
   667   003C5C                     CLC4GLS0        equ	15452	;# 
   668   003C5D                     CLC4GLS1        equ	15453	;# 
   669   003C5E                     CLC4GLS2        equ	15454	;# 
   670   003C5F                     CLC4GLS3        equ	15455	;# 
   671   003C60                     CLC3CON         equ	15456	;# 
   672   003C61                     CLC3POL         equ	15457	;# 
   673   003C62                     CLC3SEL0        equ	15458	;# 
   674   003C63                     CLC3SEL1        equ	15459	;# 
   675   003C64                     CLC3SEL2        equ	15460	;# 
   676   003C65                     CLC3SEL3        equ	15461	;# 
   677   003C66                     CLC3GLS0        equ	15462	;# 
   678   003C67                     CLC3GLS1        equ	15463	;# 
   679   003C68                     CLC3GLS2        equ	15464	;# 
   680   003C69                     CLC3GLS3        equ	15465	;# 
   681   003C6A                     CLC2CON         equ	15466	;# 
   682   003C6B                     CLC2POL         equ	15467	;# 
   683   003C6C                     CLC2SEL0        equ	15468	;# 
   684   003C6D                     CLC2SEL1        equ	15469	;# 
   685   003C6E                     CLC2SEL2        equ	15470	;# 
   686   003C6F                     CLC2SEL3        equ	15471	;# 
   687   003C70                     CLC2GLS0        equ	15472	;# 
   688   003C71                     CLC2GLS1        equ	15473	;# 
   689   003C72                     CLC2GLS2        equ	15474	;# 
   690   003C73                     CLC2GLS3        equ	15475	;# 
   691   003C74                     CLC1CON         equ	15476	;# 
   692   003C75                     CLC1POL         equ	15477	;# 
   693   003C76                     CLC1SEL0        equ	15478	;# 
   694   003C77                     CLC1SEL1        equ	15479	;# 
   695   003C78                     CLC1SEL2        equ	15480	;# 
   696   003C79                     CLC1SEL3        equ	15481	;# 
   697   003C7A                     CLC1GLS0        equ	15482	;# 
   698   003C7B                     CLC1GLS1        equ	15483	;# 
   699   003C7C                     CLC1GLS2        equ	15484	;# 
   700   003C7D                     CLC1GLS3        equ	15485	;# 
   701   003C7E                     CLCDATA0        equ	15486	;# 
   702   003CE5                     CLKRCON         equ	15589	;# 
   703   003CE6                     CLKRCLK         equ	15590	;# 
   704   003CFA                     MD1CON0         equ	15610	;# 
   705   003CFB                     MD1CON1         equ	15611	;# 
   706   003CFC                     MD1SRC          equ	15612	;# 
   707   003CFD                     MD1CARL         equ	15613	;# 
   708   003CFE                     MD1CARH         equ	15614	;# 
   709   003D10                     SPI1RXB         equ	15632	;# 
   710   003D11                     SPI1TXB         equ	15633	;# 
   711   003D12                     SPI1TCNT        equ	15634	;# 
   712   003D12                     SPI1TCNTL       equ	15634	;# 
   713   003D13                     SPI1TCNTH       equ	15635	;# 
   714   003D14                     SPI1CON0        equ	15636	;# 
   715   003D15                     SPI1CON1        equ	15637	;# 
   716   003D16                     SPI1CON2        equ	15638	;# 
   717   003D17                     SPI1STATUS      equ	15639	;# 
   718   003D18                     SPI1TWIDTH      equ	15640	;# 
   719   003D19                     SPI1BAUD        equ	15641	;# 
   720   003D1A                     SPI1INTF        equ	15642	;# 
   721   003D1B                     SPI1INTE        equ	15643	;# 
   722   003D1C                     SPI1CLK         equ	15644	;# 
   723   003D54                     I2C2RXB         equ	15700	;# 
   724   003D55                     I2C2TXB         equ	15701	;# 
   725   003D56                     I2C2CNT         equ	15702	;# 
   726   003D57                     I2C2ADB0        equ	15703	;# 
   727   003D58                     I2C2ADB1        equ	15704	;# 
   728   003D59                     I2C2ADR0        equ	15705	;# 
   729   003D5A                     I2C2ADR1        equ	15706	;# 
   730   003D5B                     I2C2ADR2        equ	15707	;# 
   731   003D5C                     I2C2ADR3        equ	15708	;# 
   732   003D5D                     I2C2CON0        equ	15709	;# 
   733   003D5E                     I2C2CON1        equ	15710	;# 
   734   003D5F                     I2C2CON2        equ	15711	;# 
   735   003D60                     I2C2ERR         equ	15712	;# 
   736   003D61                     I2C2STAT0       equ	15713	;# 
   737   003D62                     I2C2STAT1       equ	15714	;# 
   738   003D63                     I2C2PIR         equ	15715	;# 
   739   003D64                     I2C2PIE         equ	15716	;# 
   740   003D65                     I2C2CLK         equ	15717	;# 
   741   003D66                     I2C2BTO         equ	15718	;# 
   742   003D6A                     I2C1RXB         equ	15722	;# 
   743   003D6B                     I2C1TXB         equ	15723	;# 
   744   003D6C                     I2C1CNT         equ	15724	;# 
   745   003D6D                     I2C1ADB0        equ	15725	;# 
   746   003D6E                     I2C1ADB1        equ	15726	;# 
   747   003D6F                     I2C1ADR0        equ	15727	;# 
   748   003D70                     I2C1ADR1        equ	15728	;# 
   749   003D71                     I2C1ADR2        equ	15729	;# 
   750   003D72                     I2C1ADR3        equ	15730	;# 
   751   003D73                     I2C1CON0        equ	15731	;# 
   752   003D74                     I2C1CON1        equ	15732	;# 
   753   003D75                     I2C1CON2        equ	15733	;# 
   754   003D76                     I2C1ERR         equ	15734	;# 
   755   003D77                     I2C1STAT0       equ	15735	;# 
   756   003D78                     I2C1STAT1       equ	15736	;# 
   757   003D79                     I2C1PIR         equ	15737	;# 
   758   003D7A                     I2C1PIE         equ	15738	;# 
   759   003D7B                     I2C1CLK         equ	15739	;# 
   760   003D7C                     I2C1BTO         equ	15740	;# 
   761   003DD0                     U2RXB           equ	15824	;# 
   762   003DD0                     U2RXBL          equ	15824	;# 
   763   003DD1                     U2RXCHK         equ	15825	;# 
   764   003DD2                     U2TXB           equ	15826	;# 
   765   003DD2                     U2TXBL          equ	15826	;# 
   766   003DD3                     U2TXCHK         equ	15827	;# 
   767   003DD4                     U2P1            equ	15828	;# 
   768   003DD4                     U2P1L           equ	15828	;# 
   769   003DD5                     U2P1H           equ	15829	;# 
   770   003DD6                     U2P2            equ	15830	;# 
   771   003DD6                     U2P2L           equ	15830	;# 
   772   003DD7                     U2P2H           equ	15831	;# 
   773   003DD8                     U2P3            equ	15832	;# 
   774   003DD8                     U2P3L           equ	15832	;# 
   775   003DD9                     U2P3H           equ	15833	;# 
   776   003DDA                     U2CON0          equ	15834	;# 
   777   003DDB                     U2CON1          equ	15835	;# 
   778   003DDC                     U2CON2          equ	15836	;# 
   779   003DDD                     U2BRG           equ	15837	;# 
   780   003DDD                     U2BRGL          equ	15837	;# 
   781   003DDE                     U2BRGH          equ	15838	;# 
   782   003DDF                     U2FIFO          equ	15839	;# 
   783   003DE0                     U2UIR           equ	15840	;# 
   784   003DE1                     U2ERRIR         equ	15841	;# 
   785   003DE2                     U2ERRIE         equ	15842	;# 
   786   003DE8                     U1RXB           equ	15848	;# 
   787   003DE8                     U1RXBL          equ	15848	;# 
   788   003DE9                     U1RXCHK         equ	15849	;# 
   789   003DEA                     U1TXB           equ	15850	;# 
   790   003DEA                     U1TXBL          equ	15850	;# 
   791   003DEB                     U1TXCHK         equ	15851	;# 
   792   003DEC                     U1P1            equ	15852	;# 
   793   003DEC                     U1P1L           equ	15852	;# 
   794   003DED                     U1P1H           equ	15853	;# 
   795   003DEE                     U1P2            equ	15854	;# 
   796   003DEE                     U1P2L           equ	15854	;# 
   797   003DEF                     U1P2H           equ	15855	;# 
   798   003DF0                     U1P3            equ	15856	;# 
   799   003DF0                     U1P3L           equ	15856	;# 
   800   003DF1                     U1P3H           equ	15857	;# 
   801   003DF2                     U1CON0          equ	15858	;# 
   802   003DF3                     U1CON1          equ	15859	;# 
   803   003DF4                     U1CON2          equ	15860	;# 
   804   003DF5                     U1BRG           equ	15861	;# 
   805   003DF5                     U1BRGL          equ	15861	;# 
   806   003DF6                     U1BRGH          equ	15862	;# 
   807   003DF7                     U1FIFO          equ	15863	;# 
   808   003DF8                     U1UIR           equ	15864	;# 
   809   003DF9                     U1ERRIR         equ	15865	;# 
   810   003DFA                     U1ERRIE         equ	15866	;# 
   811   003E9C                     DAC1CON1        equ	16028	;# 
   812   003E9E                     DAC1CON0        equ	16030	;# 
   813   003EB8                     CM2CON0         equ	16056	;# 
   814   003EB9                     CM2CON1         equ	16057	;# 
   815   003EBA                     CM2NCH          equ	16058	;# 
   816   003EBB                     CM2PCH          equ	16059	;# 
   817   003EBC                     CM1CON0         equ	16060	;# 
   818   003EBD                     CM1CON1         equ	16061	;# 
   819   003EBE                     CM1NCH          equ	16062	;# 
   820   003EBF                     CM1PCH          equ	16063	;# 
   821   003EC0                     CMOUT           equ	16064	;# 
   822   003EC1                     FVRCON          equ	16065	;# 
   823   003EC3                     ZCDCON          equ	16067	;# 
   824   003EC9                     HLVDCON0        equ	16073	;# 
   825   003ECA                     HLVDCON1        equ	16074	;# 
   826   003ED7                     ADCP            equ	16087	;# 
   827   003EDE                     ADLTH           equ	16094	;# 
   828   003EDE                     ADLTHL          equ	16094	;# 
   829   003EDF                     ADLTHH          equ	16095	;# 
   830   003EE0                     ADUTH           equ	16096	;# 
   831   003EE0                     ADUTHL          equ	16096	;# 
   832   003EE1                     ADUTHH          equ	16097	;# 
   833   003EE2                     ADERR           equ	16098	;# 
   834   003EE2                     ADERRL          equ	16098	;# 
   835   003EE3                     ADERRH          equ	16099	;# 
   836   003EE4                     ADSTPT          equ	16100	;# 
   837   003EE4                     ADSTPTL         equ	16100	;# 
   838   003EE5                     ADSTPTH         equ	16101	;# 
   839   003EE6                     ADFLTR          equ	16102	;# 
   840   003EE6                     ADFLTRL         equ	16102	;# 
   841   003EE7                     ADFLTRH         equ	16103	;# 
   842   003EE8                     ADACC           equ	16104	;# 
   843   003EE8                     ADACCL          equ	16104	;# 
   844   003EE9                     ADACCH          equ	16105	;# 
   845   003EEA                     ADACCU          equ	16106	;# 
   846   003EEB                     ADCNT           equ	16107	;# 
   847   003EEC                     ADRPT           equ	16108	;# 
   848   003EED                     ADPREV          equ	16109	;# 
   849   003EED                     ADPREVL         equ	16109	;# 
   850   003EEE                     ADPREVH         equ	16110	;# 
   851   003EEF                     ADRES           equ	16111	;# 
   852   003EEF                     ADRESL          equ	16111	;# 
   853   003EF0                     ADRESH          equ	16112	;# 
   854   003EF1                     ADPCH           equ	16113	;# 
   855   003EF3                     ADACQ           equ	16115	;# 
   856   003EF3                     ADACQL          equ	16115	;# 
   857   003EF4                     ADACQH          equ	16116	;# 
   858   003EF5                     ADCAP           equ	16117	;# 
   859   003EF6                     ADPRE           equ	16118	;# 
   860   003EF6                     ADPREL          equ	16118	;# 
   861   003EF7                     ADPREH          equ	16119	;# 
   862   003EF8                     ADCON0          equ	16120	;# 
   863   003EF9                     ADCON1          equ	16121	;# 
   864   003EFA                     ADCON2          equ	16122	;# 
   865   003EFB                     ADCON3          equ	16123	;# 
   866   003EFC                     ADSTAT          equ	16124	;# 
   867   003EFD                     ADREF           equ	16125	;# 
   868   003EFE                     ADACT           equ	16126	;# 
   869   003EFF                     ADCLK           equ	16127	;# 
   870   003F00                     SMT2TMR         equ	16128	;# 
   871   003F00                     SMT2TMRL        equ	16128	;# 
   872   003F01                     SMT2TMRH        equ	16129	;# 
   873   003F02                     SMT2TMRU        equ	16130	;# 
   874   003F03                     SMT2CPR         equ	16131	;# 
   875   003F03                     SMT2CPRL        equ	16131	;# 
   876   003F04                     SMT2CPRH        equ	16132	;# 
   877   003F05                     SMT2CPRU        equ	16133	;# 
   878   003F06                     SMT2CPW         equ	16134	;# 
   879   003F06                     SMT2CPWL        equ	16134	;# 
   880   003F07                     SMT2CPWH        equ	16135	;# 
   881   003F08                     SMT2CPWU        equ	16136	;# 
   882   003F09                     SMT2PR          equ	16137	;# 
   883   003F09                     SMT2PRL         equ	16137	;# 
   884   003F0A                     SMT2PRH         equ	16138	;# 
   885   003F0B                     SMT2PRU         equ	16139	;# 
   886   003F0C                     SMT2CON0        equ	16140	;# 
   887   003F0D                     SMT2CON1        equ	16141	;# 
   888   003F0E                     SMT2STAT        equ	16142	;# 
   889   003F0F                     SMT2CLK         equ	16143	;# 
   890   003F10                     SMT2SIG         equ	16144	;# 
   891   003F11                     SMT2WIN         equ	16145	;# 
   892   003F12                     SMT1TMR         equ	16146	;# 
   893   003F12                     SMT1TMRL        equ	16146	;# 
   894   003F13                     SMT1TMRH        equ	16147	;# 
   895   003F14                     SMT1TMRU        equ	16148	;# 
   896   003F15                     SMT1CPR         equ	16149	;# 
   897   003F15                     SMT1CPRL        equ	16149	;# 
   898   003F16                     SMT1CPRH        equ	16150	;# 
   899   003F17                     SMT1CPRU        equ	16151	;# 
   900   003F18                     SMT1CPW         equ	16152	;# 
   901   003F18                     SMT1CPWL        equ	16152	;# 
   902   003F19                     SMT1CPWH        equ	16153	;# 
   903   003F1A                     SMT1CPWU        equ	16154	;# 
   904   003F1B                     SMT1PR          equ	16155	;# 
   905   003F1B                     SMT1PRL         equ	16155	;# 
   906   003F1C                     SMT1PRH         equ	16156	;# 
   907   003F1D                     SMT1PRU         equ	16157	;# 
   908   003F1E                     SMT1CON0        equ	16158	;# 
   909   003F1F                     SMT1CON1        equ	16159	;# 
   910   003F20                     SMT1STAT        equ	16160	;# 
   911   003F21                     SMT1CLK         equ	16161	;# 
   912   003F22                     SMT1SIG         equ	16162	;# 
   913   003F23                     SMT1WIN         equ	16163	;# 
   914   003F38                     NCO1ACC         equ	16184	;# 
   915   003F38                     NCO1ACCL        equ	16184	;# 
   916   003F39                     NCO1ACCH        equ	16185	;# 
   917   003F3A                     NCO1ACCU        equ	16186	;# 
   918   003F3B                     NCO1INC         equ	16187	;# 
   919   003F3B                     NCO1INCL        equ	16187	;# 
   920   003F3C                     NCO1INCH        equ	16188	;# 
   921   003F3D                     NCO1INCU        equ	16189	;# 
   922   003F3E                     NCO1CON         equ	16190	;# 
   923   003F3F                     NCO1CLK         equ	16191	;# 
   924   003F40                     CWG3CLK         equ	16192	;# 
   925   003F40                     CWG3CLKCON      equ	16192	;# 
   926   003F41                     CWG3ISM         equ	16193	;# 
   927   003F42                     CWG3DBR         equ	16194	;# 
   928   003F43                     CWG3DBF         equ	16195	;# 
   929   003F44                     CWG3CON0        equ	16196	;# 
   930   003F45                     CWG3CON1        equ	16197	;# 
   931   003F46                     CWG3AS0         equ	16198	;# 
   932   003F47                     CWG3AS1         equ	16199	;# 
   933   003F48                     CWG3STR         equ	16200	;# 
   934   003F49                     CWG2CLK         equ	16201	;# 
   935   003F49                     CWG2CLKCON      equ	16201	;# 
   936   003F4A                     CWG2ISM         equ	16202	;# 
   937   003F4B                     CWG2DBR         equ	16203	;# 
   938   003F4C                     CWG2DBF         equ	16204	;# 
   939   003F4D                     CWG2CON0        equ	16205	;# 
   940   003F4E                     CWG2CON1        equ	16206	;# 
   941   003F4F                     CWG2AS0         equ	16207	;# 
   942   003F50                     CWG2AS1         equ	16208	;# 
   943   003F51                     CWG2STR         equ	16209	;# 
   944   003F52                     CWG1CLK         equ	16210	;# 
   945   003F52                     CWG1CLKCON      equ	16210	;# 
   946   003F53                     CWG1ISM         equ	16211	;# 
   947   003F54                     CWG1DBR         equ	16212	;# 
   948   003F55                     CWG1DBF         equ	16213	;# 
   949   003F56                     CWG1CON0        equ	16214	;# 
   950   003F57                     CWG1CON1        equ	16215	;# 
   951   003F58                     CWG1AS0         equ	16216	;# 
   952   003F59                     CWG1AS1         equ	16217	;# 
   953   003F5A                     CWG1STR         equ	16218	;# 
   954   003F5E                     CCPTMRS0        equ	16222	;# 
   955   003F5F                     CCPTMRS1        equ	16223	;# 
   956   003F60                     PWM8DC          equ	16224	;# 
   957   003F60                     PWM8DCL         equ	16224	;# 
   958   003F61                     PWM8DCH         equ	16225	;# 
   959   003F62                     PWM8CON         equ	16226	;# 
   960   003F64                     PWM7DC          equ	16228	;# 
   961   003F64                     PWM7DCL         equ	16228	;# 
   962   003F65                     PWM7DCH         equ	16229	;# 
   963   003F66                     PWM7CON         equ	16230	;# 
   964   003F68                     PWM6DC          equ	16232	;# 
   965   003F68                     PWM6DCL         equ	16232	;# 
   966   003F69                     PWM6DCH         equ	16233	;# 
   967   003F6A                     PWM6CON         equ	16234	;# 
   968   003F6C                     PWM5DC          equ	16236	;# 
   969   003F6C                     PWM5DCL         equ	16236	;# 
   970   003F6D                     PWM5DCH         equ	16237	;# 
   971   003F6E                     PWM5CON         equ	16238	;# 
   972   003F70                     CCPR4           equ	16240	;# 
   973   003F70                     CCPR4L          equ	16240	;# 
   974   003F71                     CCPR4H          equ	16241	;# 
   975   003F72                     CCP4CON         equ	16242	;# 
   976   003F73                     CCP4CAP         equ	16243	;# 
   977   003F74                     CCPR3           equ	16244	;# 
   978   003F74                     CCPR3L          equ	16244	;# 
   979   003F75                     CCPR3H          equ	16245	;# 
   980   003F76                     CCP3CON         equ	16246	;# 
   981   003F77                     CCP3CAP         equ	16247	;# 
   982   003F78                     CCPR2           equ	16248	;# 
   983   003F78                     CCPR2L          equ	16248	;# 
   984   003F79                     CCPR2H          equ	16249	;# 
   985   003F7A                     CCP2CON         equ	16250	;# 
   986   003F7B                     CCP2CAP         equ	16251	;# 
   987   003F7C                     CCPR1           equ	16252	;# 
   988   003F7C                     CCPR1L          equ	16252	;# 
   989   003F7D                     CCPR1H          equ	16253	;# 
   990   003F7E                     CCP1CON         equ	16254	;# 
   991   003F7F                     CCP1CAP         equ	16255	;# 
   992   003F80                     RXB0CON         equ	16256	;# 
   993   003F81                     RXB0SIDH        equ	16257	;# 
   994   003F82                     RXB0SIDL        equ	16258	;# 
   995   003F83                     RXB0EIDH        equ	16259	;# 
   996   003F84                     RXB0EIDL        equ	16260	;# 
   997   003F85                     RXB0DLC         equ	16261	;# 
   998   003F86                     RXB0D0          equ	16262	;# 
   999   003F87                     RXB0D1          equ	16263	;# 
  1000   003F88                     RXB0D2          equ	16264	;# 
  1001   003F89                     RXB0D3          equ	16265	;# 
  1002   003F8A                     RXB0D4          equ	16266	;# 
  1003   003F8B                     RXB0D5          equ	16267	;# 
  1004   003F8C                     RXB0D6          equ	16268	;# 
  1005   003F8D                     RXB0D7          equ	16269	;# 
  1006   003F8E                     CANSTAT         equ	16270	;# 
  1007   003F8F                     CANCON          equ	16271	;# 
  1008   003F90                     COMSTAT         equ	16272	;# 
  1009   003F91                     ECANCON         equ	16273	;# 
  1010   003F92                     T6TMR           equ	16274	;# 
  1011   003F92                     TMR6            equ	16274	;# 
  1012   003F93                     T6PR            equ	16275	;# 
  1013   003F93                     PR6             equ	16275	;# 
  1014   003F94                     T6CON           equ	16276	;# 
  1015   003F95                     T6HLT           equ	16277	;# 
  1016   003F96                     T6CLKCON        equ	16278	;# 
  1017   003F96                     T6CLK           equ	16278	;# 
  1018   003F97                     T6RST           equ	16279	;# 
  1019   003F98                     TMR5L           equ	16280	;# 
  1020   003F99                     TMR5H           equ	16281	;# 
  1021   003F9A                     T5CON           equ	16282	;# 
  1022   003F9A                     TMR5CON         equ	16282	;# 
  1023   003F9B                     T5GCON          equ	16283	;# 
  1024   003F9B                     TMR5GCON        equ	16283	;# 
  1025   003F9C                     T5GATE          equ	16284	;# 
  1026   003F9C                     TMR5GATE        equ	16284	;# 
  1027   003F9D                     T5CLK           equ	16285	;# 
  1028   003F9D                     TMR5CLK         equ	16285	;# 
  1029   003F9E                     T4TMR           equ	16286	;# 
  1030   003F9E                     TMR4            equ	16286	;# 
  1031   003F9F                     T4PR            equ	16287	;# 
  1032   003F9F                     PR4             equ	16287	;# 
  1033   003FA0                     T4CON           equ	16288	;# 
  1034   003FA1                     T4HLT           equ	16289	;# 
  1035   003FA2                     T4CLKCON        equ	16290	;# 
  1036   003FA2                     T4CLK           equ	16290	;# 
  1037   003FA3                     T4RST           equ	16291	;# 
  1038   003FA4                     TMR3L           equ	16292	;# 
  1039   003FA5                     TMR3H           equ	16293	;# 
  1040   003FA6                     T3CON           equ	16294	;# 
  1041   003FA6                     TMR3CON         equ	16294	;# 
  1042   003FA7                     T3GCON          equ	16295	;# 
  1043   003FA7                     TMR3GCON        equ	16295	;# 
  1044   003FA8                     T3GATE          equ	16296	;# 
  1045   003FA8                     TMR3GATE        equ	16296	;# 
  1046   003FA9                     T3CLK           equ	16297	;# 
  1047   003FA9                     TMR3CLK         equ	16297	;# 
  1048   003FAA                     T2TMR           equ	16298	;# 
  1049   003FAA                     TMR2            equ	16298	;# 
  1050   003FAB                     T2PR            equ	16299	;# 
  1051   003FAB                     PR2             equ	16299	;# 
  1052   003FAC                     T2CON           equ	16300	;# 
  1053   003FAD                     T2HLT           equ	16301	;# 
  1054   003FAE                     T2CLKCON        equ	16302	;# 
  1055   003FAE                     T2CLK           equ	16302	;# 
  1056   003FAF                     T2RST           equ	16303	;# 
  1057   003FB0                     TMR1L           equ	16304	;# 
  1058   003FB1                     TMR1H           equ	16305	;# 
  1059   003FB2                     T1CON           equ	16306	;# 
  1060   003FB2                     TMR1CON         equ	16306	;# 
  1061   003FB3                     T1GCON          equ	16307	;# 
  1062   003FB3                     TMR1GCON        equ	16307	;# 
  1063   003FB4                     T1GATE          equ	16308	;# 
  1064   003FB4                     TMR1GATE        equ	16308	;# 
  1065   003FB5                     T1CLK           equ	16309	;# 
  1066   003FB5                     TMR1CLK         equ	16309	;# 
  1067   003FB6                     TMR0L           equ	16310	;# 
  1068   003FB6                     TMR0            equ	16310	;# 
  1069   003FB7                     TMR0H           equ	16311	;# 
  1070   003FB7                     PR0             equ	16311	;# 
  1071   003FB8                     T0CON0          equ	16312	;# 
  1072   003FB9                     T0CON1          equ	16313	;# 
  1073   003FBA                     LATA            equ	16314	;# 
  1074   003FBB                     LATB            equ	16315	;# 
  1075   003FBC                     LATC            equ	16316	;# 
  1076   003FC2                     TRISA           equ	16322	;# 
  1077   003FC3                     TRISB           equ	16323	;# 
  1078   003FC4                     TRISC           equ	16324	;# 
  1079   003FCA                     PORTA           equ	16330	;# 
  1080   003FCB                     PORTB           equ	16331	;# 
  1081   003FCC                     PORTC           equ	16332	;# 
  1082   003FCE                     PORTE           equ	16334	;# 
  1083   003FD2                     INTCON0         equ	16338	;# 
  1084   003FD3                     INTCON1         equ	16339	;# 
  1085   003FD4                     IVTLOCK         equ	16340	;# 
  1086   003FD5                     IVTBASE         equ	16341	;# 
  1087   003FD5                     IVTBASEL        equ	16341	;# 
  1088   003FD6                     IVTBASEH        equ	16342	;# 
  1089   003FD7                     IVTBASEU        equ	16343	;# 
  1090   003FD8                     STATUS          equ	16344	;# 
  1091   003FD9                     FSR2            equ	16345	;# 
  1092   003FD9                     FSR2L           equ	16345	;# 
  1093   003FDA                     FSR2H           equ	16346	;# 
  1094   003FDB                     PLUSW2          equ	16347	;# 
  1095   003FDC                     PREINC2         equ	16348	;# 
  1096   003FDD                     POSTDEC2        equ	16349	;# 
  1097   003FDE                     POSTINC2        equ	16350	;# 
  1098   003FDF                     INDF2           equ	16351	;# 
  1099   003FE0                     BSR             equ	16352	;# 
  1100   003FE1                     FSR1            equ	16353	;# 
  1101   003FE1                     FSR1L           equ	16353	;# 
  1102   003FE2                     FSR1H           equ	16354	;# 
  1103   003FE3                     PLUSW1          equ	16355	;# 
  1104   003FE4                     PREINC1         equ	16356	;# 
  1105   003FE5                     POSTDEC1        equ	16357	;# 
  1106   003FE6                     POSTINC1        equ	16358	;# 
  1107   003FE7                     INDF1           equ	16359	;# 
  1108   003FE8                     WREG            equ	16360	;# 
  1109   003FE9                     FSR0            equ	16361	;# 
  1110   003FE9                     FSR0L           equ	16361	;# 
  1111   003FEA                     FSR0H           equ	16362	;# 
  1112   003FEB                     PLUSW0          equ	16363	;# 
  1113   003FEC                     PREINC0         equ	16364	;# 
  1114   003FED                     POSTDEC0        equ	16365	;# 
  1115   003FEE                     POSTINC0        equ	16366	;# 
  1116   003FEF                     INDF0           equ	16367	;# 
  1117   003FF0                     PCON0           equ	16368	;# 
  1118   003FF1                     PCON1           equ	16369	;# 
  1119   003FF3                     PROD            equ	16371	;# 
  1120   003FF3                     PRODL           equ	16371	;# 
  1121   003FF4                     PRODH           equ	16372	;# 
  1122   003FF5                     TABLAT          equ	16373	;# 
  1123   003FF6                     TBLPTR          equ	16374	;# 
  1124   003FF6                     TBLPTRL         equ	16374	;# 
  1125   003FF7                     TBLPTRH         equ	16375	;# 
  1126   003FF8                     TBLPTRU         equ	16376	;# 
  1127   003FF9                     PCLAT           equ	16377	;# 
  1128   003FF9                     PCL             equ	16377	;# 
  1129   003FFA                     PCLATH          equ	16378	;# 
  1130   003FFB                     PCLATU          equ	16379	;# 
  1131   003FFC                     STKPTR          equ	16380	;# 
  1132   003FFD                     TOS             equ	16381	;# 
  1133   003FFD                     TOSL            equ	16381	;# 
  1134   003FFE                     TOSH            equ	16382	;# 
  1135   003FFF                     TOSU            equ	16383	;# 
  1136   003700                     CIOCON          equ	14080	;# 
  1137   003701                     RXERRCNT        equ	14081	;# 
  1138   003702                     TXERRCNT        equ	14082	;# 
  1139   003703                     BRGCON1         equ	14083	;# 
  1140   003704                     BRGCON2         equ	14084	;# 
  1141   003705                     BRGCON3         equ	14085	;# 
  1142   003706                     RXFCON0         equ	14086	;# 
  1143   003707                     RXFCON1         equ	14087	;# 
  1144   003708                     RXF6SIDH        equ	14088	;# 
  1145   003709                     RXF6SIDL        equ	14089	;# 
  1146   00370A                     RXF6EIDH        equ	14090	;# 
  1147   00370B                     RXF6EIDL        equ	14091	;# 
  1148   00370C                     RXF7SIDH        equ	14092	;# 
  1149   00370D                     RXF7SIDL        equ	14093	;# 
  1150   00370E                     RXF7EIDH        equ	14094	;# 
  1151   00370F                     RXF7EIDL        equ	14095	;# 
  1152   003710                     RXF8SIDH        equ	14096	;# 
  1153   003711                     RXF8SIDL        equ	14097	;# 
  1154   003712                     RXF8EIDH        equ	14098	;# 
  1155   003713                     RXF8EIDL        equ	14099	;# 
  1156   003714                     RXF9SIDH        equ	14100	;# 
  1157   003715                     RXF9SIDL        equ	14101	;# 
  1158   003716                     RXF9EIDH        equ	14102	;# 
  1159   003717                     RXF9EIDL        equ	14103	;# 
  1160   003718                     RXF10SIDH       equ	14104	;# 
  1161   003719                     RXF10SIDL       equ	14105	;# 
  1162   00371A                     RXF10EIDH       equ	14106	;# 
  1163   00371B                     RXF10EIDL       equ	14107	;# 
  1164   00371C                     RXF11SIDH       equ	14108	;# 
  1165   00371D                     RXF11SIDL       equ	14109	;# 
  1166   00371E                     RXF11EIDH       equ	14110	;# 
  1167   00371F                     RXF11EIDL       equ	14111	;# 
  1168   003720                     RXF12SIDH       equ	14112	;# 
  1169   003721                     RXF12SIDL       equ	14113	;# 
  1170   003722                     RXF12EIDH       equ	14114	;# 
  1171   003723                     RXF12EIDL       equ	14115	;# 
  1172   003724                     RXF13SIDH       equ	14116	;# 
  1173   003725                     RXF13SIDL       equ	14117	;# 
  1174   003726                     RXF13EIDH       equ	14118	;# 
  1175   003727                     RXF13EIDL       equ	14119	;# 
  1176   003728                     RXF14SIDH       equ	14120	;# 
  1177   003729                     RXF14SIDL       equ	14121	;# 
  1178   00372A                     RXF14EIDH       equ	14122	;# 
  1179   00372B                     RXF14EIDL       equ	14123	;# 
  1180   00372C                     RXF15SIDH       equ	14124	;# 
  1181   00372D                     RXF15SIDL       equ	14125	;# 
  1182   00372E                     RXF15EIDH       equ	14126	;# 
  1183   00372F                     RXF15EIDL       equ	14127	;# 
  1184   003730                     SDFLC           equ	14128	;# 
  1185   003731                     RXFBCON0        equ	14129	;# 
  1186   003732                     RXFBCON1        equ	14130	;# 
  1187   003733                     RXFBCON2        equ	14131	;# 
  1188   003734                     RXFBCON3        equ	14132	;# 
  1189   003735                     RXFBCON4        equ	14133	;# 
  1190   003736                     RXFBCON5        equ	14134	;# 
  1191   003737                     RXFBCON6        equ	14135	;# 
  1192   003738                     RXFBCON7        equ	14136	;# 
  1193   003739                     MSEL0           equ	14137	;# 
  1194   00373A                     MSEL1           equ	14138	;# 
  1195   00373B                     MSEL2           equ	14139	;# 
  1196   00373C                     MSEL3           equ	14140	;# 
  1197   00373D                     BSEL0           equ	14141	;# 
  1198   00373E                     BIE0            equ	14142	;# 
  1199   00373F                     TXBIE           equ	14143	;# 
  1200   003740                     B0CON           equ	14144	;# 
  1201   003741                     B0SIDH          equ	14145	;# 
  1202   003742                     B0SIDL          equ	14146	;# 
  1203   003743                     B0EIDH          equ	14147	;# 
  1204   003744                     B0EIDL          equ	14148	;# 
  1205   003745                     B0DLC           equ	14149	;# 
  1206   003746                     B0D0            equ	14150	;# 
  1207   003747                     B0D1            equ	14151	;# 
  1208   003748                     B0D2            equ	14152	;# 
  1209   003749                     B0D3            equ	14153	;# 
  1210   00374A                     B0D4            equ	14154	;# 
  1211   00374B                     B0D5            equ	14155	;# 
  1212   00374C                     B0D6            equ	14156	;# 
  1213   00374D                     B0D7            equ	14157	;# 
  1214   00374E                     CANSTAT_RO9     equ	14158	;# 
  1215   00374F                     CANCON_RO9      equ	14159	;# 
  1216   003750                     B1CON           equ	14160	;# 
  1217   003751                     B1SIDH          equ	14161	;# 
  1218   003752                     B1SIDL          equ	14162	;# 
  1219   003753                     B1EIDH          equ	14163	;# 
  1220   003754                     B1EIDL          equ	14164	;# 
  1221   003755                     B1DLC           equ	14165	;# 
  1222   003756                     B1D0            equ	14166	;# 
  1223   003757                     B1D1            equ	14167	;# 
  1224   003758                     B1D2            equ	14168	;# 
  1225   003759                     B1D3            equ	14169	;# 
  1226   00375A                     B1D4            equ	14170	;# 
  1227   00375B                     B1D5            equ	14171	;# 
  1228   00375C                     B1D6            equ	14172	;# 
  1229   00375D                     B1D7            equ	14173	;# 
  1230   00375E                     CANSTAT_RO8     equ	14174	;# 
  1231   00375F                     CANCON_RO8      equ	14175	;# 
  1232   003760                     B2CON           equ	14176	;# 
  1233   003761                     B2SIDH          equ	14177	;# 
  1234   003762                     B2SIDL          equ	14178	;# 
  1235   003763                     B2EIDH          equ	14179	;# 
  1236   003764                     B2EIDL          equ	14180	;# 
  1237   003765                     B2DLC           equ	14181	;# 
  1238   003766                     B2D0            equ	14182	;# 
  1239   003767                     B2D1            equ	14183	;# 
  1240   003768                     B2D2            equ	14184	;# 
  1241   003769                     B2D3            equ	14185	;# 
  1242   00376A                     B2D4            equ	14186	;# 
  1243   00376B                     B2D5            equ	14187	;# 
  1244   00376C                     B2D6            equ	14188	;# 
  1245   00376D                     B2D7            equ	14189	;# 
  1246   00376E                     CANSTAT_RO7     equ	14190	;# 
  1247   00376F                     CANCON_RO7      equ	14191	;# 
  1248   003770                     B3CON           equ	14192	;# 
  1249   003771                     B3SIDH          equ	14193	;# 
  1250   003772                     B3SIDL          equ	14194	;# 
  1251   003773                     B3EIDH          equ	14195	;# 
  1252   003774                     B3EIDL          equ	14196	;# 
  1253   003775                     B3DLC           equ	14197	;# 
  1254   003776                     B3D0            equ	14198	;# 
  1255   003777                     B3D1            equ	14199	;# 
  1256   003778                     B3D2            equ	14200	;# 
  1257   003779                     B3D3            equ	14201	;# 
  1258   00377A                     B3D4            equ	14202	;# 
  1259   00377B                     B3D5            equ	14203	;# 
  1260   00377C                     B3D6            equ	14204	;# 
  1261   00377D                     B3D7            equ	14205	;# 
  1262   00377E                     CANSTAT_RO6     equ	14206	;# 
  1263   00377F                     CANCON_RO6      equ	14207	;# 
  1264   003780                     B4CON           equ	14208	;# 
  1265   003781                     B4SIDH          equ	14209	;# 
  1266   003782                     B4SIDL          equ	14210	;# 
  1267   003783                     B4EIDH          equ	14211	;# 
  1268   003784                     B4EIDL          equ	14212	;# 
  1269   003785                     B4DLC           equ	14213	;# 
  1270   003786                     B4D0            equ	14214	;# 
  1271   003787                     B4D1            equ	14215	;# 
  1272   003788                     B4D2            equ	14216	;# 
  1273   003789                     B4D3            equ	14217	;# 
  1274   00378A                     B4D4            equ	14218	;# 
  1275   00378B                     B4D5            equ	14219	;# 
  1276   00378C                     B4D6            equ	14220	;# 
  1277   00378D                     B4D7            equ	14221	;# 
  1278   00378E                     CANSTAT_RO5     equ	14222	;# 
  1279   00378F                     CANCON_RO5      equ	14223	;# 
  1280   003790                     B5CON           equ	14224	;# 
  1281   003791                     B5SIDH          equ	14225	;# 
  1282   003792                     B5SIDL          equ	14226	;# 
  1283   003793                     B5EIDH          equ	14227	;# 
  1284   003794                     B5EIDL          equ	14228	;# 
  1285   003795                     B5DLC           equ	14229	;# 
  1286   003796                     B5D0            equ	14230	;# 
  1287   003797                     B5D1            equ	14231	;# 
  1288   003798                     B5D2            equ	14232	;# 
  1289   003799                     B5D3            equ	14233	;# 
  1290   00379A                     B5D4            equ	14234	;# 
  1291   00379B                     B5D5            equ	14235	;# 
  1292   00379C                     B5D6            equ	14236	;# 
  1293   00379D                     B5D7            equ	14237	;# 
  1294   00379E                     CANSTAT_RO4     equ	14238	;# 
  1295   00379F                     CANCON_RO4      equ	14239	;# 
  1296   0037A0                     RXF0SIDH        equ	14240	;# 
  1297   0037A1                     RXF0SIDL        equ	14241	;# 
  1298   0037A2                     RXF0EIDH        equ	14242	;# 
  1299   0037A3                     RXF0EIDL        equ	14243	;# 
  1300   0037A4                     RXF1SIDH        equ	14244	;# 
  1301   0037A5                     RXF1SIDL        equ	14245	;# 
  1302   0037A6                     RXF1EIDH        equ	14246	;# 
  1303   0037A7                     RXF1EIDL        equ	14247	;# 
  1304   0037A8                     RXF2SIDH        equ	14248	;# 
  1305   0037A9                     RXF2SIDL        equ	14249	;# 
  1306   0037AA                     RXF2EIDH        equ	14250	;# 
  1307   0037AB                     RXF2EIDL        equ	14251	;# 
  1308   0037AC                     RXF3SIDH        equ	14252	;# 
  1309   0037AD                     RXF3SIDL        equ	14253	;# 
  1310   0037AE                     RXF3EIDH        equ	14254	;# 
  1311   0037AF                     RXF3EIDL        equ	14255	;# 
  1312   0037B0                     RXF4SIDH        equ	14256	;# 
  1313   0037B1                     RXF4SIDL        equ	14257	;# 
  1314   0037B2                     RXF4EIDH        equ	14258	;# 
  1315   0037B3                     RXF4EIDL        equ	14259	;# 
  1316   0037B4                     RXF5SIDH        equ	14260	;# 
  1317   0037B5                     RXF5SIDL        equ	14261	;# 
  1318   0037B6                     RXF5EIDH        equ	14262	;# 
  1319   0037B7                     RXF5EIDL        equ	14263	;# 
  1320   0037B8                     RXM0SIDH        equ	14264	;# 
  1321   0037B9                     RXM0SIDL        equ	14265	;# 
  1322   0037BA                     RXM0EIDH        equ	14266	;# 
  1323   0037BB                     RXM0EIDL        equ	14267	;# 
  1324   0037BC                     RXM1SIDH        equ	14268	;# 
  1325   0037BD                     RXM1SIDL        equ	14269	;# 
  1326   0037BE                     RXM1EIDH        equ	14270	;# 
  1327   0037BF                     RXM1EIDL        equ	14271	;# 
  1328   0037C0                     TXB2CON         equ	14272	;# 
  1329   0037C1                     TXB2SIDH        equ	14273	;# 
  1330   0037C2                     TXB2SIDL        equ	14274	;# 
  1331   0037C3                     TXB2EIDH        equ	14275	;# 
  1332   0037C4                     TXB2EIDL        equ	14276	;# 
  1333   0037C5                     TXB2DLC         equ	14277	;# 
  1334   0037C6                     TXB2D0          equ	14278	;# 
  1335   0037C7                     TXB2D1          equ	14279	;# 
  1336   0037C8                     TXB2D2          equ	14280	;# 
  1337   0037C9                     TXB2D3          equ	14281	;# 
  1338   0037CA                     TXB2D4          equ	14282	;# 
  1339   0037CB                     TXB2D5          equ	14283	;# 
  1340   0037CC                     TXB2D6          equ	14284	;# 
  1341   0037CD                     TXB2D7          equ	14285	;# 
  1342   0037CE                     CANSTAT_R03     equ	14286	;# 
  1343   0037CF                     CANCON_R03      equ	14287	;# 
  1344   0037D0                     TXB1CON         equ	14288	;# 
  1345   0037D1                     TXB1SIDH        equ	14289	;# 
  1346   0037D2                     TXB1SIDL        equ	14290	;# 
  1347   0037D3                     TXB1EIDH        equ	14291	;# 
  1348   0037D4                     TXB1EIDL        equ	14292	;# 
  1349   0037D5                     TXB1DLC         equ	14293	;# 
  1350   0037D6                     TXB1D0          equ	14294	;# 
  1351   0037D7                     TXB1D1          equ	14295	;# 
  1352   0037D8                     TXB1D2          equ	14296	;# 
  1353   0037D9                     TXB1D3          equ	14297	;# 
  1354   0037DA                     TXB1D4          equ	14298	;# 
  1355   0037DB                     TXB1D5          equ	14299	;# 
  1356   0037DC                     TXB1D6          equ	14300	;# 
  1357   0037DD                     TXB1D7          equ	14301	;# 
  1358   0037DE                     CANSTAT_RO2     equ	14302	;# 
  1359   0037DF                     CANCON_RO2      equ	14303	;# 
  1360   0037E0                     TXB0CON         equ	14304	;# 
  1361   0037E1                     TXB0SIDH        equ	14305	;# 
  1362   0037E2                     TXB0SIDL        equ	14306	;# 
  1363   0037E3                     TXB0EIDH        equ	14307	;# 
  1364   0037E4                     TXB0EIDL        equ	14308	;# 
  1365   0037E5                     TXB0DLC         equ	14309	;# 
  1366   0037E6                     TXB0D0          equ	14310	;# 
  1367   0037E7                     TXB0D1          equ	14311	;# 
  1368   0037E8                     TXB0D2          equ	14312	;# 
  1369   0037E9                     TXB0D3          equ	14313	;# 
  1370   0037EA                     TXB0D4          equ	14314	;# 
  1371   0037EB                     TXB0D5          equ	14315	;# 
  1372   0037EC                     TXB0D6          equ	14316	;# 
  1373   0037ED                     TXB0D7          equ	14317	;# 
  1374   0037EE                     CANSTAT_RO1     equ	14318	;# 
  1375   0037EF                     CANCON_RO1      equ	14319	;# 
  1376   0037F0                     RXB1CON         equ	14320	;# 
  1377   0037F1                     RXB1SIDH        equ	14321	;# 
  1378   0037F2                     RXB1SIDL        equ	14322	;# 
  1379   0037F3                     RXB1EIDH        equ	14323	;# 
  1380   0037F4                     RXB1EIDL        equ	14324	;# 
  1381   0037F5                     RXB1DLC         equ	14325	;# 
  1382   0037F6                     RXB1D0          equ	14326	;# 
  1383   0037F7                     RXB1D1          equ	14327	;# 
  1384   0037F8                     RXB1D2          equ	14328	;# 
  1385   0037F9                     RXB1D3          equ	14329	;# 
  1386   0037FA                     RXB1D4          equ	14330	;# 
  1387   0037FB                     RXB1D5          equ	14331	;# 
  1388   0037FC                     RXB1D6          equ	14332	;# 
  1389   0037FD                     RXB1D7          equ	14333	;# 
  1390   0037FE                     CANSTAT_RO0     equ	14334	;# 
  1391   0037FF                     CANCON_RO0      equ	14335	;# 
  1392   003880                     STATUS_CSHAD    equ	14464	;# 
  1393   003881                     WREG_CSHAD      equ	14465	;# 
  1394   003882                     BSR_CSHAD       equ	14466	;# 
  1395   003883                     SHADCON         equ	14467	;# 
  1396   003884                     STATUS_SHAD     equ	14468	;# 
  1397   003885                     WREG_SHAD       equ	14469	;# 
  1398   003886                     BSR_SHAD        equ	14470	;# 
  1399   003887                     PCLATH_SHAD     equ	14471	;# 
  1400   003888                     PCLATU_SHAD     equ	14472	;# 
  1401   003889                     FSR0SH          equ	14473	;# 
  1402   003889                     FSR0L_SHAD      equ	14473	;# 
  1403   00388A                     FSR0H_SHAD      equ	14474	;# 
  1404   00388B                     FSR1SH          equ	14475	;# 
  1405   00388B                     FSR1L_SHAD      equ	14475	;# 
  1406   00388C                     FSR1H_SHAD      equ	14476	;# 
  1407   00388D                     FSR2SH          equ	14477	;# 
  1408   00388D                     FSR2L_SHAD      equ	14477	;# 
  1409   00388E                     FSR2H_SHAD      equ	14478	;# 
  1410   00388F                     PRODSH          equ	14479	;# 
  1411   00388F                     PRODL_SHAD      equ	14479	;# 
  1412   003890                     PRODH_SHAD      equ	14480	;# 
  1413   00389D                     IVTADL          equ	14493	;# 
  1414   00389E                     IVTADH          equ	14494	;# 
  1415   00389F                     IVTADU          equ	14495	;# 
  1416   00395B                     WDTCON0         equ	14683	;# 
  1417   00395C                     WDTCON1         equ	14684	;# 
  1418   00395D                     WDTPSL          equ	14685	;# 
  1419   00395E                     WDTPSH          equ	14686	;# 
  1420   00395F                     WDTTMR          equ	14687	;# 
  1421   003960                     CRCDATA         equ	14688	;# 
  1422   003960                     CRCDATL         equ	14688	;# 
  1423   003961                     CRCDATH         equ	14689	;# 
  1424   003962                     CRCACC          equ	14690	;# 
  1425   003962                     CRCACCL         equ	14690	;# 
  1426   003963                     CRCACCH         equ	14691	;# 
  1427   003964                     CRCSHFT         equ	14692	;# 
  1428   003964                     CRCSHIFTL       equ	14692	;# 
  1429   003965                     CRCSHIFTH       equ	14693	;# 
  1430   003966                     CRCXOR          equ	14694	;# 
  1431   003966                     CRCXORL         equ	14694	;# 
  1432   003967                     CRCXORH         equ	14695	;# 
  1433   003968                     CRCCON0         equ	14696	;# 
  1434   003969                     CRCCON1         equ	14697	;# 
  1435   003976                     SCANLADR        equ	14710	;# 
  1436   003976                     SCANLADRL       equ	14710	;# 
  1437   003977                     SCANLADRH       equ	14711	;# 
  1438   003978                     SCANLADRU       equ	14712	;# 
  1439   003979                     SCANHADR        equ	14713	;# 
  1440   003979                     SCANHADRL       equ	14713	;# 
  1441   00397A                     SCANHADRH       equ	14714	;# 
  1442   00397B                     SCANHADRU       equ	14715	;# 
  1443   00397C                     SCANCON0        equ	14716	;# 
  1444   00397D                     SCANTRIG        equ	14717	;# 
  1445   003980                     IPR0            equ	14720	;# 
  1446   003981                     IPR1            equ	14721	;# 
  1447   003982                     IPR2            equ	14722	;# 
  1448   003983                     IPR3            equ	14723	;# 
  1449   003984                     IPR4            equ	14724	;# 
  1450   003985                     IPR5            equ	14725	;# 
  1451   003986                     IPR6            equ	14726	;# 
  1452   003987                     IPR7            equ	14727	;# 
  1453   003988                     IPR8            equ	14728	;# 
  1454   003989                     IPR9            equ	14729	;# 
  1455   003990                     PIE0            equ	14736	;# 
  1456   003991                     PIE1            equ	14737	;# 
  1457   003992                     PIE2            equ	14738	;# 
  1458   003993                     PIE3            equ	14739	;# 
  1459   003994                     PIE4            equ	14740	;# 
  1460   003995                     PIE5            equ	14741	;# 
  1461   003996                     PIE6            equ	14742	;# 
  1462   003997                     PIE7            equ	14743	;# 
  1463   003998                     PIE8            equ	14744	;# 
  1464   003999                     PIE9            equ	14745	;# 
  1465   0039A0                     PIR0            equ	14752	;# 
  1466   0039A1                     PIR1            equ	14753	;# 
  1467   0039A2                     PIR2            equ	14754	;# 
  1468   0039A3                     PIR3            equ	14755	;# 
  1469   0039A4                     PIR4            equ	14756	;# 
  1470   0039A5                     PIR5            equ	14757	;# 
  1471   0039A6                     PIR6            equ	14758	;# 
  1472   0039A7                     PIR7            equ	14759	;# 
  1473   0039A8                     PIR8            equ	14760	;# 
  1474   0039A9                     PIR9            equ	14761	;# 
  1475   0039C0                     PMD0            equ	14784	;# 
  1476   0039C1                     PMD1            equ	14785	;# 
  1477   0039C2                     PMD2            equ	14786	;# 
  1478   0039C3                     PMD3            equ	14787	;# 
  1479   0039C4                     PMD4            equ	14788	;# 
  1480   0039C5                     PMD5            equ	14789	;# 
  1481   0039C6                     PMD6            equ	14790	;# 
  1482   0039C7                     PMD7            equ	14791	;# 
  1483   0039D0                     BORCON          equ	14800	;# 
  1484   0039D1                     VREGCON         equ	14801	;# 
  1485   0039D8                     CPUDOZE         equ	14808	;# 
  1486   0039D9                     OSCCON1         equ	14809	;# 
  1487   0039DA                     OSCCON2         equ	14810	;# 
  1488   0039DB                     OSCCON3         equ	14811	;# 
  1489   0039DC                     OSCSTAT         equ	14812	;# 
  1490   0039DC                     OSCSTAT1        equ	14812	;# 
  1491   0039DD                     OSCEN           equ	14813	;# 
  1492   0039DE                     OSCTUNE         equ	14814	;# 
  1493   0039DF                     OSCFRQ          equ	14815	;# 
  1494   0039E0                     NVMADRL         equ	14816	;# 
  1495   0039E1                     NVMADRH         equ	14817	;# 
  1496   0039E3                     NVMDAT          equ	14819	;# 
  1497   0039E5                     NVMCON1         equ	14821	;# 
  1498   0039E6                     NVMCON2         equ	14822	;# 
  1499   0039EF                     PRLOCK          equ	14831	;# 
  1500   0039F1                     ISRPR           equ	14833	;# 
  1501   0039F2                     MAINPR          equ	14834	;# 
  1502   0039F3                     DMA1PR          equ	14835	;# 
  1503   0039F4                     DMA2PR          equ	14836	;# 
  1504   0039F7                     SCANPR          equ	14839	;# 
  1505   003A00                     RA0PPS          equ	14848	;# 
  1506   003A01                     RA1PPS          equ	14849	;# 
  1507   003A02                     RA2PPS          equ	14850	;# 
  1508   003A03                     RA3PPS          equ	14851	;# 
  1509   003A04                     RA4PPS          equ	14852	;# 
  1510   003A05                     RA5PPS          equ	14853	;# 
  1511   003A06                     RA6PPS          equ	14854	;# 
  1512   003A07                     RA7PPS          equ	14855	;# 
  1513   003A08                     RB0PPS          equ	14856	;# 
  1514   003A09                     RB1PPS          equ	14857	;# 
  1515   003A0A                     RB2PPS          equ	14858	;# 
  1516   003A0B                     RB3PPS          equ	14859	;# 
  1517   003A0C                     RB4PPS          equ	14860	;# 
  1518   003A0D                     RB5PPS          equ	14861	;# 
  1519   003A0E                     RB6PPS          equ	14862	;# 
  1520   003A0F                     RB7PPS          equ	14863	;# 
  1521   003A10                     RC0PPS          equ	14864	;# 
  1522   003A11                     RC1PPS          equ	14865	;# 
  1523   003A12                     RC2PPS          equ	14866	;# 
  1524   003A13                     RC3PPS          equ	14867	;# 
  1525   003A14                     RC4PPS          equ	14868	;# 
  1526   003A15                     RC5PPS          equ	14869	;# 
  1527   003A16                     RC6PPS          equ	14870	;# 
  1528   003A17                     RC7PPS          equ	14871	;# 
  1529   003A40                     ANSELA          equ	14912	;# 
  1530   003A41                     WPUA            equ	14913	;# 
  1531   003A42                     ODCONA          equ	14914	;# 
  1532   003A43                     SLRCONA         equ	14915	;# 
  1533   003A44                     INLVLA          equ	14916	;# 
  1534   003A45                     IOCAP           equ	14917	;# 
  1535   003A46                     IOCAN           equ	14918	;# 
  1536   003A47                     IOCAF           equ	14919	;# 
  1537   003A50                     ANSELB          equ	14928	;# 
  1538   003A51                     WPUB            equ	14929	;# 
  1539   003A52                     ODCONB          equ	14930	;# 
  1540   003A53                     SLRCONB         equ	14931	;# 
  1541   003A54                     INLVLB          equ	14932	;# 
  1542   003A55                     IOCBP           equ	14933	;# 
  1543   003A56                     IOCBN           equ	14934	;# 
  1544   003A57                     IOCBF           equ	14935	;# 
  1545   003A5A                     RB1I2C          equ	14938	;# 
  1546   003A5B                     RB2I2C          equ	14939	;# 
  1547   003A60                     ANSELC          equ	14944	;# 
  1548   003A61                     WPUC            equ	14945	;# 
  1549   003A62                     ODCONC          equ	14946	;# 
  1550   003A63                     SLRCONC         equ	14947	;# 
  1551   003A64                     INLVLC          equ	14948	;# 
  1552   003A65                     IOCCP           equ	14949	;# 
  1553   003A66                     IOCCN           equ	14950	;# 
  1554   003A67                     IOCCF           equ	14951	;# 
  1555   003A6A                     RC3I2C          equ	14954	;# 
  1556   003A6B                     RC4I2C          equ	14955	;# 
  1557   003A81                     WPUE            equ	14977	;# 
  1558   003A84                     INLVLE          equ	14980	;# 
  1559   003A85                     IOCEP           equ	14981	;# 
  1560   003A86                     IOCEN           equ	14982	;# 
  1561   003A87                     IOCEF           equ	14983	;# 
  1562   003ABF                     PPSLOCK         equ	15039	;# 
  1563   003AC0                     INT0PPS         equ	15040	;# 
  1564   003AC1                     INT1PPS         equ	15041	;# 
  1565   003AC2                     INT2PPS         equ	15042	;# 
  1566   003AC3                     T0CKIPPS        equ	15043	;# 
  1567   003AC4                     T1CKIPPS        equ	15044	;# 
  1568   003AC5                     T1GPPS          equ	15045	;# 
  1569   003AC6                     T3CKIPPS        equ	15046	;# 
  1570   003AC7                     T3GPPS          equ	15047	;# 
  1571   003AC8                     T5CKIPPS        equ	15048	;# 
  1572   003AC9                     T5GPPS          equ	15049	;# 
  1573   003ACA                     T2INPPS         equ	15050	;# 
  1574   003ACB                     T4INPPS         equ	15051	;# 
  1575   003ACC                     T6INPPS         equ	15052	;# 
  1576   003ACD                     CCP1PPS         equ	15053	;# 
  1577   003ACE                     CCP2PPS         equ	15054	;# 
  1578   003ACF                     CCP3PPS         equ	15055	;# 
  1579   003AD0                     CCP4PPS         equ	15056	;# 
  1580   003AD1                     SMT1WINPPS      equ	15057	;# 
  1581   003AD2                     SMT1SIGPPS      equ	15058	;# 
  1582   003AD3                     SMT2WINPPS      equ	15059	;# 
  1583   003AD4                     SMT2SIGPPS      equ	15060	;# 
  1584   003AD5                     CWG1INPPS       equ	15061	;# 
  1585   003AD6                     CWG2INPPS       equ	15062	;# 
  1586   003AD7                     CWG3INPPS       equ	15063	;# 
  1587   003AD8                     MD1CARLPPS      equ	15064	;# 
  1588   003AD9                     MD1CARHPPS      equ	15065	;# 
  1589   003ADA                     MD1SRCPPS       equ	15066	;# 
  1590   003ADB                     CLCIN0PPS       equ	15067	;# 
  1591   003ADC                     CLCIN1PPS       equ	15068	;# 
  1592   003ADD                     CLCIN2PPS       equ	15069	;# 
  1593   003ADE                     CLCIN3PPS       equ	15070	;# 
  1594   003ADF                     ADACTPPS        equ	15071	;# 
  1595   003AE0                     SPI1SCKPPS      equ	15072	;# 
  1596   003AE1                     SPI1SDIPPS      equ	15073	;# 
  1597   003AE2                     SPI1SSPPS       equ	15074	;# 
  1598   003AE3                     I2C1SCLPPS      equ	15075	;# 
  1599   003AE4                     I2C1SDAPPS      equ	15076	;# 
  1600   003AE5                     I2C2SCLPPS      equ	15077	;# 
  1601   003AE6                     I2C2SDAPPS      equ	15078	;# 
  1602   003AE7                     U1RXPPS         equ	15079	;# 
  1603   003AE8                     U1CTSPPS        equ	15080	;# 
  1604   003AEA                     U2RXPPS         equ	15082	;# 
  1605   003AEB                     U2CTSPPS        equ	15083	;# 
  1606   003AED                     CANRXPPS        equ	15085	;# 
  1607   003BC9                     DMA2BUF         equ	15305	;# 
  1608   003BCA                     DMA2DCNT        equ	15306	;# 
  1609   003BCA                     DMA2DCNTL       equ	15306	;# 
  1610   003BCB                     DMA2DCNTH       equ	15307	;# 
  1611   003BCC                     DMA2DPTR        equ	15308	;# 
  1612   003BCC                     DMA2DPTRL       equ	15308	;# 
  1613   003BCD                     DMA2DPTRH       equ	15309	;# 
  1614   003BCE                     DMA2DSZ         equ	15310	;# 
  1615   003BCE                     DMA2DSZL        equ	15310	;# 
  1616   003BCF                     DMA2DSZH        equ	15311	;# 
  1617   003BD0                     DMA2DSA         equ	15312	;# 
  1618   003BD0                     DMA2DSAL        equ	15312	;# 
  1619   003BD1                     DMA2DSAH        equ	15313	;# 
  1620   003BD2                     DMA2SCNT        equ	15314	;# 
  1621   003BD2                     DMA2SCNTL       equ	15314	;# 
  1622   003BD3                     DMA2SCNTH       equ	15315	;# 
  1623   003BD4                     DMA2SPTR        equ	15316	;# 
  1624   003BD4                     DMA2SPTRL       equ	15316	;# 
  1625   003BD5                     DMA2SPTRH       equ	15317	;# 
  1626   003BD6                     DMA2SPTRU       equ	15318	;# 
  1627   003BD7                     DMA2SSZ         equ	15319	;# 
  1628   003BD7                     DMA2SSZL        equ	15319	;# 
  1629   003BD8                     DMA2SSZH        equ	15320	;# 
  1630   003BD9                     DMA2SSA         equ	15321	;# 
  1631   003BD9                     DMA2SSAL        equ	15321	;# 
  1632   003BDA                     DMA2SSAH        equ	15322	;# 
  1633   003BDB                     DMA2SSAU        equ	15323	;# 
  1634   003BDC                     DMA2CON0        equ	15324	;# 
  1635   003BDD                     DMA2CON1        equ	15325	;# 
  1636   003BDE                     DMA2AIRQ        equ	15326	;# 
  1637   003BDF                     DMA2SIRQ        equ	15327	;# 
  1638   003BE9                     DMA1BUF         equ	15337	;# 
  1639   003BEA                     DMA1DCNT        equ	15338	;# 
  1640   003BEA                     DMA1DCNTL       equ	15338	;# 
  1641   003BEB                     DMA1DCNTH       equ	15339	;# 
  1642   003BEC                     DMA1DPTR        equ	15340	;# 
  1643   003BEC                     DMA1DPTRL       equ	15340	;# 
  1644   003BED                     DMA1DPTRH       equ	15341	;# 
  1645   003BEE                     DMA1DSZ         equ	15342	;# 
  1646   003BEE                     DMA1DSZL        equ	15342	;# 
  1647   003BEF                     DMA1DSZH        equ	15343	;# 
  1648   003BF0                     DMA1DSA         equ	15344	;# 
  1649   003BF0                     DMA1DSAL        equ	15344	;# 
  1650   003BF1                     DMA1DSAH        equ	15345	;# 
  1651   003BF2                     DMA1SCNT        equ	15346	;# 
  1652   003BF2                     DMA1SCNTL       equ	15346	;# 
  1653   003BF3                     DMA1SCNTH       equ	15347	;# 
  1654   003BF4                     DMA1SPTR        equ	15348	;# 
  1655   003BF4                     DMA1SPTRL       equ	15348	;# 
  1656   003BF5                     DMA1SPTRH       equ	15349	;# 
  1657   003BF6                     DMA1SPTRU       equ	15350	;# 
  1658   003BF7                     DMA1SSZ         equ	15351	;# 
  1659   003BF7                     DMA1SSZL        equ	15351	;# 
  1660   003BF8                     DMA1SSZH        equ	15352	;# 
  1661   003BF9                     DMA1SSA         equ	15353	;# 
  1662   003BF9                     DMA1SSAL        equ	15353	;# 
  1663   003BFA                     DMA1SSAH        equ	15354	;# 
  1664   003BFB                     DMA1SSAU        equ	15355	;# 
  1665   003BFC                     DMA1CON0        equ	15356	;# 
  1666   003BFD                     DMA1CON1        equ	15357	;# 
  1667   003BFE                     DMA1AIRQ        equ	15358	;# 
  1668   003BFF                     DMA1SIRQ        equ	15359	;# 
  1669   003C56                     CLC4CON         equ	15446	;# 
  1670   003C57                     CLC4POL         equ	15447	;# 
  1671   003C58                     CLC4SEL0        equ	15448	;# 
  1672   003C59                     CLC4SEL1        equ	15449	;# 
  1673   003C5A                     CLC4SEL2        equ	15450	;# 
  1674   003C5B                     CLC4SEL3        equ	15451	;# 
  1675   003C5C                     CLC4GLS0        equ	15452	;# 
  1676   003C5D                     CLC4GLS1        equ	15453	;# 
  1677   003C5E                     CLC4GLS2        equ	15454	;# 
  1678   003C5F                     CLC4GLS3        equ	15455	;# 
  1679   003C60                     CLC3CON         equ	15456	;# 
  1680   003C61                     CLC3POL         equ	15457	;# 
  1681   003C62                     CLC3SEL0        equ	15458	;# 
  1682   003C63                     CLC3SEL1        equ	15459	;# 
  1683   003C64                     CLC3SEL2        equ	15460	;# 
  1684   003C65                     CLC3SEL3        equ	15461	;# 
  1685   003C66                     CLC3GLS0        equ	15462	;# 
  1686   003C67                     CLC3GLS1        equ	15463	;# 
  1687   003C68                     CLC3GLS2        equ	15464	;# 
  1688   003C69                     CLC3GLS3        equ	15465	;# 
  1689   003C6A                     CLC2CON         equ	15466	;# 
  1690   003C6B                     CLC2POL         equ	15467	;# 
  1691   003C6C                     CLC2SEL0        equ	15468	;# 
  1692   003C6D                     CLC2SEL1        equ	15469	;# 
  1693   003C6E                     CLC2SEL2        equ	15470	;# 
  1694   003C6F                     CLC2SEL3        equ	15471	;# 
  1695   003C70                     CLC2GLS0        equ	15472	;# 
  1696   003C71                     CLC2GLS1        equ	15473	;# 
  1697   003C72                     CLC2GLS2        equ	15474	;# 
  1698   003C73                     CLC2GLS3        equ	15475	;# 
  1699   003C74                     CLC1CON         equ	15476	;# 
  1700   003C75                     CLC1POL         equ	15477	;# 
  1701   003C76                     CLC1SEL0        equ	15478	;# 
  1702   003C77                     CLC1SEL1        equ	15479	;# 
  1703   003C78                     CLC1SEL2        equ	15480	;# 
  1704   003C79                     CLC1SEL3        equ	15481	;# 
  1705   003C7A                     CLC1GLS0        equ	15482	;# 
  1706   003C7B                     CLC1GLS1        equ	15483	;# 
  1707   003C7C                     CLC1GLS2        equ	15484	;# 
  1708   003C7D                     CLC1GLS3        equ	15485	;# 
  1709   003C7E                     CLCDATA0        equ	15486	;# 
  1710   003CE5                     CLKRCON         equ	15589	;# 
  1711   003CE6                     CLKRCLK         equ	15590	;# 
  1712   003CFA                     MD1CON0         equ	15610	;# 
  1713   003CFB                     MD1CON1         equ	15611	;# 
  1714   003CFC                     MD1SRC          equ	15612	;# 
  1715   003CFD                     MD1CARL         equ	15613	;# 
  1716   003CFE                     MD1CARH         equ	15614	;# 
  1717   003D10                     SPI1RXB         equ	15632	;# 
  1718   003D11                     SPI1TXB         equ	15633	;# 
  1719   003D12                     SPI1TCNT        equ	15634	;# 
  1720   003D12                     SPI1TCNTL       equ	15634	;# 
  1721   003D13                     SPI1TCNTH       equ	15635	;# 
  1722   003D14                     SPI1CON0        equ	15636	;# 
  1723   003D15                     SPI1CON1        equ	15637	;# 
  1724   003D16                     SPI1CON2        equ	15638	;# 
  1725   003D17                     SPI1STATUS      equ	15639	;# 
  1726   003D18                     SPI1TWIDTH      equ	15640	;# 
  1727   003D19                     SPI1BAUD        equ	15641	;# 
  1728   003D1A                     SPI1INTF        equ	15642	;# 
  1729   003D1B                     SPI1INTE        equ	15643	;# 
  1730   003D1C                     SPI1CLK         equ	15644	;# 
  1731   003D54                     I2C2RXB         equ	15700	;# 
  1732   003D55                     I2C2TXB         equ	15701	;# 
  1733   003D56                     I2C2CNT         equ	15702	;# 
  1734   003D57                     I2C2ADB0        equ	15703	;# 
  1735   003D58                     I2C2ADB1        equ	15704	;# 
  1736   003D59                     I2C2ADR0        equ	15705	;# 
  1737   003D5A                     I2C2ADR1        equ	15706	;# 
  1738   003D5B                     I2C2ADR2        equ	15707	;# 
  1739   003D5C                     I2C2ADR3        equ	15708	;# 
  1740   003D5D                     I2C2CON0        equ	15709	;# 
  1741   003D5E                     I2C2CON1        equ	15710	;# 
  1742   003D5F                     I2C2CON2        equ	15711	;# 
  1743   003D60                     I2C2ERR         equ	15712	;# 
  1744   003D61                     I2C2STAT0       equ	15713	;# 
  1745   003D62                     I2C2STAT1       equ	15714	;# 
  1746   003D63                     I2C2PIR         equ	15715	;# 
  1747   003D64                     I2C2PIE         equ	15716	;# 
  1748   003D65                     I2C2CLK         equ	15717	;# 
  1749   003D66                     I2C2BTO         equ	15718	;# 
  1750   003D6A                     I2C1RXB         equ	15722	;# 
  1751   003D6B                     I2C1TXB         equ	15723	;# 
  1752   003D6C                     I2C1CNT         equ	15724	;# 
  1753   003D6D                     I2C1ADB0        equ	15725	;# 
  1754   003D6E                     I2C1ADB1        equ	15726	;# 
  1755   003D6F                     I2C1ADR0        equ	15727	;# 
  1756   003D70                     I2C1ADR1        equ	15728	;# 
  1757   003D71                     I2C1ADR2        equ	15729	;# 
  1758   003D72                     I2C1ADR3        equ	15730	;# 
  1759   003D73                     I2C1CON0        equ	15731	;# 
  1760   003D74                     I2C1CON1        equ	15732	;# 
  1761   003D75                     I2C1CON2        equ	15733	;# 
  1762   003D76                     I2C1ERR         equ	15734	;# 
  1763   003D77                     I2C1STAT0       equ	15735	;# 
  1764   003D78                     I2C1STAT1       equ	15736	;# 
  1765   003D79                     I2C1PIR         equ	15737	;# 
  1766   003D7A                     I2C1PIE         equ	15738	;# 
  1767   003D7B                     I2C1CLK         equ	15739	;# 
  1768   003D7C                     I2C1BTO         equ	15740	;# 
  1769   003DD0                     U2RXB           equ	15824	;# 
  1770   003DD0                     U2RXBL          equ	15824	;# 
  1771   003DD1                     U2RXCHK         equ	15825	;# 
  1772   003DD2                     U2TXB           equ	15826	;# 
  1773   003DD2                     U2TXBL          equ	15826	;# 
  1774   003DD3                     U2TXCHK         equ	15827	;# 
  1775   003DD4                     U2P1            equ	15828	;# 
  1776   003DD4                     U2P1L           equ	15828	;# 
  1777   003DD5                     U2P1H           equ	15829	;# 
  1778   003DD6                     U2P2            equ	15830	;# 
  1779   003DD6                     U2P2L           equ	15830	;# 
  1780   003DD7                     U2P2H           equ	15831	;# 
  1781   003DD8                     U2P3            equ	15832	;# 
  1782   003DD8                     U2P3L           equ	15832	;# 
  1783   003DD9                     U2P3H           equ	15833	;# 
  1784   003DDA                     U2CON0          equ	15834	;# 
  1785   003DDB                     U2CON1          equ	15835	;# 
  1786   003DDC                     U2CON2          equ	15836	;# 
  1787   003DDD                     U2BRG           equ	15837	;# 
  1788   003DDD                     U2BRGL          equ	15837	;# 
  1789   003DDE                     U2BRGH          equ	15838	;# 
  1790   003DDF                     U2FIFO          equ	15839	;# 
  1791   003DE0                     U2UIR           equ	15840	;# 
  1792   003DE1                     U2ERRIR         equ	15841	;# 
  1793   003DE2                     U2ERRIE         equ	15842	;# 
  1794   003DE8                     U1RXB           equ	15848	;# 
  1795   003DE8                     U1RXBL          equ	15848	;# 
  1796   003DE9                     U1RXCHK         equ	15849	;# 
  1797   003DEA                     U1TXB           equ	15850	;# 
  1798   003DEA                     U1TXBL          equ	15850	;# 
  1799   003DEB                     U1TXCHK         equ	15851	;# 
  1800   003DEC                     U1P1            equ	15852	;# 
  1801   003DEC                     U1P1L           equ	15852	;# 
  1802   003DED                     U1P1H           equ	15853	;# 
  1803   003DEE                     U1P2            equ	15854	;# 
  1804   003DEE                     U1P2L           equ	15854	;# 
  1805   003DEF                     U1P2H           equ	15855	;# 
  1806   003DF0                     U1P3            equ	15856	;# 
  1807   003DF0                     U1P3L           equ	15856	;# 
  1808   003DF1                     U1P3H           equ	15857	;# 
  1809   003DF2                     U1CON0          equ	15858	;# 
  1810   003DF3                     U1CON1          equ	15859	;# 
  1811   003DF4                     U1CON2          equ	15860	;# 
  1812   003DF5                     U1BRG           equ	15861	;# 
  1813   003DF5                     U1BRGL          equ	15861	;# 
  1814   003DF6                     U1BRGH          equ	15862	;# 
  1815   003DF7                     U1FIFO          equ	15863	;# 
  1816   003DF8                     U1UIR           equ	15864	;# 
  1817   003DF9                     U1ERRIR         equ	15865	;# 
  1818   003DFA                     U1ERRIE         equ	15866	;# 
  1819   003E9C                     DAC1CON1        equ	16028	;# 
  1820   003E9E                     DAC1CON0        equ	16030	;# 
  1821   003EB8                     CM2CON0         equ	16056	;# 
  1822   003EB9                     CM2CON1         equ	16057	;# 
  1823   003EBA                     CM2NCH          equ	16058	;# 
  1824   003EBB                     CM2PCH          equ	16059	;# 
  1825   003EBC                     CM1CON0         equ	16060	;# 
  1826   003EBD                     CM1CON1         equ	16061	;# 
  1827   003EBE                     CM1NCH          equ	16062	;# 
  1828   003EBF                     CM1PCH          equ	16063	;# 
  1829   003EC0                     CMOUT           equ	16064	;# 
  1830   003EC1                     FVRCON          equ	16065	;# 
  1831   003EC3                     ZCDCON          equ	16067	;# 
  1832   003EC9                     HLVDCON0        equ	16073	;# 
  1833   003ECA                     HLVDCON1        equ	16074	;# 
  1834   003ED7                     ADCP            equ	16087	;# 
  1835   003EDE                     ADLTH           equ	16094	;# 
  1836   003EDE                     ADLTHL          equ	16094	;# 
  1837   003EDF                     ADLTHH          equ	16095	;# 
  1838   003EE0                     ADUTH           equ	16096	;# 
  1839   003EE0                     ADUTHL          equ	16096	;# 
  1840   003EE1                     ADUTHH          equ	16097	;# 
  1841   003EE2                     ADERR           equ	16098	;# 
  1842   003EE2                     ADERRL          equ	16098	;# 
  1843   003EE3                     ADERRH          equ	16099	;# 
  1844   003EE4                     ADSTPT          equ	16100	;# 
  1845   003EE4                     ADSTPTL         equ	16100	;# 
  1846   003EE5                     ADSTPTH         equ	16101	;# 
  1847   003EE6                     ADFLTR          equ	16102	;# 
  1848   003EE6                     ADFLTRL         equ	16102	;# 
  1849   003EE7                     ADFLTRH         equ	16103	;# 
  1850   003EE8                     ADACC           equ	16104	;# 
  1851   003EE8                     ADACCL          equ	16104	;# 
  1852   003EE9                     ADACCH          equ	16105	;# 
  1853   003EEA                     ADACCU          equ	16106	;# 
  1854   003EEB                     ADCNT           equ	16107	;# 
  1855   003EEC                     ADRPT           equ	16108	;# 
  1856   003EED                     ADPREV          equ	16109	;# 
  1857   003EED                     ADPREVL         equ	16109	;# 
  1858   003EEE                     ADPREVH         equ	16110	;# 
  1859   003EEF                     ADRES           equ	16111	;# 
  1860   003EEF                     ADRESL          equ	16111	;# 
  1861   003EF0                     ADRESH          equ	16112	;# 
  1862   003EF1                     ADPCH           equ	16113	;# 
  1863   003EF3                     ADACQ           equ	16115	;# 
  1864   003EF3                     ADACQL          equ	16115	;# 
  1865   003EF4                     ADACQH          equ	16116	;# 
  1866   003EF5                     ADCAP           equ	16117	;# 
  1867   003EF6                     ADPRE           equ	16118	;# 
  1868   003EF6                     ADPREL          equ	16118	;# 
  1869   003EF7                     ADPREH          equ	16119	;# 
  1870   003EF8                     ADCON0          equ	16120	;# 
  1871   003EF9                     ADCON1          equ	16121	;# 
  1872   003EFA                     ADCON2          equ	16122	;# 
  1873   003EFB                     ADCON3          equ	16123	;# 
  1874   003EFC                     ADSTAT          equ	16124	;# 
  1875   003EFD                     ADREF           equ	16125	;# 
  1876   003EFE                     ADACT           equ	16126	;# 
  1877   003EFF                     ADCLK           equ	16127	;# 
  1878   003F00                     SMT2TMR         equ	16128	;# 
  1879   003F00                     SMT2TMRL        equ	16128	;# 
  1880   003F01                     SMT2TMRH        equ	16129	;# 
  1881   003F02                     SMT2TMRU        equ	16130	;# 
  1882   003F03                     SMT2CPR         equ	16131	;# 
  1883   003F03                     SMT2CPRL        equ	16131	;# 
  1884   003F04                     SMT2CPRH        equ	16132	;# 
  1885   003F05                     SMT2CPRU        equ	16133	;# 
  1886   003F06                     SMT2CPW         equ	16134	;# 
  1887   003F06                     SMT2CPWL        equ	16134	;# 
  1888   003F07                     SMT2CPWH        equ	16135	;# 
  1889   003F08                     SMT2CPWU        equ	16136	;# 
  1890   003F09                     SMT2PR          equ	16137	;# 
  1891   003F09                     SMT2PRL         equ	16137	;# 
  1892   003F0A                     SMT2PRH         equ	16138	;# 
  1893   003F0B                     SMT2PRU         equ	16139	;# 
  1894   003F0C                     SMT2CON0        equ	16140	;# 
  1895   003F0D                     SMT2CON1        equ	16141	;# 
  1896   003F0E                     SMT2STAT        equ	16142	;# 
  1897   003F0F                     SMT2CLK         equ	16143	;# 
  1898   003F10                     SMT2SIG         equ	16144	;# 
  1899   003F11                     SMT2WIN         equ	16145	;# 
  1900   003F12                     SMT1TMR         equ	16146	;# 
  1901   003F12                     SMT1TMRL        equ	16146	;# 
  1902   003F13                     SMT1TMRH        equ	16147	;# 
  1903   003F14                     SMT1TMRU        equ	16148	;# 
  1904   003F15                     SMT1CPR         equ	16149	;# 
  1905   003F15                     SMT1CPRL        equ	16149	;# 
  1906   003F16                     SMT1CPRH        equ	16150	;# 
  1907   003F17                     SMT1CPRU        equ	16151	;# 
  1908   003F18                     SMT1CPW         equ	16152	;# 
  1909   003F18                     SMT1CPWL        equ	16152	;# 
  1910   003F19                     SMT1CPWH        equ	16153	;# 
  1911   003F1A                     SMT1CPWU        equ	16154	;# 
  1912   003F1B                     SMT1PR          equ	16155	;# 
  1913   003F1B                     SMT1PRL         equ	16155	;# 
  1914   003F1C                     SMT1PRH         equ	16156	;# 
  1915   003F1D                     SMT1PRU         equ	16157	;# 
  1916   003F1E                     SMT1CON0        equ	16158	;# 
  1917   003F1F                     SMT1CON1        equ	16159	;# 
  1918   003F20                     SMT1STAT        equ	16160	;# 
  1919   003F21                     SMT1CLK         equ	16161	;# 
  1920   003F22                     SMT1SIG         equ	16162	;# 
  1921   003F23                     SMT1WIN         equ	16163	;# 
  1922   003F38                     NCO1ACC         equ	16184	;# 
  1923   003F38                     NCO1ACCL        equ	16184	;# 
  1924   003F39                     NCO1ACCH        equ	16185	;# 
  1925   003F3A                     NCO1ACCU        equ	16186	;# 
  1926   003F3B                     NCO1INC         equ	16187	;# 
  1927   003F3B                     NCO1INCL        equ	16187	;# 
  1928   003F3C                     NCO1INCH        equ	16188	;# 
  1929   003F3D                     NCO1INCU        equ	16189	;# 
  1930   003F3E                     NCO1CON         equ	16190	;# 
  1931   003F3F                     NCO1CLK         equ	16191	;# 
  1932   003F40                     CWG3CLK         equ	16192	;# 
  1933   003F40                     CWG3CLKCON      equ	16192	;# 
  1934   003F41                     CWG3ISM         equ	16193	;# 
  1935   003F42                     CWG3DBR         equ	16194	;# 
  1936   003F43                     CWG3DBF         equ	16195	;# 
  1937   003F44                     CWG3CON0        equ	16196	;# 
  1938   003F45                     CWG3CON1        equ	16197	;# 
  1939   003F46                     CWG3AS0         equ	16198	;# 
  1940   003F47                     CWG3AS1         equ	16199	;# 
  1941   003F48                     CWG3STR         equ	16200	;# 
  1942   003F49                     CWG2CLK         equ	16201	;# 
  1943   003F49                     CWG2CLKCON      equ	16201	;# 
  1944   003F4A                     CWG2ISM         equ	16202	;# 
  1945   003F4B                     CWG2DBR         equ	16203	;# 
  1946   003F4C                     CWG2DBF         equ	16204	;# 
  1947   003F4D                     CWG2CON0        equ	16205	;# 
  1948   003F4E                     CWG2CON1        equ	16206	;# 
  1949   003F4F                     CWG2AS0         equ	16207	;# 
  1950   003F50                     CWG2AS1         equ	16208	;# 
  1951   003F51                     CWG2STR         equ	16209	;# 
  1952   003F52                     CWG1CLK         equ	16210	;# 
  1953   003F52                     CWG1CLKCON      equ	16210	;# 
  1954   003F53                     CWG1ISM         equ	16211	;# 
  1955   003F54                     CWG1DBR         equ	16212	;# 
  1956   003F55                     CWG1DBF         equ	16213	;# 
  1957   003F56                     CWG1CON0        equ	16214	;# 
  1958   003F57                     CWG1CON1        equ	16215	;# 
  1959   003F58                     CWG1AS0         equ	16216	;# 
  1960   003F59                     CWG1AS1         equ	16217	;# 
  1961   003F5A                     CWG1STR         equ	16218	;# 
  1962   003F5E                     CCPTMRS0        equ	16222	;# 
  1963   003F5F                     CCPTMRS1        equ	16223	;# 
  1964   003F60                     PWM8DC          equ	16224	;# 
  1965   003F60                     PWM8DCL         equ	16224	;# 
  1966   003F61                     PWM8DCH         equ	16225	;# 
  1967   003F62                     PWM8CON         equ	16226	;# 
  1968   003F64                     PWM7DC          equ	16228	;# 
  1969   003F64                     PWM7DCL         equ	16228	;# 
  1970   003F65                     PWM7DCH         equ	16229	;# 
  1971   003F66                     PWM7CON         equ	16230	;# 
  1972   003F68                     PWM6DC          equ	16232	;# 
  1973   003F68                     PWM6DCL         equ	16232	;# 
  1974   003F69                     PWM6DCH         equ	16233	;# 
  1975   003F6A                     PWM6CON         equ	16234	;# 
  1976   003F6C                     PWM5DC          equ	16236	;# 
  1977   003F6C                     PWM5DCL         equ	16236	;# 
  1978   003F6D                     PWM5DCH         equ	16237	;# 
  1979   003F6E                     PWM5CON         equ	16238	;# 
  1980   003F70                     CCPR4           equ	16240	;# 
  1981   003F70                     CCPR4L          equ	16240	;# 
  1982   003F71                     CCPR4H          equ	16241	;# 
  1983   003F72                     CCP4CON         equ	16242	;# 
  1984   003F73                     CCP4CAP         equ	16243	;# 
  1985   003F74                     CCPR3           equ	16244	;# 
  1986   003F74                     CCPR3L          equ	16244	;# 
  1987   003F75                     CCPR3H          equ	16245	;# 
  1988   003F76                     CCP3CON         equ	16246	;# 
  1989   003F77                     CCP3CAP         equ	16247	;# 
  1990   003F78                     CCPR2           equ	16248	;# 
  1991   003F78                     CCPR2L          equ	16248	;# 
  1992   003F79                     CCPR2H          equ	16249	;# 
  1993   003F7A                     CCP2CON         equ	16250	;# 
  1994   003F7B                     CCP2CAP         equ	16251	;# 
  1995   003F7C                     CCPR1           equ	16252	;# 
  1996   003F7C                     CCPR1L          equ	16252	;# 
  1997   003F7D                     CCPR1H          equ	16253	;# 
  1998   003F7E                     CCP1CON         equ	16254	;# 
  1999   003F7F                     CCP1CAP         equ	16255	;# 
  2000   003F80                     RXB0CON         equ	16256	;# 
  2001   003F81                     RXB0SIDH        equ	16257	;# 
  2002   003F82                     RXB0SIDL        equ	16258	;# 
  2003   003F83                     RXB0EIDH        equ	16259	;# 
  2004   003F84                     RXB0EIDL        equ	16260	;# 
  2005   003F85                     RXB0DLC         equ	16261	;# 
  2006   003F86                     RXB0D0          equ	16262	;# 
  2007   003F87                     RXB0D1          equ	16263	;# 
  2008   003F88                     RXB0D2          equ	16264	;# 
  2009   003F89                     RXB0D3          equ	16265	;# 
  2010   003F8A                     RXB0D4          equ	16266	;# 
  2011   003F8B                     RXB0D5          equ	16267	;# 
  2012   003F8C                     RXB0D6          equ	16268	;# 
  2013   003F8D                     RXB0D7          equ	16269	;# 
  2014   003F8E                     CANSTAT         equ	16270	;# 
  2015   003F8F                     CANCON          equ	16271	;# 
  2016   003F90                     COMSTAT         equ	16272	;# 
  2017   003F91                     ECANCON         equ	16273	;# 
  2018   003F92                     T6TMR           equ	16274	;# 
  2019   003F92                     TMR6            equ	16274	;# 
  2020   003F93                     T6PR            equ	16275	;# 
  2021   003F93                     PR6             equ	16275	;# 
  2022   003F94                     T6CON           equ	16276	;# 
  2023   003F95                     T6HLT           equ	16277	;# 
  2024   003F96                     T6CLKCON        equ	16278	;# 
  2025   003F96                     T6CLK           equ	16278	;# 
  2026   003F97                     T6RST           equ	16279	;# 
  2027   003F98                     TMR5L           equ	16280	;# 
  2028   003F99                     TMR5H           equ	16281	;# 
  2029   003F9A                     T5CON           equ	16282	;# 
  2030   003F9A                     TMR5CON         equ	16282	;# 
  2031   003F9B                     T5GCON          equ	16283	;# 
  2032   003F9B                     TMR5GCON        equ	16283	;# 
  2033   003F9C                     T5GATE          equ	16284	;# 
  2034   003F9C                     TMR5GATE        equ	16284	;# 
  2035   003F9D                     T5CLK           equ	16285	;# 
  2036   003F9D                     TMR5CLK         equ	16285	;# 
  2037   003F9E                     T4TMR           equ	16286	;# 
  2038   003F9E                     TMR4            equ	16286	;# 
  2039   003F9F                     T4PR            equ	16287	;# 
  2040   003F9F                     PR4             equ	16287	;# 
  2041   003FA0                     T4CON           equ	16288	;# 
  2042   003FA1                     T4HLT           equ	16289	;# 
  2043   003FA2                     T4CLKCON        equ	16290	;# 
  2044   003FA2                     T4CLK           equ	16290	;# 
  2045   003FA3                     T4RST           equ	16291	;# 
  2046   003FA4                     TMR3L           equ	16292	;# 
  2047   003FA5                     TMR3H           equ	16293	;# 
  2048   003FA6                     T3CON           equ	16294	;# 
  2049   003FA6                     TMR3CON         equ	16294	;# 
  2050   003FA7                     T3GCON          equ	16295	;# 
  2051   003FA7                     TMR3GCON        equ	16295	;# 
  2052   003FA8                     T3GATE          equ	16296	;# 
  2053   003FA8                     TMR3GATE        equ	16296	;# 
  2054   003FA9                     T3CLK           equ	16297	;# 
  2055   003FA9                     TMR3CLK         equ	16297	;# 
  2056   003FAA                     T2TMR           equ	16298	;# 
  2057   003FAA                     TMR2            equ	16298	;# 
  2058   003FAB                     T2PR            equ	16299	;# 
  2059   003FAB                     PR2             equ	16299	;# 
  2060   003FAC                     T2CON           equ	16300	;# 
  2061   003FAD                     T2HLT           equ	16301	;# 
  2062   003FAE                     T2CLKCON        equ	16302	;# 
  2063   003FAE                     T2CLK           equ	16302	;# 
  2064   003FAF                     T2RST           equ	16303	;# 
  2065   003FB0                     TMR1L           equ	16304	;# 
  2066   003FB1                     TMR1H           equ	16305	;# 
  2067   003FB2                     T1CON           equ	16306	;# 
  2068   003FB2                     TMR1CON         equ	16306	;# 
  2069   003FB3                     T1GCON          equ	16307	;# 
  2070   003FB3                     TMR1GCON        equ	16307	;# 
  2071   003FB4                     T1GATE          equ	16308	;# 
  2072   003FB4                     TMR1GATE        equ	16308	;# 
  2073   003FB5                     T1CLK           equ	16309	;# 
  2074   003FB5                     TMR1CLK         equ	16309	;# 
  2075   003FB6                     TMR0L           equ	16310	;# 
  2076   003FB6                     TMR0            equ	16310	;# 
  2077   003FB7                     TMR0H           equ	16311	;# 
  2078   003FB7                     PR0             equ	16311	;# 
  2079   003FB8                     T0CON0          equ	16312	;# 
  2080   003FB9                     T0CON1          equ	16313	;# 
  2081   003FBA                     LATA            equ	16314	;# 
  2082   003FBB                     LATB            equ	16315	;# 
  2083   003FBC                     LATC            equ	16316	;# 
  2084   003FC2                     TRISA           equ	16322	;# 
  2085   003FC3                     TRISB           equ	16323	;# 
  2086   003FC4                     TRISC           equ	16324	;# 
  2087   003FCA                     PORTA           equ	16330	;# 
  2088   003FCB                     PORTB           equ	16331	;# 
  2089   003FCC                     PORTC           equ	16332	;# 
  2090   003FCE                     PORTE           equ	16334	;# 
  2091   003FD2                     INTCON0         equ	16338	;# 
  2092   003FD3                     INTCON1         equ	16339	;# 
  2093   003FD4                     IVTLOCK         equ	16340	;# 
  2094   003FD5                     IVTBASE         equ	16341	;# 
  2095   003FD5                     IVTBASEL        equ	16341	;# 
  2096   003FD6                     IVTBASEH        equ	16342	;# 
  2097   003FD7                     IVTBASEU        equ	16343	;# 
  2098   003FD8                     STATUS          equ	16344	;# 
  2099   003FD9                     FSR2            equ	16345	;# 
  2100   003FD9                     FSR2L           equ	16345	;# 
  2101   003FDA                     FSR2H           equ	16346	;# 
  2102   003FDB                     PLUSW2          equ	16347	;# 
  2103   003FDC                     PREINC2         equ	16348	;# 
  2104   003FDD                     POSTDEC2        equ	16349	;# 
  2105   003FDE                     POSTINC2        equ	16350	;# 
  2106   003FDF                     INDF2           equ	16351	;# 
  2107   003FE0                     BSR             equ	16352	;# 
  2108   003FE1                     FSR1            equ	16353	;# 
  2109   003FE1                     FSR1L           equ	16353	;# 
  2110   003FE2                     FSR1H           equ	16354	;# 
  2111   003FE3                     PLUSW1          equ	16355	;# 
  2112   003FE4                     PREINC1         equ	16356	;# 
  2113   003FE5                     POSTDEC1        equ	16357	;# 
  2114   003FE6                     POSTINC1        equ	16358	;# 
  2115   003FE7                     INDF1           equ	16359	;# 
  2116   003FE8                     WREG            equ	16360	;# 
  2117   003FE9                     FSR0            equ	16361	;# 
  2118   003FE9                     FSR0L           equ	16361	;# 
  2119   003FEA                     FSR0H           equ	16362	;# 
  2120   003FEB                     PLUSW0          equ	16363	;# 
  2121   003FEC                     PREINC0         equ	16364	;# 
  2122   003FED                     POSTDEC0        equ	16365	;# 
  2123   003FEE                     POSTINC0        equ	16366	;# 
  2124   003FEF                     INDF0           equ	16367	;# 
  2125   003FF0                     PCON0           equ	16368	;# 
  2126   003FF1                     PCON1           equ	16369	;# 
  2127   003FF3                     PROD            equ	16371	;# 
  2128   003FF3                     PRODL           equ	16371	;# 
  2129   003FF4                     PRODH           equ	16372	;# 
  2130   003FF5                     TABLAT          equ	16373	;# 
  2131   003FF6                     TBLPTR          equ	16374	;# 
  2132   003FF6                     TBLPTRL         equ	16374	;# 
  2133   003FF7                     TBLPTRH         equ	16375	;# 
  2134   003FF8                     TBLPTRU         equ	16376	;# 
  2135   003FF9                     PCLAT           equ	16377	;# 
  2136   003FF9                     PCL             equ	16377	;# 
  2137   003FFA                     PCLATH          equ	16378	;# 
  2138   003FFB                     PCLATU          equ	16379	;# 
  2139   003FFC                     STKPTR          equ	16380	;# 
  2140   003FFD                     TOS             equ	16381	;# 
  2141   003FFD                     TOSL            equ	16381	;# 
  2142   003FFE                     TOSH            equ	16382	;# 
  2143   003FFF                     TOSU            equ	16383	;# 
  2144   003700                     CIOCON          equ	14080	;# 
  2145   003701                     RXERRCNT        equ	14081	;# 
  2146   003702                     TXERRCNT        equ	14082	;# 
  2147   003703                     BRGCON1         equ	14083	;# 
  2148   003704                     BRGCON2         equ	14084	;# 
  2149   003705                     BRGCON3         equ	14085	;# 
  2150   003706                     RXFCON0         equ	14086	;# 
  2151   003707                     RXFCON1         equ	14087	;# 
  2152   003708                     RXF6SIDH        equ	14088	;# 
  2153   003709                     RXF6SIDL        equ	14089	;# 
  2154   00370A                     RXF6EIDH        equ	14090	;# 
  2155   00370B                     RXF6EIDL        equ	14091	;# 
  2156   00370C                     RXF7SIDH        equ	14092	;# 
  2157   00370D                     RXF7SIDL        equ	14093	;# 
  2158   00370E                     RXF7EIDH        equ	14094	;# 
  2159   00370F                     RXF7EIDL        equ	14095	;# 
  2160   003710                     RXF8SIDH        equ	14096	;# 
  2161   003711                     RXF8SIDL        equ	14097	;# 
  2162   003712                     RXF8EIDH        equ	14098	;# 
  2163   003713                     RXF8EIDL        equ	14099	;# 
  2164   003714                     RXF9SIDH        equ	14100	;# 
  2165   003715                     RXF9SIDL        equ	14101	;# 
  2166   003716                     RXF9EIDH        equ	14102	;# 
  2167   003717                     RXF9EIDL        equ	14103	;# 
  2168   003718                     RXF10SIDH       equ	14104	;# 
  2169   003719                     RXF10SIDL       equ	14105	;# 
  2170   00371A                     RXF10EIDH       equ	14106	;# 
  2171   00371B                     RXF10EIDL       equ	14107	;# 
  2172   00371C                     RXF11SIDH       equ	14108	;# 
  2173   00371D                     RXF11SIDL       equ	14109	;# 
  2174   00371E                     RXF11EIDH       equ	14110	;# 
  2175   00371F                     RXF11EIDL       equ	14111	;# 
  2176   003720                     RXF12SIDH       equ	14112	;# 
  2177   003721                     RXF12SIDL       equ	14113	;# 
  2178   003722                     RXF12EIDH       equ	14114	;# 
  2179   003723                     RXF12EIDL       equ	14115	;# 
  2180   003724                     RXF13SIDH       equ	14116	;# 
  2181   003725                     RXF13SIDL       equ	14117	;# 
  2182   003726                     RXF13EIDH       equ	14118	;# 
  2183   003727                     RXF13EIDL       equ	14119	;# 
  2184   003728                     RXF14SIDH       equ	14120	;# 
  2185   003729                     RXF14SIDL       equ	14121	;# 
  2186   00372A                     RXF14EIDH       equ	14122	;# 
  2187   00372B                     RXF14EIDL       equ	14123	;# 
  2188   00372C                     RXF15SIDH       equ	14124	;# 
  2189   00372D                     RXF15SIDL       equ	14125	;# 
  2190   00372E                     RXF15EIDH       equ	14126	;# 
  2191   00372F                     RXF15EIDL       equ	14127	;# 
  2192   003730                     SDFLC           equ	14128	;# 
  2193   003731                     RXFBCON0        equ	14129	;# 
  2194   003732                     RXFBCON1        equ	14130	;# 
  2195   003733                     RXFBCON2        equ	14131	;# 
  2196   003734                     RXFBCON3        equ	14132	;# 
  2197   003735                     RXFBCON4        equ	14133	;# 
  2198   003736                     RXFBCON5        equ	14134	;# 
  2199   003737                     RXFBCON6        equ	14135	;# 
  2200   003738                     RXFBCON7        equ	14136	;# 
  2201   003739                     MSEL0           equ	14137	;# 
  2202   00373A                     MSEL1           equ	14138	;# 
  2203   00373B                     MSEL2           equ	14139	;# 
  2204   00373C                     MSEL3           equ	14140	;# 
  2205   00373D                     BSEL0           equ	14141	;# 
  2206   00373E                     BIE0            equ	14142	;# 
  2207   00373F                     TXBIE           equ	14143	;# 
  2208   003740                     B0CON           equ	14144	;# 
  2209   003741                     B0SIDH          equ	14145	;# 
  2210   003742                     B0SIDL          equ	14146	;# 
  2211   003743                     B0EIDH          equ	14147	;# 
  2212   003744                     B0EIDL          equ	14148	;# 
  2213   003745                     B0DLC           equ	14149	;# 
  2214   003746                     B0D0            equ	14150	;# 
  2215   003747                     B0D1            equ	14151	;# 
  2216   003748                     B0D2            equ	14152	;# 
  2217   003749                     B0D3            equ	14153	;# 
  2218   00374A                     B0D4            equ	14154	;# 
  2219   00374B                     B0D5            equ	14155	;# 
  2220   00374C                     B0D6            equ	14156	;# 
  2221   00374D                     B0D7            equ	14157	;# 
  2222   00374E                     CANSTAT_RO9     equ	14158	;# 
  2223   00374F                     CANCON_RO9      equ	14159	;# 
  2224   003750                     B1CON           equ	14160	;# 
  2225   003751                     B1SIDH          equ	14161	;# 
  2226   003752                     B1SIDL          equ	14162	;# 
  2227   003753                     B1EIDH          equ	14163	;# 
  2228   003754                     B1EIDL          equ	14164	;# 
  2229   003755                     B1DLC           equ	14165	;# 
  2230   003756                     B1D0            equ	14166	;# 
  2231   003757                     B1D1            equ	14167	;# 
  2232   003758                     B1D2            equ	14168	;# 
  2233   003759                     B1D3            equ	14169	;# 
  2234   00375A                     B1D4            equ	14170	;# 
  2235   00375B                     B1D5            equ	14171	;# 
  2236   00375C                     B1D6            equ	14172	;# 
  2237   00375D                     B1D7            equ	14173	;# 
  2238   00375E                     CANSTAT_RO8     equ	14174	;# 
  2239   00375F                     CANCON_RO8      equ	14175	;# 
  2240   003760                     B2CON           equ	14176	;# 
  2241   003761                     B2SIDH          equ	14177	;# 
  2242   003762                     B2SIDL          equ	14178	;# 
  2243   003763                     B2EIDH          equ	14179	;# 
  2244   003764                     B2EIDL          equ	14180	;# 
  2245   003765                     B2DLC           equ	14181	;# 
  2246   003766                     B2D0            equ	14182	;# 
  2247   003767                     B2D1            equ	14183	;# 
  2248   003768                     B2D2            equ	14184	;# 
  2249   003769                     B2D3            equ	14185	;# 
  2250   00376A                     B2D4            equ	14186	;# 
  2251   00376B                     B2D5            equ	14187	;# 
  2252   00376C                     B2D6            equ	14188	;# 
  2253   00376D                     B2D7            equ	14189	;# 
  2254   00376E                     CANSTAT_RO7     equ	14190	;# 
  2255   00376F                     CANCON_RO7      equ	14191	;# 
  2256   003770                     B3CON           equ	14192	;# 
  2257   003771                     B3SIDH          equ	14193	;# 
  2258   003772                     B3SIDL          equ	14194	;# 
  2259   003773                     B3EIDH          equ	14195	;# 
  2260   003774                     B3EIDL          equ	14196	;# 
  2261   003775                     B3DLC           equ	14197	;# 
  2262   003776                     B3D0            equ	14198	;# 
  2263   003777                     B3D1            equ	14199	;# 
  2264   003778                     B3D2            equ	14200	;# 
  2265   003779                     B3D3            equ	14201	;# 
  2266   00377A                     B3D4            equ	14202	;# 
  2267   00377B                     B3D5            equ	14203	;# 
  2268   00377C                     B3D6            equ	14204	;# 
  2269   00377D                     B3D7            equ	14205	;# 
  2270   00377E                     CANSTAT_RO6     equ	14206	;# 
  2271   00377F                     CANCON_RO6      equ	14207	;# 
  2272   003780                     B4CON           equ	14208	;# 
  2273   003781                     B4SIDH          equ	14209	;# 
  2274   003782                     B4SIDL          equ	14210	;# 
  2275   003783                     B4EIDH          equ	14211	;# 
  2276   003784                     B4EIDL          equ	14212	;# 
  2277   003785                     B4DLC           equ	14213	;# 
  2278   003786                     B4D0            equ	14214	;# 
  2279   003787                     B4D1            equ	14215	;# 
  2280   003788                     B4D2            equ	14216	;# 
  2281   003789                     B4D3            equ	14217	;# 
  2282   00378A                     B4D4            equ	14218	;# 
  2283   00378B                     B4D5            equ	14219	;# 
  2284   00378C                     B4D6            equ	14220	;# 
  2285   00378D                     B4D7            equ	14221	;# 
  2286   00378E                     CANSTAT_RO5     equ	14222	;# 
  2287   00378F                     CANCON_RO5      equ	14223	;# 
  2288   003790                     B5CON           equ	14224	;# 
  2289   003791                     B5SIDH          equ	14225	;# 
  2290   003792                     B5SIDL          equ	14226	;# 
  2291   003793                     B5EIDH          equ	14227	;# 
  2292   003794                     B5EIDL          equ	14228	;# 
  2293   003795                     B5DLC           equ	14229	;# 
  2294   003796                     B5D0            equ	14230	;# 
  2295   003797                     B5D1            equ	14231	;# 
  2296   003798                     B5D2            equ	14232	;# 
  2297   003799                     B5D3            equ	14233	;# 
  2298   00379A                     B5D4            equ	14234	;# 
  2299   00379B                     B5D5            equ	14235	;# 
  2300   00379C                     B5D6            equ	14236	;# 
  2301   00379D                     B5D7            equ	14237	;# 
  2302   00379E                     CANSTAT_RO4     equ	14238	;# 
  2303   00379F                     CANCON_RO4      equ	14239	;# 
  2304   0037A0                     RXF0SIDH        equ	14240	;# 
  2305   0037A1                     RXF0SIDL        equ	14241	;# 
  2306   0037A2                     RXF0EIDH        equ	14242	;# 
  2307   0037A3                     RXF0EIDL        equ	14243	;# 
  2308   0037A4                     RXF1SIDH        equ	14244	;# 
  2309   0037A5                     RXF1SIDL        equ	14245	;# 
  2310   0037A6                     RXF1EIDH        equ	14246	;# 
  2311   0037A7                     RXF1EIDL        equ	14247	;# 
  2312   0037A8                     RXF2SIDH        equ	14248	;# 
  2313   0037A9                     RXF2SIDL        equ	14249	;# 
  2314   0037AA                     RXF2EIDH        equ	14250	;# 
  2315   0037AB                     RXF2EIDL        equ	14251	;# 
  2316   0037AC                     RXF3SIDH        equ	14252	;# 
  2317   0037AD                     RXF3SIDL        equ	14253	;# 
  2318   0037AE                     RXF3EIDH        equ	14254	;# 
  2319   0037AF                     RXF3EIDL        equ	14255	;# 
  2320   0037B0                     RXF4SIDH        equ	14256	;# 
  2321   0037B1                     RXF4SIDL        equ	14257	;# 
  2322   0037B2                     RXF4EIDH        equ	14258	;# 
  2323   0037B3                     RXF4EIDL        equ	14259	;# 
  2324   0037B4                     RXF5SIDH        equ	14260	;# 
  2325   0037B5                     RXF5SIDL        equ	14261	;# 
  2326   0037B6                     RXF5EIDH        equ	14262	;# 
  2327   0037B7                     RXF5EIDL        equ	14263	;# 
  2328   0037B8                     RXM0SIDH        equ	14264	;# 
  2329   0037B9                     RXM0SIDL        equ	14265	;# 
  2330   0037BA                     RXM0EIDH        equ	14266	;# 
  2331   0037BB                     RXM0EIDL        equ	14267	;# 
  2332   0037BC                     RXM1SIDH        equ	14268	;# 
  2333   0037BD                     RXM1SIDL        equ	14269	;# 
  2334   0037BE                     RXM1EIDH        equ	14270	;# 
  2335   0037BF                     RXM1EIDL        equ	14271	;# 
  2336   0037C0                     TXB2CON         equ	14272	;# 
  2337   0037C1                     TXB2SIDH        equ	14273	;# 
  2338   0037C2                     TXB2SIDL        equ	14274	;# 
  2339   0037C3                     TXB2EIDH        equ	14275	;# 
  2340   0037C4                     TXB2EIDL        equ	14276	;# 
  2341   0037C5                     TXB2DLC         equ	14277	;# 
  2342   0037C6                     TXB2D0          equ	14278	;# 
  2343   0037C7                     TXB2D1          equ	14279	;# 
  2344   0037C8                     TXB2D2          equ	14280	;# 
  2345   0037C9                     TXB2D3          equ	14281	;# 
  2346   0037CA                     TXB2D4          equ	14282	;# 
  2347   0037CB                     TXB2D5          equ	14283	;# 
  2348   0037CC                     TXB2D6          equ	14284	;# 
  2349   0037CD                     TXB2D7          equ	14285	;# 
  2350   0037CE                     CANSTAT_R03     equ	14286	;# 
  2351   0037CF                     CANCON_R03      equ	14287	;# 
  2352   0037D0                     TXB1CON         equ	14288	;# 
  2353   0037D1                     TXB1SIDH        equ	14289	;# 
  2354   0037D2                     TXB1SIDL        equ	14290	;# 
  2355   0037D3                     TXB1EIDH        equ	14291	;# 
  2356   0037D4                     TXB1EIDL        equ	14292	;# 
  2357   0037D5                     TXB1DLC         equ	14293	;# 
  2358   0037D6                     TXB1D0          equ	14294	;# 
  2359   0037D7                     TXB1D1          equ	14295	;# 
  2360   0037D8                     TXB1D2          equ	14296	;# 
  2361   0037D9                     TXB1D3          equ	14297	;# 
  2362   0037DA                     TXB1D4          equ	14298	;# 
  2363   0037DB                     TXB1D5          equ	14299	;# 
  2364   0037DC                     TXB1D6          equ	14300	;# 
  2365   0037DD                     TXB1D7          equ	14301	;# 
  2366   0037DE                     CANSTAT_RO2     equ	14302	;# 
  2367   0037DF                     CANCON_RO2      equ	14303	;# 
  2368   0037E0                     TXB0CON         equ	14304	;# 
  2369   0037E1                     TXB0SIDH        equ	14305	;# 
  2370   0037E2                     TXB0SIDL        equ	14306	;# 
  2371   0037E3                     TXB0EIDH        equ	14307	;# 
  2372   0037E4                     TXB0EIDL        equ	14308	;# 
  2373   0037E5                     TXB0DLC         equ	14309	;# 
  2374   0037E6                     TXB0D0          equ	14310	;# 
  2375   0037E7                     TXB0D1          equ	14311	;# 
  2376   0037E8                     TXB0D2          equ	14312	;# 
  2377   0037E9                     TXB0D3          equ	14313	;# 
  2378   0037EA                     TXB0D4          equ	14314	;# 
  2379   0037EB                     TXB0D5          equ	14315	;# 
  2380   0037EC                     TXB0D6          equ	14316	;# 
  2381   0037ED                     TXB0D7          equ	14317	;# 
  2382   0037EE                     CANSTAT_RO1     equ	14318	;# 
  2383   0037EF                     CANCON_RO1      equ	14319	;# 
  2384   0037F0                     RXB1CON         equ	14320	;# 
  2385   0037F1                     RXB1SIDH        equ	14321	;# 
  2386   0037F2                     RXB1SIDL        equ	14322	;# 
  2387   0037F3                     RXB1EIDH        equ	14323	;# 
  2388   0037F4                     RXB1EIDL        equ	14324	;# 
  2389   0037F5                     RXB1DLC         equ	14325	;# 
  2390   0037F6                     RXB1D0          equ	14326	;# 
  2391   0037F7                     RXB1D1          equ	14327	;# 
  2392   0037F8                     RXB1D2          equ	14328	;# 
  2393   0037F9                     RXB1D3          equ	14329	;# 
  2394   0037FA                     RXB1D4          equ	14330	;# 
  2395   0037FB                     RXB1D5          equ	14331	;# 
  2396   0037FC                     RXB1D6          equ	14332	;# 
  2397   0037FD                     RXB1D7          equ	14333	;# 
  2398   0037FE                     CANSTAT_RO0     equ	14334	;# 
  2399   0037FF                     CANCON_RO0      equ	14335	;# 
  2400   003880                     STATUS_CSHAD    equ	14464	;# 
  2401   003881                     WREG_CSHAD      equ	14465	;# 
  2402   003882                     BSR_CSHAD       equ	14466	;# 
  2403   003883                     SHADCON         equ	14467	;# 
  2404   003884                     STATUS_SHAD     equ	14468	;# 
  2405   003885                     WREG_SHAD       equ	14469	;# 
  2406   003886                     BSR_SHAD        equ	14470	;# 
  2407   003887                     PCLATH_SHAD     equ	14471	;# 
  2408   003888                     PCLATU_SHAD     equ	14472	;# 
  2409   003889                     FSR0SH          equ	14473	;# 
  2410   003889                     FSR0L_SHAD      equ	14473	;# 
  2411   00388A                     FSR0H_SHAD      equ	14474	;# 
  2412   00388B                     FSR1SH          equ	14475	;# 
  2413   00388B                     FSR1L_SHAD      equ	14475	;# 
  2414   00388C                     FSR1H_SHAD      equ	14476	;# 
  2415   00388D                     FSR2SH          equ	14477	;# 
  2416   00388D                     FSR2L_SHAD      equ	14477	;# 
  2417   00388E                     FSR2H_SHAD      equ	14478	;# 
  2418   00388F                     PRODSH          equ	14479	;# 
  2419   00388F                     PRODL_SHAD      equ	14479	;# 
  2420   003890                     PRODH_SHAD      equ	14480	;# 
  2421   00389D                     IVTADL          equ	14493	;# 
  2422   00389E                     IVTADH          equ	14494	;# 
  2423   00389F                     IVTADU          equ	14495	;# 
  2424   00395B                     WDTCON0         equ	14683	;# 
  2425   00395C                     WDTCON1         equ	14684	;# 
  2426   00395D                     WDTPSL          equ	14685	;# 
  2427   00395E                     WDTPSH          equ	14686	;# 
  2428   00395F                     WDTTMR          equ	14687	;# 
  2429   003960                     CRCDATA         equ	14688	;# 
  2430   003960                     CRCDATL         equ	14688	;# 
  2431   003961                     CRCDATH         equ	14689	;# 
  2432   003962                     CRCACC          equ	14690	;# 
  2433   003962                     CRCACCL         equ	14690	;# 
  2434   003963                     CRCACCH         equ	14691	;# 
  2435   003964                     CRCSHFT         equ	14692	;# 
  2436   003964                     CRCSHIFTL       equ	14692	;# 
  2437   003965                     CRCSHIFTH       equ	14693	;# 
  2438   003966                     CRCXOR          equ	14694	;# 
  2439   003966                     CRCXORL         equ	14694	;# 
  2440   003967                     CRCXORH         equ	14695	;# 
  2441   003968                     CRCCON0         equ	14696	;# 
  2442   003969                     CRCCON1         equ	14697	;# 
  2443   003976                     SCANLADR        equ	14710	;# 
  2444   003976                     SCANLADRL       equ	14710	;# 
  2445   003977                     SCANLADRH       equ	14711	;# 
  2446   003978                     SCANLADRU       equ	14712	;# 
  2447   003979                     SCANHADR        equ	14713	;# 
  2448   003979                     SCANHADRL       equ	14713	;# 
  2449   00397A                     SCANHADRH       equ	14714	;# 
  2450   00397B                     SCANHADRU       equ	14715	;# 
  2451   00397C                     SCANCON0        equ	14716	;# 
  2452   00397D                     SCANTRIG        equ	14717	;# 
  2453   003980                     IPR0            equ	14720	;# 
  2454   003981                     IPR1            equ	14721	;# 
  2455   003982                     IPR2            equ	14722	;# 
  2456   003983                     IPR3            equ	14723	;# 
  2457   003984                     IPR4            equ	14724	;# 
  2458   003985                     IPR5            equ	14725	;# 
  2459   003986                     IPR6            equ	14726	;# 
  2460   003987                     IPR7            equ	14727	;# 
  2461   003988                     IPR8            equ	14728	;# 
  2462   003989                     IPR9            equ	14729	;# 
  2463   003990                     PIE0            equ	14736	;# 
  2464   003991                     PIE1            equ	14737	;# 
  2465   003992                     PIE2            equ	14738	;# 
  2466   003993                     PIE3            equ	14739	;# 
  2467   003994                     PIE4            equ	14740	;# 
  2468   003995                     PIE5            equ	14741	;# 
  2469   003996                     PIE6            equ	14742	;# 
  2470   003997                     PIE7            equ	14743	;# 
  2471   003998                     PIE8            equ	14744	;# 
  2472   003999                     PIE9            equ	14745	;# 
  2473   0039A0                     PIR0            equ	14752	;# 
  2474   0039A1                     PIR1            equ	14753	;# 
  2475   0039A2                     PIR2            equ	14754	;# 
  2476   0039A3                     PIR3            equ	14755	;# 
  2477   0039A4                     PIR4            equ	14756	;# 
  2478   0039A5                     PIR5            equ	14757	;# 
  2479   0039A6                     PIR6            equ	14758	;# 
  2480   0039A7                     PIR7            equ	14759	;# 
  2481   0039A8                     PIR8            equ	14760	;# 
  2482   0039A9                     PIR9            equ	14761	;# 
  2483   0039C0                     PMD0            equ	14784	;# 
  2484   0039C1                     PMD1            equ	14785	;# 
  2485   0039C2                     PMD2            equ	14786	;# 
  2486   0039C3                     PMD3            equ	14787	;# 
  2487   0039C4                     PMD4            equ	14788	;# 
  2488   0039C5                     PMD5            equ	14789	;# 
  2489   0039C6                     PMD6            equ	14790	;# 
  2490   0039C7                     PMD7            equ	14791	;# 
  2491   0039D0                     BORCON          equ	14800	;# 
  2492   0039D1                     VREGCON         equ	14801	;# 
  2493   0039D8                     CPUDOZE         equ	14808	;# 
  2494   0039D9                     OSCCON1         equ	14809	;# 
  2495   0039DA                     OSCCON2         equ	14810	;# 
  2496   0039DB                     OSCCON3         equ	14811	;# 
  2497   0039DC                     OSCSTAT         equ	14812	;# 
  2498   0039DC                     OSCSTAT1        equ	14812	;# 
  2499   0039DD                     OSCEN           equ	14813	;# 
  2500   0039DE                     OSCTUNE         equ	14814	;# 
  2501   0039DF                     OSCFRQ          equ	14815	;# 
  2502   0039E0                     NVMADRL         equ	14816	;# 
  2503   0039E1                     NVMADRH         equ	14817	;# 
  2504   0039E3                     NVMDAT          equ	14819	;# 
  2505   0039E5                     NVMCON1         equ	14821	;# 
  2506   0039E6                     NVMCON2         equ	14822	;# 
  2507   0039EF                     PRLOCK          equ	14831	;# 
  2508   0039F1                     ISRPR           equ	14833	;# 
  2509   0039F2                     MAINPR          equ	14834	;# 
  2510   0039F3                     DMA1PR          equ	14835	;# 
  2511   0039F4                     DMA2PR          equ	14836	;# 
  2512   0039F7                     SCANPR          equ	14839	;# 
  2513   003A00                     RA0PPS          equ	14848	;# 
  2514   003A01                     RA1PPS          equ	14849	;# 
  2515   003A02                     RA2PPS          equ	14850	;# 
  2516   003A03                     RA3PPS          equ	14851	;# 
  2517   003A04                     RA4PPS          equ	14852	;# 
  2518   003A05                     RA5PPS          equ	14853	;# 
  2519   003A06                     RA6PPS          equ	14854	;# 
  2520   003A07                     RA7PPS          equ	14855	;# 
  2521   003A08                     RB0PPS          equ	14856	;# 
  2522   003A09                     RB1PPS          equ	14857	;# 
  2523   003A0A                     RB2PPS          equ	14858	;# 
  2524   003A0B                     RB3PPS          equ	14859	;# 
  2525   003A0C                     RB4PPS          equ	14860	;# 
  2526   003A0D                     RB5PPS          equ	14861	;# 
  2527   003A0E                     RB6PPS          equ	14862	;# 
  2528   003A0F                     RB7PPS          equ	14863	;# 
  2529   003A10                     RC0PPS          equ	14864	;# 
  2530   003A11                     RC1PPS          equ	14865	;# 
  2531   003A12                     RC2PPS          equ	14866	;# 
  2532   003A13                     RC3PPS          equ	14867	;# 
  2533   003A14                     RC4PPS          equ	14868	;# 
  2534   003A15                     RC5PPS          equ	14869	;# 
  2535   003A16                     RC6PPS          equ	14870	;# 
  2536   003A17                     RC7PPS          equ	14871	;# 
  2537   003A40                     ANSELA          equ	14912	;# 
  2538   003A41                     WPUA            equ	14913	;# 
  2539   003A42                     ODCONA          equ	14914	;# 
  2540   003A43                     SLRCONA         equ	14915	;# 
  2541   003A44                     INLVLA          equ	14916	;# 
  2542   003A45                     IOCAP           equ	14917	;# 
  2543   003A46                     IOCAN           equ	14918	;# 
  2544   003A47                     IOCAF           equ	14919	;# 
  2545   003A50                     ANSELB          equ	14928	;# 
  2546   003A51                     WPUB            equ	14929	;# 
  2547   003A52                     ODCONB          equ	14930	;# 
  2548   003A53                     SLRCONB         equ	14931	;# 
  2549   003A54                     INLVLB          equ	14932	;# 
  2550   003A55                     IOCBP           equ	14933	;# 
  2551   003A56                     IOCBN           equ	14934	;# 
  2552   003A57                     IOCBF           equ	14935	;# 
  2553   003A5A                     RB1I2C          equ	14938	;# 
  2554   003A5B                     RB2I2C          equ	14939	;# 
  2555   003A60                     ANSELC          equ	14944	;# 
  2556   003A61                     WPUC            equ	14945	;# 
  2557   003A62                     ODCONC          equ	14946	;# 
  2558   003A63                     SLRCONC         equ	14947	;# 
  2559   003A64                     INLVLC          equ	14948	;# 
  2560   003A65                     IOCCP           equ	14949	;# 
  2561   003A66                     IOCCN           equ	14950	;# 
  2562   003A67                     IOCCF           equ	14951	;# 
  2563   003A6A                     RC3I2C          equ	14954	;# 
  2564   003A6B                     RC4I2C          equ	14955	;# 
  2565   003A81                     WPUE            equ	14977	;# 
  2566   003A84                     INLVLE          equ	14980	;# 
  2567   003A85                     IOCEP           equ	14981	;# 
  2568   003A86                     IOCEN           equ	14982	;# 
  2569   003A87                     IOCEF           equ	14983	;# 
  2570   003ABF                     PPSLOCK         equ	15039	;# 
  2571   003AC0                     INT0PPS         equ	15040	;# 
  2572   003AC1                     INT1PPS         equ	15041	;# 
  2573   003AC2                     INT2PPS         equ	15042	;# 
  2574   003AC3                     T0CKIPPS        equ	15043	;# 
  2575   003AC4                     T1CKIPPS        equ	15044	;# 
  2576   003AC5                     T1GPPS          equ	15045	;# 
  2577   003AC6                     T3CKIPPS        equ	15046	;# 
  2578   003AC7                     T3GPPS          equ	15047	;# 
  2579   003AC8                     T5CKIPPS        equ	15048	;# 
  2580   003AC9                     T5GPPS          equ	15049	;# 
  2581   003ACA                     T2INPPS         equ	15050	;# 
  2582   003ACB                     T4INPPS         equ	15051	;# 
  2583   003ACC                     T6INPPS         equ	15052	;# 
  2584   003ACD                     CCP1PPS         equ	15053	;# 
  2585   003ACE                     CCP2PPS         equ	15054	;# 
  2586   003ACF                     CCP3PPS         equ	15055	;# 
  2587   003AD0                     CCP4PPS         equ	15056	;# 
  2588   003AD1                     SMT1WINPPS      equ	15057	;# 
  2589   003AD2                     SMT1SIGPPS      equ	15058	;# 
  2590   003AD3                     SMT2WINPPS      equ	15059	;# 
  2591   003AD4                     SMT2SIGPPS      equ	15060	;# 
  2592   003AD5                     CWG1INPPS       equ	15061	;# 
  2593   003AD6                     CWG2INPPS       equ	15062	;# 
  2594   003AD7                     CWG3INPPS       equ	15063	;# 
  2595   003AD8                     MD1CARLPPS      equ	15064	;# 
  2596   003AD9                     MD1CARHPPS      equ	15065	;# 
  2597   003ADA                     MD1SRCPPS       equ	15066	;# 
  2598   003ADB                     CLCIN0PPS       equ	15067	;# 
  2599   003ADC                     CLCIN1PPS       equ	15068	;# 
  2600   003ADD                     CLCIN2PPS       equ	15069	;# 
  2601   003ADE                     CLCIN3PPS       equ	15070	;# 
  2602   003ADF                     ADACTPPS        equ	15071	;# 
  2603   003AE0                     SPI1SCKPPS      equ	15072	;# 
  2604   003AE1                     SPI1SDIPPS      equ	15073	;# 
  2605   003AE2                     SPI1SSPPS       equ	15074	;# 
  2606   003AE3                     I2C1SCLPPS      equ	15075	;# 
  2607   003AE4                     I2C1SDAPPS      equ	15076	;# 
  2608   003AE5                     I2C2SCLPPS      equ	15077	;# 
  2609   003AE6                     I2C2SDAPPS      equ	15078	;# 
  2610   003AE7                     U1RXPPS         equ	15079	;# 
  2611   003AE8                     U1CTSPPS        equ	15080	;# 
  2612   003AEA                     U2RXPPS         equ	15082	;# 
  2613   003AEB                     U2CTSPPS        equ	15083	;# 
  2614   003AED                     CANRXPPS        equ	15085	;# 
  2615   003BC9                     DMA2BUF         equ	15305	;# 
  2616   003BCA                     DMA2DCNT        equ	15306	;# 
  2617   003BCA                     DMA2DCNTL       equ	15306	;# 
  2618   003BCB                     DMA2DCNTH       equ	15307	;# 
  2619   003BCC                     DMA2DPTR        equ	15308	;# 
  2620   003BCC                     DMA2DPTRL       equ	15308	;# 
  2621   003BCD                     DMA2DPTRH       equ	15309	;# 
  2622   003BCE                     DMA2DSZ         equ	15310	;# 
  2623   003BCE                     DMA2DSZL        equ	15310	;# 
  2624   003BCF                     DMA2DSZH        equ	15311	;# 
  2625   003BD0                     DMA2DSA         equ	15312	;# 
  2626   003BD0                     DMA2DSAL        equ	15312	;# 
  2627   003BD1                     DMA2DSAH        equ	15313	;# 
  2628   003BD2                     DMA2SCNT        equ	15314	;# 
  2629   003BD2                     DMA2SCNTL       equ	15314	;# 
  2630   003BD3                     DMA2SCNTH       equ	15315	;# 
  2631   003BD4                     DMA2SPTR        equ	15316	;# 
  2632   003BD4                     DMA2SPTRL       equ	15316	;# 
  2633   003BD5                     DMA2SPTRH       equ	15317	;# 
  2634   003BD6                     DMA2SPTRU       equ	15318	;# 
  2635   003BD7                     DMA2SSZ         equ	15319	;# 
  2636   003BD7                     DMA2SSZL        equ	15319	;# 
  2637   003BD8                     DMA2SSZH        equ	15320	;# 
  2638   003BD9                     DMA2SSA         equ	15321	;# 
  2639   003BD9                     DMA2SSAL        equ	15321	;# 
  2640   003BDA                     DMA2SSAH        equ	15322	;# 
  2641   003BDB                     DMA2SSAU        equ	15323	;# 
  2642   003BDC                     DMA2CON0        equ	15324	;# 
  2643   003BDD                     DMA2CON1        equ	15325	;# 
  2644   003BDE                     DMA2AIRQ        equ	15326	;# 
  2645   003BDF                     DMA2SIRQ        equ	15327	;# 
  2646   003BE9                     DMA1BUF         equ	15337	;# 
  2647   003BEA                     DMA1DCNT        equ	15338	;# 
  2648   003BEA                     DMA1DCNTL       equ	15338	;# 
  2649   003BEB                     DMA1DCNTH       equ	15339	;# 
  2650   003BEC                     DMA1DPTR        equ	15340	;# 
  2651   003BEC                     DMA1DPTRL       equ	15340	;# 
  2652   003BED                     DMA1DPTRH       equ	15341	;# 
  2653   003BEE                     DMA1DSZ         equ	15342	;# 
  2654   003BEE                     DMA1DSZL        equ	15342	;# 
  2655   003BEF                     DMA1DSZH        equ	15343	;# 
  2656   003BF0                     DMA1DSA         equ	15344	;# 
  2657   003BF0                     DMA1DSAL        equ	15344	;# 
  2658   003BF1                     DMA1DSAH        equ	15345	;# 
  2659   003BF2                     DMA1SCNT        equ	15346	;# 
  2660   003BF2                     DMA1SCNTL       equ	15346	;# 
  2661   003BF3                     DMA1SCNTH       equ	15347	;# 
  2662   003BF4                     DMA1SPTR        equ	15348	;# 
  2663   003BF4                     DMA1SPTRL       equ	15348	;# 
  2664   003BF5                     DMA1SPTRH       equ	15349	;# 
  2665   003BF6                     DMA1SPTRU       equ	15350	;# 
  2666   003BF7                     DMA1SSZ         equ	15351	;# 
  2667   003BF7                     DMA1SSZL        equ	15351	;# 
  2668   003BF8                     DMA1SSZH        equ	15352	;# 
  2669   003BF9                     DMA1SSA         equ	15353	;# 
  2670   003BF9                     DMA1SSAL        equ	15353	;# 
  2671   003BFA                     DMA1SSAH        equ	15354	;# 
  2672   003BFB                     DMA1SSAU        equ	15355	;# 
  2673   003BFC                     DMA1CON0        equ	15356	;# 
  2674   003BFD                     DMA1CON1        equ	15357	;# 
  2675   003BFE                     DMA1AIRQ        equ	15358	;# 
  2676   003BFF                     DMA1SIRQ        equ	15359	;# 
  2677   003C56                     CLC4CON         equ	15446	;# 
  2678   003C57                     CLC4POL         equ	15447	;# 
  2679   003C58                     CLC4SEL0        equ	15448	;# 
  2680   003C59                     CLC4SEL1        equ	15449	;# 
  2681   003C5A                     CLC4SEL2        equ	15450	;# 
  2682   003C5B                     CLC4SEL3        equ	15451	;# 
  2683   003C5C                     CLC4GLS0        equ	15452	;# 
  2684   003C5D                     CLC4GLS1        equ	15453	;# 
  2685   003C5E                     CLC4GLS2        equ	15454	;# 
  2686   003C5F                     CLC4GLS3        equ	15455	;# 
  2687   003C60                     CLC3CON         equ	15456	;# 
  2688   003C61                     CLC3POL         equ	15457	;# 
  2689   003C62                     CLC3SEL0        equ	15458	;# 
  2690   003C63                     CLC3SEL1        equ	15459	;# 
  2691   003C64                     CLC3SEL2        equ	15460	;# 
  2692   003C65                     CLC3SEL3        equ	15461	;# 
  2693   003C66                     CLC3GLS0        equ	15462	;# 
  2694   003C67                     CLC3GLS1        equ	15463	;# 
  2695   003C68                     CLC3GLS2        equ	15464	;# 
  2696   003C69                     CLC3GLS3        equ	15465	;# 
  2697   003C6A                     CLC2CON         equ	15466	;# 
  2698   003C6B                     CLC2POL         equ	15467	;# 
  2699   003C6C                     CLC2SEL0        equ	15468	;# 
  2700   003C6D                     CLC2SEL1        equ	15469	;# 
  2701   003C6E                     CLC2SEL2        equ	15470	;# 
  2702   003C6F                     CLC2SEL3        equ	15471	;# 
  2703   003C70                     CLC2GLS0        equ	15472	;# 
  2704   003C71                     CLC2GLS1        equ	15473	;# 
  2705   003C72                     CLC2GLS2        equ	15474	;# 
  2706   003C73                     CLC2GLS3        equ	15475	;# 
  2707   003C74                     CLC1CON         equ	15476	;# 
  2708   003C75                     CLC1POL         equ	15477	;# 
  2709   003C76                     CLC1SEL0        equ	15478	;# 
  2710   003C77                     CLC1SEL1        equ	15479	;# 
  2711   003C78                     CLC1SEL2        equ	15480	;# 
  2712   003C79                     CLC1SEL3        equ	15481	;# 
  2713   003C7A                     CLC1GLS0        equ	15482	;# 
  2714   003C7B                     CLC1GLS1        equ	15483	;# 
  2715   003C7C                     CLC1GLS2        equ	15484	;# 
  2716   003C7D                     CLC1GLS3        equ	15485	;# 
  2717   003C7E                     CLCDATA0        equ	15486	;# 
  2718   003CE5                     CLKRCON         equ	15589	;# 
  2719   003CE6                     CLKRCLK         equ	15590	;# 
  2720   003CFA                     MD1CON0         equ	15610	;# 
  2721   003CFB                     MD1CON1         equ	15611	;# 
  2722   003CFC                     MD1SRC          equ	15612	;# 
  2723   003CFD                     MD1CARL         equ	15613	;# 
  2724   003CFE                     MD1CARH         equ	15614	;# 
  2725   003D10                     SPI1RXB         equ	15632	;# 
  2726   003D11                     SPI1TXB         equ	15633	;# 
  2727   003D12                     SPI1TCNT        equ	15634	;# 
  2728   003D12                     SPI1TCNTL       equ	15634	;# 
  2729   003D13                     SPI1TCNTH       equ	15635	;# 
  2730   003D14                     SPI1CON0        equ	15636	;# 
  2731   003D15                     SPI1CON1        equ	15637	;# 
  2732   003D16                     SPI1CON2        equ	15638	;# 
  2733   003D17                     SPI1STATUS      equ	15639	;# 
  2734   003D18                     SPI1TWIDTH      equ	15640	;# 
  2735   003D19                     SPI1BAUD        equ	15641	;# 
  2736   003D1A                     SPI1INTF        equ	15642	;# 
  2737   003D1B                     SPI1INTE        equ	15643	;# 
  2738   003D1C                     SPI1CLK         equ	15644	;# 
  2739   003D54                     I2C2RXB         equ	15700	;# 
  2740   003D55                     I2C2TXB         equ	15701	;# 
  2741   003D56                     I2C2CNT         equ	15702	;# 
  2742   003D57                     I2C2ADB0        equ	15703	;# 
  2743   003D58                     I2C2ADB1        equ	15704	;# 
  2744   003D59                     I2C2ADR0        equ	15705	;# 
  2745   003D5A                     I2C2ADR1        equ	15706	;# 
  2746   003D5B                     I2C2ADR2        equ	15707	;# 
  2747   003D5C                     I2C2ADR3        equ	15708	;# 
  2748   003D5D                     I2C2CON0        equ	15709	;# 
  2749   003D5E                     I2C2CON1        equ	15710	;# 
  2750   003D5F                     I2C2CON2        equ	15711	;# 
  2751   003D60                     I2C2ERR         equ	15712	;# 
  2752   003D61                     I2C2STAT0       equ	15713	;# 
  2753   003D62                     I2C2STAT1       equ	15714	;# 
  2754   003D63                     I2C2PIR         equ	15715	;# 
  2755   003D64                     I2C2PIE         equ	15716	;# 
  2756   003D65                     I2C2CLK         equ	15717	;# 
  2757   003D66                     I2C2BTO         equ	15718	;# 
  2758   003D6A                     I2C1RXB         equ	15722	;# 
  2759   003D6B                     I2C1TXB         equ	15723	;# 
  2760   003D6C                     I2C1CNT         equ	15724	;# 
  2761   003D6D                     I2C1ADB0        equ	15725	;# 
  2762   003D6E                     I2C1ADB1        equ	15726	;# 
  2763   003D6F                     I2C1ADR0        equ	15727	;# 
  2764   003D70                     I2C1ADR1        equ	15728	;# 
  2765   003D71                     I2C1ADR2        equ	15729	;# 
  2766   003D72                     I2C1ADR3        equ	15730	;# 
  2767   003D73                     I2C1CON0        equ	15731	;# 
  2768   003D74                     I2C1CON1        equ	15732	;# 
  2769   003D75                     I2C1CON2        equ	15733	;# 
  2770   003D76                     I2C1ERR         equ	15734	;# 
  2771   003D77                     I2C1STAT0       equ	15735	;# 
  2772   003D78                     I2C1STAT1       equ	15736	;# 
  2773   003D79                     I2C1PIR         equ	15737	;# 
  2774   003D7A                     I2C1PIE         equ	15738	;# 
  2775   003D7B                     I2C1CLK         equ	15739	;# 
  2776   003D7C                     I2C1BTO         equ	15740	;# 
  2777   003DD0                     U2RXB           equ	15824	;# 
  2778   003DD0                     U2RXBL          equ	15824	;# 
  2779   003DD1                     U2RXCHK         equ	15825	;# 
  2780   003DD2                     U2TXB           equ	15826	;# 
  2781   003DD2                     U2TXBL          equ	15826	;# 
  2782   003DD3                     U2TXCHK         equ	15827	;# 
  2783   003DD4                     U2P1            equ	15828	;# 
  2784   003DD4                     U2P1L           equ	15828	;# 
  2785   003DD5                     U2P1H           equ	15829	;# 
  2786   003DD6                     U2P2            equ	15830	;# 
  2787   003DD6                     U2P2L           equ	15830	;# 
  2788   003DD7                     U2P2H           equ	15831	;# 
  2789   003DD8                     U2P3            equ	15832	;# 
  2790   003DD8                     U2P3L           equ	15832	;# 
  2791   003DD9                     U2P3H           equ	15833	;# 
  2792   003DDA                     U2CON0          equ	15834	;# 
  2793   003DDB                     U2CON1          equ	15835	;# 
  2794   003DDC                     U2CON2          equ	15836	;# 
  2795   003DDD                     U2BRG           equ	15837	;# 
  2796   003DDD                     U2BRGL          equ	15837	;# 
  2797   003DDE                     U2BRGH          equ	15838	;# 
  2798   003DDF                     U2FIFO          equ	15839	;# 
  2799   003DE0                     U2UIR           equ	15840	;# 
  2800   003DE1                     U2ERRIR         equ	15841	;# 
  2801   003DE2                     U2ERRIE         equ	15842	;# 
  2802   003DE8                     U1RXB           equ	15848	;# 
  2803   003DE8                     U1RXBL          equ	15848	;# 
  2804   003DE9                     U1RXCHK         equ	15849	;# 
  2805   003DEA                     U1TXB           equ	15850	;# 
  2806   003DEA                     U1TXBL          equ	15850	;# 
  2807   003DEB                     U1TXCHK         equ	15851	;# 
  2808   003DEC                     U1P1            equ	15852	;# 
  2809   003DEC                     U1P1L           equ	15852	;# 
  2810   003DED                     U1P1H           equ	15853	;# 
  2811   003DEE                     U1P2            equ	15854	;# 
  2812   003DEE                     U1P2L           equ	15854	;# 
  2813   003DEF                     U1P2H           equ	15855	;# 
  2814   003DF0                     U1P3            equ	15856	;# 
  2815   003DF0                     U1P3L           equ	15856	;# 
  2816   003DF1                     U1P3H           equ	15857	;# 
  2817   003DF2                     U1CON0          equ	15858	;# 
  2818   003DF3                     U1CON1          equ	15859	;# 
  2819   003DF4                     U1CON2          equ	15860	;# 
  2820   003DF5                     U1BRG           equ	15861	;# 
  2821   003DF5                     U1BRGL          equ	15861	;# 
  2822   003DF6                     U1BRGH          equ	15862	;# 
  2823   003DF7                     U1FIFO          equ	15863	;# 
  2824   003DF8                     U1UIR           equ	15864	;# 
  2825   003DF9                     U1ERRIR         equ	15865	;# 
  2826   003DFA                     U1ERRIE         equ	15866	;# 
  2827   003E9C                     DAC1CON1        equ	16028	;# 
  2828   003E9E                     DAC1CON0        equ	16030	;# 
  2829   003EB8                     CM2CON0         equ	16056	;# 
  2830   003EB9                     CM2CON1         equ	16057	;# 
  2831   003EBA                     CM2NCH          equ	16058	;# 
  2832   003EBB                     CM2PCH          equ	16059	;# 
  2833   003EBC                     CM1CON0         equ	16060	;# 
  2834   003EBD                     CM1CON1         equ	16061	;# 
  2835   003EBE                     CM1NCH          equ	16062	;# 
  2836   003EBF                     CM1PCH          equ	16063	;# 
  2837   003EC0                     CMOUT           equ	16064	;# 
  2838   003EC1                     FVRCON          equ	16065	;# 
  2839   003EC3                     ZCDCON          equ	16067	;# 
  2840   003EC9                     HLVDCON0        equ	16073	;# 
  2841   003ECA                     HLVDCON1        equ	16074	;# 
  2842   003ED7                     ADCP            equ	16087	;# 
  2843   003EDE                     ADLTH           equ	16094	;# 
  2844   003EDE                     ADLTHL          equ	16094	;# 
  2845   003EDF                     ADLTHH          equ	16095	;# 
  2846   003EE0                     ADUTH           equ	16096	;# 
  2847   003EE0                     ADUTHL          equ	16096	;# 
  2848   003EE1                     ADUTHH          equ	16097	;# 
  2849   003EE2                     ADERR           equ	16098	;# 
  2850   003EE2                     ADERRL          equ	16098	;# 
  2851   003EE3                     ADERRH          equ	16099	;# 
  2852   003EE4                     ADSTPT          equ	16100	;# 
  2853   003EE4                     ADSTPTL         equ	16100	;# 
  2854   003EE5                     ADSTPTH         equ	16101	;# 
  2855   003EE6                     ADFLTR          equ	16102	;# 
  2856   003EE6                     ADFLTRL         equ	16102	;# 
  2857   003EE7                     ADFLTRH         equ	16103	;# 
  2858   003EE8                     ADACC           equ	16104	;# 
  2859   003EE8                     ADACCL          equ	16104	;# 
  2860   003EE9                     ADACCH          equ	16105	;# 
  2861   003EEA                     ADACCU          equ	16106	;# 
  2862   003EEB                     ADCNT           equ	16107	;# 
  2863   003EEC                     ADRPT           equ	16108	;# 
  2864   003EED                     ADPREV          equ	16109	;# 
  2865   003EED                     ADPREVL         equ	16109	;# 
  2866   003EEE                     ADPREVH         equ	16110	;# 
  2867   003EEF                     ADRES           equ	16111	;# 
  2868   003EEF                     ADRESL          equ	16111	;# 
  2869   003EF0                     ADRESH          equ	16112	;# 
  2870   003EF1                     ADPCH           equ	16113	;# 
  2871   003EF3                     ADACQ           equ	16115	;# 
  2872   003EF3                     ADACQL          equ	16115	;# 
  2873   003EF4                     ADACQH          equ	16116	;# 
  2874   003EF5                     ADCAP           equ	16117	;# 
  2875   003EF6                     ADPRE           equ	16118	;# 
  2876   003EF6                     ADPREL          equ	16118	;# 
  2877   003EF7                     ADPREH          equ	16119	;# 
  2878   003EF8                     ADCON0          equ	16120	;# 
  2879   003EF9                     ADCON1          equ	16121	;# 
  2880   003EFA                     ADCON2          equ	16122	;# 
  2881   003EFB                     ADCON3          equ	16123	;# 
  2882   003EFC                     ADSTAT          equ	16124	;# 
  2883   003EFD                     ADREF           equ	16125	;# 
  2884   003EFE                     ADACT           equ	16126	;# 
  2885   003EFF                     ADCLK           equ	16127	;# 
  2886   003F00                     SMT2TMR         equ	16128	;# 
  2887   003F00                     SMT2TMRL        equ	16128	;# 
  2888   003F01                     SMT2TMRH        equ	16129	;# 
  2889   003F02                     SMT2TMRU        equ	16130	;# 
  2890   003F03                     SMT2CPR         equ	16131	;# 
  2891   003F03                     SMT2CPRL        equ	16131	;# 
  2892   003F04                     SMT2CPRH        equ	16132	;# 
  2893   003F05                     SMT2CPRU        equ	16133	;# 
  2894   003F06                     SMT2CPW         equ	16134	;# 
  2895   003F06                     SMT2CPWL        equ	16134	;# 
  2896   003F07                     SMT2CPWH        equ	16135	;# 
  2897   003F08                     SMT2CPWU        equ	16136	;# 
  2898   003F09                     SMT2PR          equ	16137	;# 
  2899   003F09                     SMT2PRL         equ	16137	;# 
  2900   003F0A                     SMT2PRH         equ	16138	;# 
  2901   003F0B                     SMT2PRU         equ	16139	;# 
  2902   003F0C                     SMT2CON0        equ	16140	;# 
  2903   003F0D                     SMT2CON1        equ	16141	;# 
  2904   003F0E                     SMT2STAT        equ	16142	;# 
  2905   003F0F                     SMT2CLK         equ	16143	;# 
  2906   003F10                     SMT2SIG         equ	16144	;# 
  2907   003F11                     SMT2WIN         equ	16145	;# 
  2908   003F12                     SMT1TMR         equ	16146	;# 
  2909   003F12                     SMT1TMRL        equ	16146	;# 
  2910   003F13                     SMT1TMRH        equ	16147	;# 
  2911   003F14                     SMT1TMRU        equ	16148	;# 
  2912   003F15                     SMT1CPR         equ	16149	;# 
  2913   003F15                     SMT1CPRL        equ	16149	;# 
  2914   003F16                     SMT1CPRH        equ	16150	;# 
  2915   003F17                     SMT1CPRU        equ	16151	;# 
  2916   003F18                     SMT1CPW         equ	16152	;# 
  2917   003F18                     SMT1CPWL        equ	16152	;# 
  2918   003F19                     SMT1CPWH        equ	16153	;# 
  2919   003F1A                     SMT1CPWU        equ	16154	;# 
  2920   003F1B                     SMT1PR          equ	16155	;# 
  2921   003F1B                     SMT1PRL         equ	16155	;# 
  2922   003F1C                     SMT1PRH         equ	16156	;# 
  2923   003F1D                     SMT1PRU         equ	16157	;# 
  2924   003F1E                     SMT1CON0        equ	16158	;# 
  2925   003F1F                     SMT1CON1        equ	16159	;# 
  2926   003F20                     SMT1STAT        equ	16160	;# 
  2927   003F21                     SMT1CLK         equ	16161	;# 
  2928   003F22                     SMT1SIG         equ	16162	;# 
  2929   003F23                     SMT1WIN         equ	16163	;# 
  2930   003F38                     NCO1ACC         equ	16184	;# 
  2931   003F38                     NCO1ACCL        equ	16184	;# 
  2932   003F39                     NCO1ACCH        equ	16185	;# 
  2933   003F3A                     NCO1ACCU        equ	16186	;# 
  2934   003F3B                     NCO1INC         equ	16187	;# 
  2935   003F3B                     NCO1INCL        equ	16187	;# 
  2936   003F3C                     NCO1INCH        equ	16188	;# 
  2937   003F3D                     NCO1INCU        equ	16189	;# 
  2938   003F3E                     NCO1CON         equ	16190	;# 
  2939   003F3F                     NCO1CLK         equ	16191	;# 
  2940   003F40                     CWG3CLK         equ	16192	;# 
  2941   003F40                     CWG3CLKCON      equ	16192	;# 
  2942   003F41                     CWG3ISM         equ	16193	;# 
  2943   003F42                     CWG3DBR         equ	16194	;# 
  2944   003F43                     CWG3DBF         equ	16195	;# 
  2945   003F44                     CWG3CON0        equ	16196	;# 
  2946   003F45                     CWG3CON1        equ	16197	;# 
  2947   003F46                     CWG3AS0         equ	16198	;# 
  2948   003F47                     CWG3AS1         equ	16199	;# 
  2949   003F48                     CWG3STR         equ	16200	;# 
  2950   003F49                     CWG2CLK         equ	16201	;# 
  2951   003F49                     CWG2CLKCON      equ	16201	;# 
  2952   003F4A                     CWG2ISM         equ	16202	;# 
  2953   003F4B                     CWG2DBR         equ	16203	;# 
  2954   003F4C                     CWG2DBF         equ	16204	;# 
  2955   003F4D                     CWG2CON0        equ	16205	;# 
  2956   003F4E                     CWG2CON1        equ	16206	;# 
  2957   003F4F                     CWG2AS0         equ	16207	;# 
  2958   003F50                     CWG2AS1         equ	16208	;# 
  2959   003F51                     CWG2STR         equ	16209	;# 
  2960   003F52                     CWG1CLK         equ	16210	;# 
  2961   003F52                     CWG1CLKCON      equ	16210	;# 
  2962   003F53                     CWG1ISM         equ	16211	;# 
  2963   003F54                     CWG1DBR         equ	16212	;# 
  2964   003F55                     CWG1DBF         equ	16213	;# 
  2965   003F56                     CWG1CON0        equ	16214	;# 
  2966   003F57                     CWG1CON1        equ	16215	;# 
  2967   003F58                     CWG1AS0         equ	16216	;# 
  2968   003F59                     CWG1AS1         equ	16217	;# 
  2969   003F5A                     CWG1STR         equ	16218	;# 
  2970   003F5E                     CCPTMRS0        equ	16222	;# 
  2971   003F5F                     CCPTMRS1        equ	16223	;# 
  2972   003F60                     PWM8DC          equ	16224	;# 
  2973   003F60                     PWM8DCL         equ	16224	;# 
  2974   003F61                     PWM8DCH         equ	16225	;# 
  2975   003F62                     PWM8CON         equ	16226	;# 
  2976   003F64                     PWM7DC          equ	16228	;# 
  2977   003F64                     PWM7DCL         equ	16228	;# 
  2978   003F65                     PWM7DCH         equ	16229	;# 
  2979   003F66                     PWM7CON         equ	16230	;# 
  2980   003F68                     PWM6DC          equ	16232	;# 
  2981   003F68                     PWM6DCL         equ	16232	;# 
  2982   003F69                     PWM6DCH         equ	16233	;# 
  2983   003F6A                     PWM6CON         equ	16234	;# 
  2984   003F6C                     PWM5DC          equ	16236	;# 
  2985   003F6C                     PWM5DCL         equ	16236	;# 
  2986   003F6D                     PWM5DCH         equ	16237	;# 
  2987   003F6E                     PWM5CON         equ	16238	;# 
  2988   003F70                     CCPR4           equ	16240	;# 
  2989   003F70                     CCPR4L          equ	16240	;# 
  2990   003F71                     CCPR4H          equ	16241	;# 
  2991   003F72                     CCP4CON         equ	16242	;# 
  2992   003F73                     CCP4CAP         equ	16243	;# 
  2993   003F74                     CCPR3           equ	16244	;# 
  2994   003F74                     CCPR3L          equ	16244	;# 
  2995   003F75                     CCPR3H          equ	16245	;# 
  2996   003F76                     CCP3CON         equ	16246	;# 
  2997   003F77                     CCP3CAP         equ	16247	;# 
  2998   003F78                     CCPR2           equ	16248	;# 
  2999   003F78                     CCPR2L          equ	16248	;# 
  3000   003F79                     CCPR2H          equ	16249	;# 
  3001   003F7A                     CCP2CON         equ	16250	;# 
  3002   003F7B                     CCP2CAP         equ	16251	;# 
  3003   003F7C                     CCPR1           equ	16252	;# 
  3004   003F7C                     CCPR1L          equ	16252	;# 
  3005   003F7D                     CCPR1H          equ	16253	;# 
  3006   003F7E                     CCP1CON         equ	16254	;# 
  3007   003F7F                     CCP1CAP         equ	16255	;# 
  3008   003F80                     RXB0CON         equ	16256	;# 
  3009   003F81                     RXB0SIDH        equ	16257	;# 
  3010   003F82                     RXB0SIDL        equ	16258	;# 
  3011   003F83                     RXB0EIDH        equ	16259	;# 
  3012   003F84                     RXB0EIDL        equ	16260	;# 
  3013   003F85                     RXB0DLC         equ	16261	;# 
  3014   003F86                     RXB0D0          equ	16262	;# 
  3015   003F87                     RXB0D1          equ	16263	;# 
  3016   003F88                     RXB0D2          equ	16264	;# 
  3017   003F89                     RXB0D3          equ	16265	;# 
  3018   003F8A                     RXB0D4          equ	16266	;# 
  3019   003F8B                     RXB0D5          equ	16267	;# 
  3020   003F8C                     RXB0D6          equ	16268	;# 
  3021   003F8D                     RXB0D7          equ	16269	;# 
  3022   003F8E                     CANSTAT         equ	16270	;# 
  3023   003F8F                     CANCON          equ	16271	;# 
  3024   003F90                     COMSTAT         equ	16272	;# 
  3025   003F91                     ECANCON         equ	16273	;# 
  3026   003F92                     T6TMR           equ	16274	;# 
  3027   003F92                     TMR6            equ	16274	;# 
  3028   003F93                     T6PR            equ	16275	;# 
  3029   003F93                     PR6             equ	16275	;# 
  3030   003F94                     T6CON           equ	16276	;# 
  3031   003F95                     T6HLT           equ	16277	;# 
  3032   003F96                     T6CLKCON        equ	16278	;# 
  3033   003F96                     T6CLK           equ	16278	;# 
  3034   003F97                     T6RST           equ	16279	;# 
  3035   003F98                     TMR5L           equ	16280	;# 
  3036   003F99                     TMR5H           equ	16281	;# 
  3037   003F9A                     T5CON           equ	16282	;# 
  3038   003F9A                     TMR5CON         equ	16282	;# 
  3039   003F9B                     T5GCON          equ	16283	;# 
  3040   003F9B                     TMR5GCON        equ	16283	;# 
  3041   003F9C                     T5GATE          equ	16284	;# 
  3042   003F9C                     TMR5GATE        equ	16284	;# 
  3043   003F9D                     T5CLK           equ	16285	;# 
  3044   003F9D                     TMR5CLK         equ	16285	;# 
  3045   003F9E                     T4TMR           equ	16286	;# 
  3046   003F9E                     TMR4            equ	16286	;# 
  3047   003F9F                     T4PR            equ	16287	;# 
  3048   003F9F                     PR4             equ	16287	;# 
  3049   003FA0                     T4CON           equ	16288	;# 
  3050   003FA1                     T4HLT           equ	16289	;# 
  3051   003FA2                     T4CLKCON        equ	16290	;# 
  3052   003FA2                     T4CLK           equ	16290	;# 
  3053   003FA3                     T4RST           equ	16291	;# 
  3054   003FA4                     TMR3L           equ	16292	;# 
  3055   003FA5                     TMR3H           equ	16293	;# 
  3056   003FA6                     T3CON           equ	16294	;# 
  3057   003FA6                     TMR3CON         equ	16294	;# 
  3058   003FA7                     T3GCON          equ	16295	;# 
  3059   003FA7                     TMR3GCON        equ	16295	;# 
  3060   003FA8                     T3GATE          equ	16296	;# 
  3061   003FA8                     TMR3GATE        equ	16296	;# 
  3062   003FA9                     T3CLK           equ	16297	;# 
  3063   003FA9                     TMR3CLK         equ	16297	;# 
  3064   003FAA                     T2TMR           equ	16298	;# 
  3065   003FAA                     TMR2            equ	16298	;# 
  3066   003FAB                     T2PR            equ	16299	;# 
  3067   003FAB                     PR2             equ	16299	;# 
  3068   003FAC                     T2CON           equ	16300	;# 
  3069   003FAD                     T2HLT           equ	16301	;# 
  3070   003FAE                     T2CLKCON        equ	16302	;# 
  3071   003FAE                     T2CLK           equ	16302	;# 
  3072   003FAF                     T2RST           equ	16303	;# 
  3073   003FB0                     TMR1L           equ	16304	;# 
  3074   003FB1                     TMR1H           equ	16305	;# 
  3075   003FB2                     T1CON           equ	16306	;# 
  3076   003FB2                     TMR1CON         equ	16306	;# 
  3077   003FB3                     T1GCON          equ	16307	;# 
  3078   003FB3                     TMR1GCON        equ	16307	;# 
  3079   003FB4                     T1GATE          equ	16308	;# 
  3080   003FB4                     TMR1GATE        equ	16308	;# 
  3081   003FB5                     T1CLK           equ	16309	;# 
  3082   003FB5                     TMR1CLK         equ	16309	;# 
  3083   003FB6                     TMR0L           equ	16310	;# 
  3084   003FB6                     TMR0            equ	16310	;# 
  3085   003FB7                     TMR0H           equ	16311	;# 
  3086   003FB7                     PR0             equ	16311	;# 
  3087   003FB8                     T0CON0          equ	16312	;# 
  3088   003FB9                     T0CON1          equ	16313	;# 
  3089   003FBA                     LATA            equ	16314	;# 
  3090   003FBB                     LATB            equ	16315	;# 
  3091   003FBC                     LATC            equ	16316	;# 
  3092   003FC2                     TRISA           equ	16322	;# 
  3093   003FC3                     TRISB           equ	16323	;# 
  3094   003FC4                     TRISC           equ	16324	;# 
  3095   003FCA                     PORTA           equ	16330	;# 
  3096   003FCB                     PORTB           equ	16331	;# 
  3097   003FCC                     PORTC           equ	16332	;# 
  3098   003FCE                     PORTE           equ	16334	;# 
  3099   003FD2                     INTCON0         equ	16338	;# 
  3100   003FD3                     INTCON1         equ	16339	;# 
  3101   003FD4                     IVTLOCK         equ	16340	;# 
  3102   003FD5                     IVTBASE         equ	16341	;# 
  3103   003FD5                     IVTBASEL        equ	16341	;# 
  3104   003FD6                     IVTBASEH        equ	16342	;# 
  3105   003FD7                     IVTBASEU        equ	16343	;# 
  3106   003FD8                     STATUS          equ	16344	;# 
  3107   003FD9                     FSR2            equ	16345	;# 
  3108   003FD9                     FSR2L           equ	16345	;# 
  3109   003FDA                     FSR2H           equ	16346	;# 
  3110   003FDB                     PLUSW2          equ	16347	;# 
  3111   003FDC                     PREINC2         equ	16348	;# 
  3112   003FDD                     POSTDEC2        equ	16349	;# 
  3113   003FDE                     POSTINC2        equ	16350	;# 
  3114   003FDF                     INDF2           equ	16351	;# 
  3115   003FE0                     BSR             equ	16352	;# 
  3116   003FE1                     FSR1            equ	16353	;# 
  3117   003FE1                     FSR1L           equ	16353	;# 
  3118   003FE2                     FSR1H           equ	16354	;# 
  3119   003FE3                     PLUSW1          equ	16355	;# 
  3120   003FE4                     PREINC1         equ	16356	;# 
  3121   003FE5                     POSTDEC1        equ	16357	;# 
  3122   003FE6                     POSTINC1        equ	16358	;# 
  3123   003FE7                     INDF1           equ	16359	;# 
  3124   003FE8                     WREG            equ	16360	;# 
  3125   003FE9                     FSR0            equ	16361	;# 
  3126   003FE9                     FSR0L           equ	16361	;# 
  3127   003FEA                     FSR0H           equ	16362	;# 
  3128   003FEB                     PLUSW0          equ	16363	;# 
  3129   003FEC                     PREINC0         equ	16364	;# 
  3130   003FED                     POSTDEC0        equ	16365	;# 
  3131   003FEE                     POSTINC0        equ	16366	;# 
  3132   003FEF                     INDF0           equ	16367	;# 
  3133   003FF0                     PCON0           equ	16368	;# 
  3134   003FF1                     PCON1           equ	16369	;# 
  3135   003FF3                     PROD            equ	16371	;# 
  3136   003FF3                     PRODL           equ	16371	;# 
  3137   003FF4                     PRODH           equ	16372	;# 
  3138   003FF5                     TABLAT          equ	16373	;# 
  3139   003FF6                     TBLPTR          equ	16374	;# 
  3140   003FF6                     TBLPTRL         equ	16374	;# 
  3141   003FF7                     TBLPTRH         equ	16375	;# 
  3142   003FF8                     TBLPTRU         equ	16376	;# 
  3143   003FF9                     PCLAT           equ	16377	;# 
  3144   003FF9                     PCL             equ	16377	;# 
  3145   003FFA                     PCLATH          equ	16378	;# 
  3146   003FFB                     PCLATU          equ	16379	;# 
  3147   003FFC                     STKPTR          equ	16380	;# 
  3148   003FFD                     TOS             equ	16381	;# 
  3149   003FFD                     TOSL            equ	16381	;# 
  3150   003FFE                     TOSH            equ	16382	;# 
  3151   003FFF                     TOSU            equ	16383	;# 
  3152   003700                     CIOCON          equ	14080	;# 
  3153   003701                     RXERRCNT        equ	14081	;# 
  3154   003702                     TXERRCNT        equ	14082	;# 
  3155   003703                     BRGCON1         equ	14083	;# 
  3156   003704                     BRGCON2         equ	14084	;# 
  3157   003705                     BRGCON3         equ	14085	;# 
  3158   003706                     RXFCON0         equ	14086	;# 
  3159   003707                     RXFCON1         equ	14087	;# 
  3160   003708                     RXF6SIDH        equ	14088	;# 
  3161   003709                     RXF6SIDL        equ	14089	;# 
  3162   00370A                     RXF6EIDH        equ	14090	;# 
  3163   00370B                     RXF6EIDL        equ	14091	;# 
  3164   00370C                     RXF7SIDH        equ	14092	;# 
  3165   00370D                     RXF7SIDL        equ	14093	;# 
  3166   00370E                     RXF7EIDH        equ	14094	;# 
  3167   00370F                     RXF7EIDL        equ	14095	;# 
  3168   003710                     RXF8SIDH        equ	14096	;# 
  3169   003711                     RXF8SIDL        equ	14097	;# 
  3170   003712                     RXF8EIDH        equ	14098	;# 
  3171   003713                     RXF8EIDL        equ	14099	;# 
  3172   003714                     RXF9SIDH        equ	14100	;# 
  3173   003715                     RXF9SIDL        equ	14101	;# 
  3174   003716                     RXF9EIDH        equ	14102	;# 
  3175   003717                     RXF9EIDL        equ	14103	;# 
  3176   003718                     RXF10SIDH       equ	14104	;# 
  3177   003719                     RXF10SIDL       equ	14105	;# 
  3178   00371A                     RXF10EIDH       equ	14106	;# 
  3179   00371B                     RXF10EIDL       equ	14107	;# 
  3180   00371C                     RXF11SIDH       equ	14108	;# 
  3181   00371D                     RXF11SIDL       equ	14109	;# 
  3182   00371E                     RXF11EIDH       equ	14110	;# 
  3183   00371F                     RXF11EIDL       equ	14111	;# 
  3184   003720                     RXF12SIDH       equ	14112	;# 
  3185   003721                     RXF12SIDL       equ	14113	;# 
  3186   003722                     RXF12EIDH       equ	14114	;# 
  3187   003723                     RXF12EIDL       equ	14115	;# 
  3188   003724                     RXF13SIDH       equ	14116	;# 
  3189   003725                     RXF13SIDL       equ	14117	;# 
  3190   003726                     RXF13EIDH       equ	14118	;# 
  3191   003727                     RXF13EIDL       equ	14119	;# 
  3192   003728                     RXF14SIDH       equ	14120	;# 
  3193   003729                     RXF14SIDL       equ	14121	;# 
  3194   00372A                     RXF14EIDH       equ	14122	;# 
  3195   00372B                     RXF14EIDL       equ	14123	;# 
  3196   00372C                     RXF15SIDH       equ	14124	;# 
  3197   00372D                     RXF15SIDL       equ	14125	;# 
  3198   00372E                     RXF15EIDH       equ	14126	;# 
  3199   00372F                     RXF15EIDL       equ	14127	;# 
  3200   003730                     SDFLC           equ	14128	;# 
  3201   003731                     RXFBCON0        equ	14129	;# 
  3202   003732                     RXFBCON1        equ	14130	;# 
  3203   003733                     RXFBCON2        equ	14131	;# 
  3204   003734                     RXFBCON3        equ	14132	;# 
  3205   003735                     RXFBCON4        equ	14133	;# 
  3206   003736                     RXFBCON5        equ	14134	;# 
  3207   003737                     RXFBCON6        equ	14135	;# 
  3208   003738                     RXFBCON7        equ	14136	;# 
  3209   003739                     MSEL0           equ	14137	;# 
  3210   00373A                     MSEL1           equ	14138	;# 
  3211   00373B                     MSEL2           equ	14139	;# 
  3212   00373C                     MSEL3           equ	14140	;# 
  3213   00373D                     BSEL0           equ	14141	;# 
  3214   00373E                     BIE0            equ	14142	;# 
  3215   00373F                     TXBIE           equ	14143	;# 
  3216   003740                     B0CON           equ	14144	;# 
  3217   003741                     B0SIDH          equ	14145	;# 
  3218   003742                     B0SIDL          equ	14146	;# 
  3219   003743                     B0EIDH          equ	14147	;# 
  3220   003744                     B0EIDL          equ	14148	;# 
  3221   003745                     B0DLC           equ	14149	;# 
  3222   003746                     B0D0            equ	14150	;# 
  3223   003747                     B0D1            equ	14151	;# 
  3224   003748                     B0D2            equ	14152	;# 
  3225   003749                     B0D3            equ	14153	;# 
  3226   00374A                     B0D4            equ	14154	;# 
  3227   00374B                     B0D5            equ	14155	;# 
  3228   00374C                     B0D6            equ	14156	;# 
  3229   00374D                     B0D7            equ	14157	;# 
  3230   00374E                     CANSTAT_RO9     equ	14158	;# 
  3231   00374F                     CANCON_RO9      equ	14159	;# 
  3232   003750                     B1CON           equ	14160	;# 
  3233   003751                     B1SIDH          equ	14161	;# 
  3234   003752                     B1SIDL          equ	14162	;# 
  3235   003753                     B1EIDH          equ	14163	;# 
  3236   003754                     B1EIDL          equ	14164	;# 
  3237   003755                     B1DLC           equ	14165	;# 
  3238   003756                     B1D0            equ	14166	;# 
  3239   003757                     B1D1            equ	14167	;# 
  3240   003758                     B1D2            equ	14168	;# 
  3241   003759                     B1D3            equ	14169	;# 
  3242   00375A                     B1D4            equ	14170	;# 
  3243   00375B                     B1D5            equ	14171	;# 
  3244   00375C                     B1D6            equ	14172	;# 
  3245   00375D                     B1D7            equ	14173	;# 
  3246   00375E                     CANSTAT_RO8     equ	14174	;# 
  3247   00375F                     CANCON_RO8      equ	14175	;# 
  3248   003760                     B2CON           equ	14176	;# 
  3249   003761                     B2SIDH          equ	14177	;# 
  3250   003762                     B2SIDL          equ	14178	;# 
  3251   003763                     B2EIDH          equ	14179	;# 
  3252   003764                     B2EIDL          equ	14180	;# 
  3253   003765                     B2DLC           equ	14181	;# 
  3254   003766                     B2D0            equ	14182	;# 
  3255   003767                     B2D1            equ	14183	;# 
  3256   003768                     B2D2            equ	14184	;# 
  3257   003769                     B2D3            equ	14185	;# 
  3258   00376A                     B2D4            equ	14186	;# 
  3259   00376B                     B2D5            equ	14187	;# 
  3260   00376C                     B2D6            equ	14188	;# 
  3261   00376D                     B2D7            equ	14189	;# 
  3262   00376E                     CANSTAT_RO7     equ	14190	;# 
  3263   00376F                     CANCON_RO7      equ	14191	;# 
  3264   003770                     B3CON           equ	14192	;# 
  3265   003771                     B3SIDH          equ	14193	;# 
  3266   003772                     B3SIDL          equ	14194	;# 
  3267   003773                     B3EIDH          equ	14195	;# 
  3268   003774                     B3EIDL          equ	14196	;# 
  3269   003775                     B3DLC           equ	14197	;# 
  3270   003776                     B3D0            equ	14198	;# 
  3271   003777                     B3D1            equ	14199	;# 
  3272   003778                     B3D2            equ	14200	;# 
  3273   003779                     B3D3            equ	14201	;# 
  3274   00377A                     B3D4            equ	14202	;# 
  3275   00377B                     B3D5            equ	14203	;# 
  3276   00377C                     B3D6            equ	14204	;# 
  3277   00377D                     B3D7            equ	14205	;# 
  3278   00377E                     CANSTAT_RO6     equ	14206	;# 
  3279   00377F                     CANCON_RO6      equ	14207	;# 
  3280   003780                     B4CON           equ	14208	;# 
  3281   003781                     B4SIDH          equ	14209	;# 
  3282   003782                     B4SIDL          equ	14210	;# 
  3283   003783                     B4EIDH          equ	14211	;# 
  3284   003784                     B4EIDL          equ	14212	;# 
  3285   003785                     B4DLC           equ	14213	;# 
  3286   003786                     B4D0            equ	14214	;# 
  3287   003787                     B4D1            equ	14215	;# 
  3288   003788                     B4D2            equ	14216	;# 
  3289   003789                     B4D3            equ	14217	;# 
  3290   00378A                     B4D4            equ	14218	;# 
  3291   00378B                     B4D5            equ	14219	;# 
  3292   00378C                     B4D6            equ	14220	;# 
  3293   00378D                     B4D7            equ	14221	;# 
  3294   00378E                     CANSTAT_RO5     equ	14222	;# 
  3295   00378F                     CANCON_RO5      equ	14223	;# 
  3296   003790                     B5CON           equ	14224	;# 
  3297   003791                     B5SIDH          equ	14225	;# 
  3298   003792                     B5SIDL          equ	14226	;# 
  3299   003793                     B5EIDH          equ	14227	;# 
  3300   003794                     B5EIDL          equ	14228	;# 
  3301   003795                     B5DLC           equ	14229	;# 
  3302   003796                     B5D0            equ	14230	;# 
  3303   003797                     B5D1            equ	14231	;# 
  3304   003798                     B5D2            equ	14232	;# 
  3305   003799                     B5D3            equ	14233	;# 
  3306   00379A                     B5D4            equ	14234	;# 
  3307   00379B                     B5D5            equ	14235	;# 
  3308   00379C                     B5D6            equ	14236	;# 
  3309   00379D                     B5D7            equ	14237	;# 
  3310   00379E                     CANSTAT_RO4     equ	14238	;# 
  3311   00379F                     CANCON_RO4      equ	14239	;# 
  3312   0037A0                     RXF0SIDH        equ	14240	;# 
  3313   0037A1                     RXF0SIDL        equ	14241	;# 
  3314   0037A2                     RXF0EIDH        equ	14242	;# 
  3315   0037A3                     RXF0EIDL        equ	14243	;# 
  3316   0037A4                     RXF1SIDH        equ	14244	;# 
  3317   0037A5                     RXF1SIDL        equ	14245	;# 
  3318   0037A6                     RXF1EIDH        equ	14246	;# 
  3319   0037A7                     RXF1EIDL        equ	14247	;# 
  3320   0037A8                     RXF2SIDH        equ	14248	;# 
  3321   0037A9                     RXF2SIDL        equ	14249	;# 
  3322   0037AA                     RXF2EIDH        equ	14250	;# 
  3323   0037AB                     RXF2EIDL        equ	14251	;# 
  3324   0037AC                     RXF3SIDH        equ	14252	;# 
  3325   0037AD                     RXF3SIDL        equ	14253	;# 
  3326   0037AE                     RXF3EIDH        equ	14254	;# 
  3327   0037AF                     RXF3EIDL        equ	14255	;# 
  3328   0037B0                     RXF4SIDH        equ	14256	;# 
  3329   0037B1                     RXF4SIDL        equ	14257	;# 
  3330   0037B2                     RXF4EIDH        equ	14258	;# 
  3331   0037B3                     RXF4EIDL        equ	14259	;# 
  3332   0037B4                     RXF5SIDH        equ	14260	;# 
  3333   0037B5                     RXF5SIDL        equ	14261	;# 
  3334   0037B6                     RXF5EIDH        equ	14262	;# 
  3335   0037B7                     RXF5EIDL        equ	14263	;# 
  3336   0037B8                     RXM0SIDH        equ	14264	;# 
  3337   0037B9                     RXM0SIDL        equ	14265	;# 
  3338   0037BA                     RXM0EIDH        equ	14266	;# 
  3339   0037BB                     RXM0EIDL        equ	14267	;# 
  3340   0037BC                     RXM1SIDH        equ	14268	;# 
  3341   0037BD                     RXM1SIDL        equ	14269	;# 
  3342   0037BE                     RXM1EIDH        equ	14270	;# 
  3343   0037BF                     RXM1EIDL        equ	14271	;# 
  3344   0037C0                     TXB2CON         equ	14272	;# 
  3345   0037C1                     TXB2SIDH        equ	14273	;# 
  3346   0037C2                     TXB2SIDL        equ	14274	;# 
  3347   0037C3                     TXB2EIDH        equ	14275	;# 
  3348   0037C4                     TXB2EIDL        equ	14276	;# 
  3349   0037C5                     TXB2DLC         equ	14277	;# 
  3350   0037C6                     TXB2D0          equ	14278	;# 
  3351   0037C7                     TXB2D1          equ	14279	;# 
  3352   0037C8                     TXB2D2          equ	14280	;# 
  3353   0037C9                     TXB2D3          equ	14281	;# 
  3354   0037CA                     TXB2D4          equ	14282	;# 
  3355   0037CB                     TXB2D5          equ	14283	;# 
  3356   0037CC                     TXB2D6          equ	14284	;# 
  3357   0037CD                     TXB2D7          equ	14285	;# 
  3358   0037CE                     CANSTAT_R03     equ	14286	;# 
  3359   0037CF                     CANCON_R03      equ	14287	;# 
  3360   0037D0                     TXB1CON         equ	14288	;# 
  3361   0037D1                     TXB1SIDH        equ	14289	;# 
  3362   0037D2                     TXB1SIDL        equ	14290	;# 
  3363   0037D3                     TXB1EIDH        equ	14291	;# 
  3364   0037D4                     TXB1EIDL        equ	14292	;# 
  3365   0037D5                     TXB1DLC         equ	14293	;# 
  3366   0037D6                     TXB1D0          equ	14294	;# 
  3367   0037D7                     TXB1D1          equ	14295	;# 
  3368   0037D8                     TXB1D2          equ	14296	;# 
  3369   0037D9                     TXB1D3          equ	14297	;# 
  3370   0037DA                     TXB1D4          equ	14298	;# 
  3371   0037DB                     TXB1D5          equ	14299	;# 
  3372   0037DC                     TXB1D6          equ	14300	;# 
  3373   0037DD                     TXB1D7          equ	14301	;# 
  3374   0037DE                     CANSTAT_RO2     equ	14302	;# 
  3375   0037DF                     CANCON_RO2      equ	14303	;# 
  3376   0037E0                     TXB0CON         equ	14304	;# 
  3377   0037E1                     TXB0SIDH        equ	14305	;# 
  3378   0037E2                     TXB0SIDL        equ	14306	;# 
  3379   0037E3                     TXB0EIDH        equ	14307	;# 
  3380   0037E4                     TXB0EIDL        equ	14308	;# 
  3381   0037E5                     TXB0DLC         equ	14309	;# 
  3382   0037E6                     TXB0D0          equ	14310	;# 
  3383   0037E7                     TXB0D1          equ	14311	;# 
  3384   0037E8                     TXB0D2          equ	14312	;# 
  3385   0037E9                     TXB0D3          equ	14313	;# 
  3386   0037EA                     TXB0D4          equ	14314	;# 
  3387   0037EB                     TXB0D5          equ	14315	;# 
  3388   0037EC                     TXB0D6          equ	14316	;# 
  3389   0037ED                     TXB0D7          equ	14317	;# 
  3390   0037EE                     CANSTAT_RO1     equ	14318	;# 
  3391   0037EF                     CANCON_RO1      equ	14319	;# 
  3392   0037F0                     RXB1CON         equ	14320	;# 
  3393   0037F1                     RXB1SIDH        equ	14321	;# 
  3394   0037F2                     RXB1SIDL        equ	14322	;# 
  3395   0037F3                     RXB1EIDH        equ	14323	;# 
  3396   0037F4                     RXB1EIDL        equ	14324	;# 
  3397   0037F5                     RXB1DLC         equ	14325	;# 
  3398   0037F6                     RXB1D0          equ	14326	;# 
  3399   0037F7                     RXB1D1          equ	14327	;# 
  3400   0037F8                     RXB1D2          equ	14328	;# 
  3401   0037F9                     RXB1D3          equ	14329	;# 
  3402   0037FA                     RXB1D4          equ	14330	;# 
  3403   0037FB                     RXB1D5          equ	14331	;# 
  3404   0037FC                     RXB1D6          equ	14332	;# 
  3405   0037FD                     RXB1D7          equ	14333	;# 
  3406   0037FE                     CANSTAT_RO0     equ	14334	;# 
  3407   0037FF                     CANCON_RO0      equ	14335	;# 
  3408   003880                     STATUS_CSHAD    equ	14464	;# 
  3409   003881                     WREG_CSHAD      equ	14465	;# 
  3410   003882                     BSR_CSHAD       equ	14466	;# 
  3411   003883                     SHADCON         equ	14467	;# 
  3412   003884                     STATUS_SHAD     equ	14468	;# 
  3413   003885                     WREG_SHAD       equ	14469	;# 
  3414   003886                     BSR_SHAD        equ	14470	;# 
  3415   003887                     PCLATH_SHAD     equ	14471	;# 
  3416   003888                     PCLATU_SHAD     equ	14472	;# 
  3417   003889                     FSR0SH          equ	14473	;# 
  3418   003889                     FSR0L_SHAD      equ	14473	;# 
  3419   00388A                     FSR0H_SHAD      equ	14474	;# 
  3420   00388B                     FSR1SH          equ	14475	;# 
  3421   00388B                     FSR1L_SHAD      equ	14475	;# 
  3422   00388C                     FSR1H_SHAD      equ	14476	;# 
  3423   00388D                     FSR2SH          equ	14477	;# 
  3424   00388D                     FSR2L_SHAD      equ	14477	;# 
  3425   00388E                     FSR2H_SHAD      equ	14478	;# 
  3426   00388F                     PRODSH          equ	14479	;# 
  3427   00388F                     PRODL_SHAD      equ	14479	;# 
  3428   003890                     PRODH_SHAD      equ	14480	;# 
  3429   00389D                     IVTADL          equ	14493	;# 
  3430   00389E                     IVTADH          equ	14494	;# 
  3431   00389F                     IVTADU          equ	14495	;# 
  3432   00395B                     WDTCON0         equ	14683	;# 
  3433   00395C                     WDTCON1         equ	14684	;# 
  3434   00395D                     WDTPSL          equ	14685	;# 
  3435   00395E                     WDTPSH          equ	14686	;# 
  3436   00395F                     WDTTMR          equ	14687	;# 
  3437   003960                     CRCDATA         equ	14688	;# 
  3438   003960                     CRCDATL         equ	14688	;# 
  3439   003961                     CRCDATH         equ	14689	;# 
  3440   003962                     CRCACC          equ	14690	;# 
  3441   003962                     CRCACCL         equ	14690	;# 
  3442   003963                     CRCACCH         equ	14691	;# 
  3443   003964                     CRCSHFT         equ	14692	;# 
  3444   003964                     CRCSHIFTL       equ	14692	;# 
  3445   003965                     CRCSHIFTH       equ	14693	;# 
  3446   003966                     CRCXOR          equ	14694	;# 
  3447   003966                     CRCXORL         equ	14694	;# 
  3448   003967                     CRCXORH         equ	14695	;# 
  3449   003968                     CRCCON0         equ	14696	;# 
  3450   003969                     CRCCON1         equ	14697	;# 
  3451   003976                     SCANLADR        equ	14710	;# 
  3452   003976                     SCANLADRL       equ	14710	;# 
  3453   003977                     SCANLADRH       equ	14711	;# 
  3454   003978                     SCANLADRU       equ	14712	;# 
  3455   003979                     SCANHADR        equ	14713	;# 
  3456   003979                     SCANHADRL       equ	14713	;# 
  3457   00397A                     SCANHADRH       equ	14714	;# 
  3458   00397B                     SCANHADRU       equ	14715	;# 
  3459   00397C                     SCANCON0        equ	14716	;# 
  3460   00397D                     SCANTRIG        equ	14717	;# 
  3461   003980                     IPR0            equ	14720	;# 
  3462   003981                     IPR1            equ	14721	;# 
  3463   003982                     IPR2            equ	14722	;# 
  3464   003983                     IPR3            equ	14723	;# 
  3465   003984                     IPR4            equ	14724	;# 
  3466   003985                     IPR5            equ	14725	;# 
  3467   003986                     IPR6            equ	14726	;# 
  3468   003987                     IPR7            equ	14727	;# 
  3469   003988                     IPR8            equ	14728	;# 
  3470   003989                     IPR9            equ	14729	;# 
  3471   003990                     PIE0            equ	14736	;# 
  3472   003991                     PIE1            equ	14737	;# 
  3473   003992                     PIE2            equ	14738	;# 
  3474   003993                     PIE3            equ	14739	;# 
  3475   003994                     PIE4            equ	14740	;# 
  3476   003995                     PIE5            equ	14741	;# 
  3477   003996                     PIE6            equ	14742	;# 
  3478   003997                     PIE7            equ	14743	;# 
  3479   003998                     PIE8            equ	14744	;# 
  3480   003999                     PIE9            equ	14745	;# 
  3481   0039A0                     PIR0            equ	14752	;# 
  3482   0039A1                     PIR1            equ	14753	;# 
  3483   0039A2                     PIR2            equ	14754	;# 
  3484   0039A3                     PIR3            equ	14755	;# 
  3485   0039A4                     PIR4            equ	14756	;# 
  3486   0039A5                     PIR5            equ	14757	;# 
  3487   0039A6                     PIR6            equ	14758	;# 
  3488   0039A7                     PIR7            equ	14759	;# 
  3489   0039A8                     PIR8            equ	14760	;# 
  3490   0039A9                     PIR9            equ	14761	;# 
  3491   0039C0                     PMD0            equ	14784	;# 
  3492   0039C1                     PMD1            equ	14785	;# 
  3493   0039C2                     PMD2            equ	14786	;# 
  3494   0039C3                     PMD3            equ	14787	;# 
  3495   0039C4                     PMD4            equ	14788	;# 
  3496   0039C5                     PMD5            equ	14789	;# 
  3497   0039C6                     PMD6            equ	14790	;# 
  3498   0039C7                     PMD7            equ	14791	;# 
  3499   0039D0                     BORCON          equ	14800	;# 
  3500   0039D1                     VREGCON         equ	14801	;# 
  3501   0039D8                     CPUDOZE         equ	14808	;# 
  3502   0039D9                     OSCCON1         equ	14809	;# 
  3503   0039DA                     OSCCON2         equ	14810	;# 
  3504   0039DB                     OSCCON3         equ	14811	;# 
  3505   0039DC                     OSCSTAT         equ	14812	;# 
  3506   0039DC                     OSCSTAT1        equ	14812	;# 
  3507   0039DD                     OSCEN           equ	14813	;# 
  3508   0039DE                     OSCTUNE         equ	14814	;# 
  3509   0039DF                     OSCFRQ          equ	14815	;# 
  3510   0039E0                     NVMADRL         equ	14816	;# 
  3511   0039E1                     NVMADRH         equ	14817	;# 
  3512   0039E3                     NVMDAT          equ	14819	;# 
  3513   0039E5                     NVMCON1         equ	14821	;# 
  3514   0039E6                     NVMCON2         equ	14822	;# 
  3515   0039EF                     PRLOCK          equ	14831	;# 
  3516   0039F1                     ISRPR           equ	14833	;# 
  3517   0039F2                     MAINPR          equ	14834	;# 
  3518   0039F3                     DMA1PR          equ	14835	;# 
  3519   0039F4                     DMA2PR          equ	14836	;# 
  3520   0039F7                     SCANPR          equ	14839	;# 
  3521   003A00                     RA0PPS          equ	14848	;# 
  3522   003A01                     RA1PPS          equ	14849	;# 
  3523   003A02                     RA2PPS          equ	14850	;# 
  3524   003A03                     RA3PPS          equ	14851	;# 
  3525   003A04                     RA4PPS          equ	14852	;# 
  3526   003A05                     RA5PPS          equ	14853	;# 
  3527   003A06                     RA6PPS          equ	14854	;# 
  3528   003A07                     RA7PPS          equ	14855	;# 
  3529   003A08                     RB0PPS          equ	14856	;# 
  3530   003A09                     RB1PPS          equ	14857	;# 
  3531   003A0A                     RB2PPS          equ	14858	;# 
  3532   003A0B                     RB3PPS          equ	14859	;# 
  3533   003A0C                     RB4PPS          equ	14860	;# 
  3534   003A0D                     RB5PPS          equ	14861	;# 
  3535   003A0E                     RB6PPS          equ	14862	;# 
  3536   003A0F                     RB7PPS          equ	14863	;# 
  3537   003A10                     RC0PPS          equ	14864	;# 
  3538   003A11                     RC1PPS          equ	14865	;# 
  3539   003A12                     RC2PPS          equ	14866	;# 
  3540   003A13                     RC3PPS          equ	14867	;# 
  3541   003A14                     RC4PPS          equ	14868	;# 
  3542   003A15                     RC5PPS          equ	14869	;# 
  3543   003A16                     RC6PPS          equ	14870	;# 
  3544   003A17                     RC7PPS          equ	14871	;# 
  3545   003A40                     ANSELA          equ	14912	;# 
  3546   003A41                     WPUA            equ	14913	;# 
  3547   003A42                     ODCONA          equ	14914	;# 
  3548   003A43                     SLRCONA         equ	14915	;# 
  3549   003A44                     INLVLA          equ	14916	;# 
  3550   003A45                     IOCAP           equ	14917	;# 
  3551   003A46                     IOCAN           equ	14918	;# 
  3552   003A47                     IOCAF           equ	14919	;# 
  3553   003A50                     ANSELB          equ	14928	;# 
  3554   003A51                     WPUB            equ	14929	;# 
  3555   003A52                     ODCONB          equ	14930	;# 
  3556   003A53                     SLRCONB         equ	14931	;# 
  3557   003A54                     INLVLB          equ	14932	;# 
  3558   003A55                     IOCBP           equ	14933	;# 
  3559   003A56                     IOCBN           equ	14934	;# 
  3560   003A57                     IOCBF           equ	14935	;# 
  3561   003A5A                     RB1I2C          equ	14938	;# 
  3562   003A5B                     RB2I2C          equ	14939	;# 
  3563   003A60                     ANSELC          equ	14944	;# 
  3564   003A61                     WPUC            equ	14945	;# 
  3565   003A62                     ODCONC          equ	14946	;# 
  3566   003A63                     SLRCONC         equ	14947	;# 
  3567   003A64                     INLVLC          equ	14948	;# 
  3568   003A65                     IOCCP           equ	14949	;# 
  3569   003A66                     IOCCN           equ	14950	;# 
  3570   003A67                     IOCCF           equ	14951	;# 
  3571   003A6A                     RC3I2C          equ	14954	;# 
  3572   003A6B                     RC4I2C          equ	14955	;# 
  3573   003A81                     WPUE            equ	14977	;# 
  3574   003A84                     INLVLE          equ	14980	;# 
  3575   003A85                     IOCEP           equ	14981	;# 
  3576   003A86                     IOCEN           equ	14982	;# 
  3577   003A87                     IOCEF           equ	14983	;# 
  3578   003ABF                     PPSLOCK         equ	15039	;# 
  3579   003AC0                     INT0PPS         equ	15040	;# 
  3580   003AC1                     INT1PPS         equ	15041	;# 
  3581   003AC2                     INT2PPS         equ	15042	;# 
  3582   003AC3                     T0CKIPPS        equ	15043	;# 
  3583   003AC4                     T1CKIPPS        equ	15044	;# 
  3584   003AC5                     T1GPPS          equ	15045	;# 
  3585   003AC6                     T3CKIPPS        equ	15046	;# 
  3586   003AC7                     T3GPPS          equ	15047	;# 
  3587   003AC8                     T5CKIPPS        equ	15048	;# 
  3588   003AC9                     T5GPPS          equ	15049	;# 
  3589   003ACA                     T2INPPS         equ	15050	;# 
  3590   003ACB                     T4INPPS         equ	15051	;# 
  3591   003ACC                     T6INPPS         equ	15052	;# 
  3592   003ACD                     CCP1PPS         equ	15053	;# 
  3593   003ACE                     CCP2PPS         equ	15054	;# 
  3594   003ACF                     CCP3PPS         equ	15055	;# 
  3595   003AD0                     CCP4PPS         equ	15056	;# 
  3596   003AD1                     SMT1WINPPS      equ	15057	;# 
  3597   003AD2                     SMT1SIGPPS      equ	15058	;# 
  3598   003AD3                     SMT2WINPPS      equ	15059	;# 
  3599   003AD4                     SMT2SIGPPS      equ	15060	;# 
  3600   003AD5                     CWG1INPPS       equ	15061	;# 
  3601   003AD6                     CWG2INPPS       equ	15062	;# 
  3602   003AD7                     CWG3INPPS       equ	15063	;# 
  3603   003AD8                     MD1CARLPPS      equ	15064	;# 
  3604   003AD9                     MD1CARHPPS      equ	15065	;# 
  3605   003ADA                     MD1SRCPPS       equ	15066	;# 
  3606   003ADB                     CLCIN0PPS       equ	15067	;# 
  3607   003ADC                     CLCIN1PPS       equ	15068	;# 
  3608   003ADD                     CLCIN2PPS       equ	15069	;# 
  3609   003ADE                     CLCIN3PPS       equ	15070	;# 
  3610   003ADF                     ADACTPPS        equ	15071	;# 
  3611   003AE0                     SPI1SCKPPS      equ	15072	;# 
  3612   003AE1                     SPI1SDIPPS      equ	15073	;# 
  3613   003AE2                     SPI1SSPPS       equ	15074	;# 
  3614   003AE3                     I2C1SCLPPS      equ	15075	;# 
  3615   003AE4                     I2C1SDAPPS      equ	15076	;# 
  3616   003AE5                     I2C2SCLPPS      equ	15077	;# 
  3617   003AE6                     I2C2SDAPPS      equ	15078	;# 
  3618   003AE7                     U1RXPPS         equ	15079	;# 
  3619   003AE8                     U1CTSPPS        equ	15080	;# 
  3620   003AEA                     U2RXPPS         equ	15082	;# 
  3621   003AEB                     U2CTSPPS        equ	15083	;# 
  3622   003AED                     CANRXPPS        equ	15085	;# 
  3623   003BC9                     DMA2BUF         equ	15305	;# 
  3624   003BCA                     DMA2DCNT        equ	15306	;# 
  3625   003BCA                     DMA2DCNTL       equ	15306	;# 
  3626   003BCB                     DMA2DCNTH       equ	15307	;# 
  3627   003BCC                     DMA2DPTR        equ	15308	;# 
  3628   003BCC                     DMA2DPTRL       equ	15308	;# 
  3629   003BCD                     DMA2DPTRH       equ	15309	;# 
  3630   003BCE                     DMA2DSZ         equ	15310	;# 
  3631   003BCE                     DMA2DSZL        equ	15310	;# 
  3632   003BCF                     DMA2DSZH        equ	15311	;# 
  3633   003BD0                     DMA2DSA         equ	15312	;# 
  3634   003BD0                     DMA2DSAL        equ	15312	;# 
  3635   003BD1                     DMA2DSAH        equ	15313	;# 
  3636   003BD2                     DMA2SCNT        equ	15314	;# 
  3637   003BD2                     DMA2SCNTL       equ	15314	;# 
  3638   003BD3                     DMA2SCNTH       equ	15315	;# 
  3639   003BD4                     DMA2SPTR        equ	15316	;# 
  3640   003BD4                     DMA2SPTRL       equ	15316	;# 
  3641   003BD5                     DMA2SPTRH       equ	15317	;# 
  3642   003BD6                     DMA2SPTRU       equ	15318	;# 
  3643   003BD7                     DMA2SSZ         equ	15319	;# 
  3644   003BD7                     DMA2SSZL        equ	15319	;# 
  3645   003BD8                     DMA2SSZH        equ	15320	;# 
  3646   003BD9                     DMA2SSA         equ	15321	;# 
  3647   003BD9                     DMA2SSAL        equ	15321	;# 
  3648   003BDA                     DMA2SSAH        equ	15322	;# 
  3649   003BDB                     DMA2SSAU        equ	15323	;# 
  3650   003BDC                     DMA2CON0        equ	15324	;# 
  3651   003BDD                     DMA2CON1        equ	15325	;# 
  3652   003BDE                     DMA2AIRQ        equ	15326	;# 
  3653   003BDF                     DMA2SIRQ        equ	15327	;# 
  3654   003BE9                     DMA1BUF         equ	15337	;# 
  3655   003BEA                     DMA1DCNT        equ	15338	;# 
  3656   003BEA                     DMA1DCNTL       equ	15338	;# 
  3657   003BEB                     DMA1DCNTH       equ	15339	;# 
  3658   003BEC                     DMA1DPTR        equ	15340	;# 
  3659   003BEC                     DMA1DPTRL       equ	15340	;# 
  3660   003BED                     DMA1DPTRH       equ	15341	;# 
  3661   003BEE                     DMA1DSZ         equ	15342	;# 
  3662   003BEE                     DMA1DSZL        equ	15342	;# 
  3663   003BEF                     DMA1DSZH        equ	15343	;# 
  3664   003BF0                     DMA1DSA         equ	15344	;# 
  3665   003BF0                     DMA1DSAL        equ	15344	;# 
  3666   003BF1                     DMA1DSAH        equ	15345	;# 
  3667   003BF2                     DMA1SCNT        equ	15346	;# 
  3668   003BF2                     DMA1SCNTL       equ	15346	;# 
  3669   003BF3                     DMA1SCNTH       equ	15347	;# 
  3670   003BF4                     DMA1SPTR        equ	15348	;# 
  3671   003BF4                     DMA1SPTRL       equ	15348	;# 
  3672   003BF5                     DMA1SPTRH       equ	15349	;# 
  3673   003BF6                     DMA1SPTRU       equ	15350	;# 
  3674   003BF7                     DMA1SSZ         equ	15351	;# 
  3675   003BF7                     DMA1SSZL        equ	15351	;# 
  3676   003BF8                     DMA1SSZH        equ	15352	;# 
  3677   003BF9                     DMA1SSA         equ	15353	;# 
  3678   003BF9                     DMA1SSAL        equ	15353	;# 
  3679   003BFA                     DMA1SSAH        equ	15354	;# 
  3680   003BFB                     DMA1SSAU        equ	15355	;# 
  3681   003BFC                     DMA1CON0        equ	15356	;# 
  3682   003BFD                     DMA1CON1        equ	15357	;# 
  3683   003BFE                     DMA1AIRQ        equ	15358	;# 
  3684   003BFF                     DMA1SIRQ        equ	15359	;# 
  3685   003C56                     CLC4CON         equ	15446	;# 
  3686   003C57                     CLC4POL         equ	15447	;# 
  3687   003C58                     CLC4SEL0        equ	15448	;# 
  3688   003C59                     CLC4SEL1        equ	15449	;# 
  3689   003C5A                     CLC4SEL2        equ	15450	;# 
  3690   003C5B                     CLC4SEL3        equ	15451	;# 
  3691   003C5C                     CLC4GLS0        equ	15452	;# 
  3692   003C5D                     CLC4GLS1        equ	15453	;# 
  3693   003C5E                     CLC4GLS2        equ	15454	;# 
  3694   003C5F                     CLC4GLS3        equ	15455	;# 
  3695   003C60                     CLC3CON         equ	15456	;# 
  3696   003C61                     CLC3POL         equ	15457	;# 
  3697   003C62                     CLC3SEL0        equ	15458	;# 
  3698   003C63                     CLC3SEL1        equ	15459	;# 
  3699   003C64                     CLC3SEL2        equ	15460	;# 
  3700   003C65                     CLC3SEL3        equ	15461	;# 
  3701   003C66                     CLC3GLS0        equ	15462	;# 
  3702   003C67                     CLC3GLS1        equ	15463	;# 
  3703   003C68                     CLC3GLS2        equ	15464	;# 
  3704   003C69                     CLC3GLS3        equ	15465	;# 
  3705   003C6A                     CLC2CON         equ	15466	;# 
  3706   003C6B                     CLC2POL         equ	15467	;# 
  3707   003C6C                     CLC2SEL0        equ	15468	;# 
  3708   003C6D                     CLC2SEL1        equ	15469	;# 
  3709   003C6E                     CLC2SEL2        equ	15470	;# 
  3710   003C6F                     CLC2SEL3        equ	15471	;# 
  3711   003C70                     CLC2GLS0        equ	15472	;# 
  3712   003C71                     CLC2GLS1        equ	15473	;# 
  3713   003C72                     CLC2GLS2        equ	15474	;# 
  3714   003C73                     CLC2GLS3        equ	15475	;# 
  3715   003C74                     CLC1CON         equ	15476	;# 
  3716   003C75                     CLC1POL         equ	15477	;# 
  3717   003C76                     CLC1SEL0        equ	15478	;# 
  3718   003C77                     CLC1SEL1        equ	15479	;# 
  3719   003C78                     CLC1SEL2        equ	15480	;# 
  3720   003C79                     CLC1SEL3        equ	15481	;# 
  3721   003C7A                     CLC1GLS0        equ	15482	;# 
  3722   003C7B                     CLC1GLS1        equ	15483	;# 
  3723   003C7C                     CLC1GLS2        equ	15484	;# 
  3724   003C7D                     CLC1GLS3        equ	15485	;# 
  3725   003C7E                     CLCDATA0        equ	15486	;# 
  3726   003CE5                     CLKRCON         equ	15589	;# 
  3727   003CE6                     CLKRCLK         equ	15590	;# 
  3728   003CFA                     MD1CON0         equ	15610	;# 
  3729   003CFB                     MD1CON1         equ	15611	;# 
  3730   003CFC                     MD1SRC          equ	15612	;# 
  3731   003CFD                     MD1CARL         equ	15613	;# 
  3732   003CFE                     MD1CARH         equ	15614	;# 
  3733   003D10                     SPI1RXB         equ	15632	;# 
  3734   003D11                     SPI1TXB         equ	15633	;# 
  3735   003D12                     SPI1TCNT        equ	15634	;# 
  3736   003D12                     SPI1TCNTL       equ	15634	;# 
  3737   003D13                     SPI1TCNTH       equ	15635	;# 
  3738   003D14                     SPI1CON0        equ	15636	;# 
  3739   003D15                     SPI1CON1        equ	15637	;# 
  3740   003D16                     SPI1CON2        equ	15638	;# 
  3741   003D17                     SPI1STATUS      equ	15639	;# 
  3742   003D18                     SPI1TWIDTH      equ	15640	;# 
  3743   003D19                     SPI1BAUD        equ	15641	;# 
  3744   003D1A                     SPI1INTF        equ	15642	;# 
  3745   003D1B                     SPI1INTE        equ	15643	;# 
  3746   003D1C                     SPI1CLK         equ	15644	;# 
  3747   003D54                     I2C2RXB         equ	15700	;# 
  3748   003D55                     I2C2TXB         equ	15701	;# 
  3749   003D56                     I2C2CNT         equ	15702	;# 
  3750   003D57                     I2C2ADB0        equ	15703	;# 
  3751   003D58                     I2C2ADB1        equ	15704	;# 
  3752   003D59                     I2C2ADR0        equ	15705	;# 
  3753   003D5A                     I2C2ADR1        equ	15706	;# 
  3754   003D5B                     I2C2ADR2        equ	15707	;# 
  3755   003D5C                     I2C2ADR3        equ	15708	;# 
  3756   003D5D                     I2C2CON0        equ	15709	;# 
  3757   003D5E                     I2C2CON1        equ	15710	;# 
  3758   003D5F                     I2C2CON2        equ	15711	;# 
  3759   003D60                     I2C2ERR         equ	15712	;# 
  3760   003D61                     I2C2STAT0       equ	15713	;# 
  3761   003D62                     I2C2STAT1       equ	15714	;# 
  3762   003D63                     I2C2PIR         equ	15715	;# 
  3763   003D64                     I2C2PIE         equ	15716	;# 
  3764   003D65                     I2C2CLK         equ	15717	;# 
  3765   003D66                     I2C2BTO         equ	15718	;# 
  3766   003D6A                     I2C1RXB         equ	15722	;# 
  3767   003D6B                     I2C1TXB         equ	15723	;# 
  3768   003D6C                     I2C1CNT         equ	15724	;# 
  3769   003D6D                     I2C1ADB0        equ	15725	;# 
  3770   003D6E                     I2C1ADB1        equ	15726	;# 
  3771   003D6F                     I2C1ADR0        equ	15727	;# 
  3772   003D70                     I2C1ADR1        equ	15728	;# 
  3773   003D71                     I2C1ADR2        equ	15729	;# 
  3774   003D72                     I2C1ADR3        equ	15730	;# 
  3775   003D73                     I2C1CON0        equ	15731	;# 
  3776   003D74                     I2C1CON1        equ	15732	;# 
  3777   003D75                     I2C1CON2        equ	15733	;# 
  3778   003D76                     I2C1ERR         equ	15734	;# 
  3779   003D77                     I2C1STAT0       equ	15735	;# 
  3780   003D78                     I2C1STAT1       equ	15736	;# 
  3781   003D79                     I2C1PIR         equ	15737	;# 
  3782   003D7A                     I2C1PIE         equ	15738	;# 
  3783   003D7B                     I2C1CLK         equ	15739	;# 
  3784   003D7C                     I2C1BTO         equ	15740	;# 
  3785   003DD0                     U2RXB           equ	15824	;# 
  3786   003DD0                     U2RXBL          equ	15824	;# 
  3787   003DD1                     U2RXCHK         equ	15825	;# 
  3788   003DD2                     U2TXB           equ	15826	;# 
  3789   003DD2                     U2TXBL          equ	15826	;# 
  3790   003DD3                     U2TXCHK         equ	15827	;# 
  3791   003DD4                     U2P1            equ	15828	;# 
  3792   003DD4                     U2P1L           equ	15828	;# 
  3793   003DD5                     U2P1H           equ	15829	;# 
  3794   003DD6                     U2P2            equ	15830	;# 
  3795   003DD6                     U2P2L           equ	15830	;# 
  3796   003DD7                     U2P2H           equ	15831	;# 
  3797   003DD8                     U2P3            equ	15832	;# 
  3798   003DD8                     U2P3L           equ	15832	;# 
  3799   003DD9                     U2P3H           equ	15833	;# 
  3800   003DDA                     U2CON0          equ	15834	;# 
  3801   003DDB                     U2CON1          equ	15835	;# 
  3802   003DDC                     U2CON2          equ	15836	;# 
  3803   003DDD                     U2BRG           equ	15837	;# 
  3804   003DDD                     U2BRGL          equ	15837	;# 
  3805   003DDE                     U2BRGH          equ	15838	;# 
  3806   003DDF                     U2FIFO          equ	15839	;# 
  3807   003DE0                     U2UIR           equ	15840	;# 
  3808   003DE1                     U2ERRIR         equ	15841	;# 
  3809   003DE2                     U2ERRIE         equ	15842	;# 
  3810   003DE8                     U1RXB           equ	15848	;# 
  3811   003DE8                     U1RXBL          equ	15848	;# 
  3812   003DE9                     U1RXCHK         equ	15849	;# 
  3813   003DEA                     U1TXB           equ	15850	;# 
  3814   003DEA                     U1TXBL          equ	15850	;# 
  3815   003DEB                     U1TXCHK         equ	15851	;# 
  3816   003DEC                     U1P1            equ	15852	;# 
  3817   003DEC                     U1P1L           equ	15852	;# 
  3818   003DED                     U1P1H           equ	15853	;# 
  3819   003DEE                     U1P2            equ	15854	;# 
  3820   003DEE                     U1P2L           equ	15854	;# 
  3821   003DEF                     U1P2H           equ	15855	;# 
  3822   003DF0                     U1P3            equ	15856	;# 
  3823   003DF0                     U1P3L           equ	15856	;# 
  3824   003DF1                     U1P3H           equ	15857	;# 
  3825   003DF2                     U1CON0          equ	15858	;# 
  3826   003DF3                     U1CON1          equ	15859	;# 
  3827   003DF4                     U1CON2          equ	15860	;# 
  3828   003DF5                     U1BRG           equ	15861	;# 
  3829   003DF5                     U1BRGL          equ	15861	;# 
  3830   003DF6                     U1BRGH          equ	15862	;# 
  3831   003DF7                     U1FIFO          equ	15863	;# 
  3832   003DF8                     U1UIR           equ	15864	;# 
  3833   003DF9                     U1ERRIR         equ	15865	;# 
  3834   003DFA                     U1ERRIE         equ	15866	;# 
  3835   003E9C                     DAC1CON1        equ	16028	;# 
  3836   003E9E                     DAC1CON0        equ	16030	;# 
  3837   003EB8                     CM2CON0         equ	16056	;# 
  3838   003EB9                     CM2CON1         equ	16057	;# 
  3839   003EBA                     CM2NCH          equ	16058	;# 
  3840   003EBB                     CM2PCH          equ	16059	;# 
  3841   003EBC                     CM1CON0         equ	16060	;# 
  3842   003EBD                     CM1CON1         equ	16061	;# 
  3843   003EBE                     CM1NCH          equ	16062	;# 
  3844   003EBF                     CM1PCH          equ	16063	;# 
  3845   003EC0                     CMOUT           equ	16064	;# 
  3846   003EC1                     FVRCON          equ	16065	;# 
  3847   003EC3                     ZCDCON          equ	16067	;# 
  3848   003EC9                     HLVDCON0        equ	16073	;# 
  3849   003ECA                     HLVDCON1        equ	16074	;# 
  3850   003ED7                     ADCP            equ	16087	;# 
  3851   003EDE                     ADLTH           equ	16094	;# 
  3852   003EDE                     ADLTHL          equ	16094	;# 
  3853   003EDF                     ADLTHH          equ	16095	;# 
  3854   003EE0                     ADUTH           equ	16096	;# 
  3855   003EE0                     ADUTHL          equ	16096	;# 
  3856   003EE1                     ADUTHH          equ	16097	;# 
  3857   003EE2                     ADERR           equ	16098	;# 
  3858   003EE2                     ADERRL          equ	16098	;# 
  3859   003EE3                     ADERRH          equ	16099	;# 
  3860   003EE4                     ADSTPT          equ	16100	;# 
  3861   003EE4                     ADSTPTL         equ	16100	;# 
  3862   003EE5                     ADSTPTH         equ	16101	;# 
  3863   003EE6                     ADFLTR          equ	16102	;# 
  3864   003EE6                     ADFLTRL         equ	16102	;# 
  3865   003EE7                     ADFLTRH         equ	16103	;# 
  3866   003EE8                     ADACC           equ	16104	;# 
  3867   003EE8                     ADACCL          equ	16104	;# 
  3868   003EE9                     ADACCH          equ	16105	;# 
  3869   003EEA                     ADACCU          equ	16106	;# 
  3870   003EEB                     ADCNT           equ	16107	;# 
  3871   003EEC                     ADRPT           equ	16108	;# 
  3872   003EED                     ADPREV          equ	16109	;# 
  3873   003EED                     ADPREVL         equ	16109	;# 
  3874   003EEE                     ADPREVH         equ	16110	;# 
  3875   003EEF                     ADRES           equ	16111	;# 
  3876   003EEF                     ADRESL          equ	16111	;# 
  3877   003EF0                     ADRESH          equ	16112	;# 
  3878   003EF1                     ADPCH           equ	16113	;# 
  3879   003EF3                     ADACQ           equ	16115	;# 
  3880   003EF3                     ADACQL          equ	16115	;# 
  3881   003EF4                     ADACQH          equ	16116	;# 
  3882   003EF5                     ADCAP           equ	16117	;# 
  3883   003EF6                     ADPRE           equ	16118	;# 
  3884   003EF6                     ADPREL          equ	16118	;# 
  3885   003EF7                     ADPREH          equ	16119	;# 
  3886   003EF8                     ADCON0          equ	16120	;# 
  3887   003EF9                     ADCON1          equ	16121	;# 
  3888   003EFA                     ADCON2          equ	16122	;# 
  3889   003EFB                     ADCON3          equ	16123	;# 
  3890   003EFC                     ADSTAT          equ	16124	;# 
  3891   003EFD                     ADREF           equ	16125	;# 
  3892   003EFE                     ADACT           equ	16126	;# 
  3893   003EFF                     ADCLK           equ	16127	;# 
  3894   003F00                     SMT2TMR         equ	16128	;# 
  3895   003F00                     SMT2TMRL        equ	16128	;# 
  3896   003F01                     SMT2TMRH        equ	16129	;# 
  3897   003F02                     SMT2TMRU        equ	16130	;# 
  3898   003F03                     SMT2CPR         equ	16131	;# 
  3899   003F03                     SMT2CPRL        equ	16131	;# 
  3900   003F04                     SMT2CPRH        equ	16132	;# 
  3901   003F05                     SMT2CPRU        equ	16133	;# 
  3902   003F06                     SMT2CPW         equ	16134	;# 
  3903   003F06                     SMT2CPWL        equ	16134	;# 
  3904   003F07                     SMT2CPWH        equ	16135	;# 
  3905   003F08                     SMT2CPWU        equ	16136	;# 
  3906   003F09                     SMT2PR          equ	16137	;# 
  3907   003F09                     SMT2PRL         equ	16137	;# 
  3908   003F0A                     SMT2PRH         equ	16138	;# 
  3909   003F0B                     SMT2PRU         equ	16139	;# 
  3910   003F0C                     SMT2CON0        equ	16140	;# 
  3911   003F0D                     SMT2CON1        equ	16141	;# 
  3912   003F0E                     SMT2STAT        equ	16142	;# 
  3913   003F0F                     SMT2CLK         equ	16143	;# 
  3914   003F10                     SMT2SIG         equ	16144	;# 
  3915   003F11                     SMT2WIN         equ	16145	;# 
  3916   003F12                     SMT1TMR         equ	16146	;# 
  3917   003F12                     SMT1TMRL        equ	16146	;# 
  3918   003F13                     SMT1TMRH        equ	16147	;# 
  3919   003F14                     SMT1TMRU        equ	16148	;# 
  3920   003F15                     SMT1CPR         equ	16149	;# 
  3921   003F15                     SMT1CPRL        equ	16149	;# 
  3922   003F16                     SMT1CPRH        equ	16150	;# 
  3923   003F17                     SMT1CPRU        equ	16151	;# 
  3924   003F18                     SMT1CPW         equ	16152	;# 
  3925   003F18                     SMT1CPWL        equ	16152	;# 
  3926   003F19                     SMT1CPWH        equ	16153	;# 
  3927   003F1A                     SMT1CPWU        equ	16154	;# 
  3928   003F1B                     SMT1PR          equ	16155	;# 
  3929   003F1B                     SMT1PRL         equ	16155	;# 
  3930   003F1C                     SMT1PRH         equ	16156	;# 
  3931   003F1D                     SMT1PRU         equ	16157	;# 
  3932   003F1E                     SMT1CON0        equ	16158	;# 
  3933   003F1F                     SMT1CON1        equ	16159	;# 
  3934   003F20                     SMT1STAT        equ	16160	;# 
  3935   003F21                     SMT1CLK         equ	16161	;# 
  3936   003F22                     SMT1SIG         equ	16162	;# 
  3937   003F23                     SMT1WIN         equ	16163	;# 
  3938   003F38                     NCO1ACC         equ	16184	;# 
  3939   003F38                     NCO1ACCL        equ	16184	;# 
  3940   003F39                     NCO1ACCH        equ	16185	;# 
  3941   003F3A                     NCO1ACCU        equ	16186	;# 
  3942   003F3B                     NCO1INC         equ	16187	;# 
  3943   003F3B                     NCO1INCL        equ	16187	;# 
  3944   003F3C                     NCO1INCH        equ	16188	;# 
  3945   003F3D                     NCO1INCU        equ	16189	;# 
  3946   003F3E                     NCO1CON         equ	16190	;# 
  3947   003F3F                     NCO1CLK         equ	16191	;# 
  3948   003F40                     CWG3CLK         equ	16192	;# 
  3949   003F40                     CWG3CLKCON      equ	16192	;# 
  3950   003F41                     CWG3ISM         equ	16193	;# 
  3951   003F42                     CWG3DBR         equ	16194	;# 
  3952   003F43                     CWG3DBF         equ	16195	;# 
  3953   003F44                     CWG3CON0        equ	16196	;# 
  3954   003F45                     CWG3CON1        equ	16197	;# 
  3955   003F46                     CWG3AS0         equ	16198	;# 
  3956   003F47                     CWG3AS1         equ	16199	;# 
  3957   003F48                     CWG3STR         equ	16200	;# 
  3958   003F49                     CWG2CLK         equ	16201	;# 
  3959   003F49                     CWG2CLKCON      equ	16201	;# 
  3960   003F4A                     CWG2ISM         equ	16202	;# 
  3961   003F4B                     CWG2DBR         equ	16203	;# 
  3962   003F4C                     CWG2DBF         equ	16204	;# 
  3963   003F4D                     CWG2CON0        equ	16205	;# 
  3964   003F4E                     CWG2CON1        equ	16206	;# 
  3965   003F4F                     CWG2AS0         equ	16207	;# 
  3966   003F50                     CWG2AS1         equ	16208	;# 
  3967   003F51                     CWG2STR         equ	16209	;# 
  3968   003F52                     CWG1CLK         equ	16210	;# 
  3969   003F52                     CWG1CLKCON      equ	16210	;# 
  3970   003F53                     CWG1ISM         equ	16211	;# 
  3971   003F54                     CWG1DBR         equ	16212	;# 
  3972   003F55                     CWG1DBF         equ	16213	;# 
  3973   003F56                     CWG1CON0        equ	16214	;# 
  3974   003F57                     CWG1CON1        equ	16215	;# 
  3975   003F58                     CWG1AS0         equ	16216	;# 
  3976   003F59                     CWG1AS1         equ	16217	;# 
  3977   003F5A                     CWG1STR         equ	16218	;# 
  3978   003F5E                     CCPTMRS0        equ	16222	;# 
  3979   003F5F                     CCPTMRS1        equ	16223	;# 
  3980   003F60                     PWM8DC          equ	16224	;# 
  3981   003F60                     PWM8DCL         equ	16224	;# 
  3982   003F61                     PWM8DCH         equ	16225	;# 
  3983   003F62                     PWM8CON         equ	16226	;# 
  3984   003F64                     PWM7DC          equ	16228	;# 
  3985   003F64                     PWM7DCL         equ	16228	;# 
  3986   003F65                     PWM7DCH         equ	16229	;# 
  3987   003F66                     PWM7CON         equ	16230	;# 
  3988   003F68                     PWM6DC          equ	16232	;# 
  3989   003F68                     PWM6DCL         equ	16232	;# 
  3990   003F69                     PWM6DCH         equ	16233	;# 
  3991   003F6A                     PWM6CON         equ	16234	;# 
  3992   003F6C                     PWM5DC          equ	16236	;# 
  3993   003F6C                     PWM5DCL         equ	16236	;# 
  3994   003F6D                     PWM5DCH         equ	16237	;# 
  3995   003F6E                     PWM5CON         equ	16238	;# 
  3996   003F70                     CCPR4           equ	16240	;# 
  3997   003F70                     CCPR4L          equ	16240	;# 
  3998   003F71                     CCPR4H          equ	16241	;# 
  3999   003F72                     CCP4CON         equ	16242	;# 
  4000   003F73                     CCP4CAP         equ	16243	;# 
  4001   003F74                     CCPR3           equ	16244	;# 
  4002   003F74                     CCPR3L          equ	16244	;# 
  4003   003F75                     CCPR3H          equ	16245	;# 
  4004   003F76                     CCP3CON         equ	16246	;# 
  4005   003F77                     CCP3CAP         equ	16247	;# 
  4006   003F78                     CCPR2           equ	16248	;# 
  4007   003F78                     CCPR2L          equ	16248	;# 
  4008   003F79                     CCPR2H          equ	16249	;# 
  4009   003F7A                     CCP2CON         equ	16250	;# 
  4010   003F7B                     CCP2CAP         equ	16251	;# 
  4011   003F7C                     CCPR1           equ	16252	;# 
  4012   003F7C                     CCPR1L          equ	16252	;# 
  4013   003F7D                     CCPR1H          equ	16253	;# 
  4014   003F7E                     CCP1CON         equ	16254	;# 
  4015   003F7F                     CCP1CAP         equ	16255	;# 
  4016   003F80                     RXB0CON         equ	16256	;# 
  4017   003F81                     RXB0SIDH        equ	16257	;# 
  4018   003F82                     RXB0SIDL        equ	16258	;# 
  4019   003F83                     RXB0EIDH        equ	16259	;# 
  4020   003F84                     RXB0EIDL        equ	16260	;# 
  4021   003F85                     RXB0DLC         equ	16261	;# 
  4022   003F86                     RXB0D0          equ	16262	;# 
  4023   003F87                     RXB0D1          equ	16263	;# 
  4024   003F88                     RXB0D2          equ	16264	;# 
  4025   003F89                     RXB0D3          equ	16265	;# 
  4026   003F8A                     RXB0D4          equ	16266	;# 
  4027   003F8B                     RXB0D5          equ	16267	;# 
  4028   003F8C                     RXB0D6          equ	16268	;# 
  4029   003F8D                     RXB0D7          equ	16269	;# 
  4030   003F8E                     CANSTAT         equ	16270	;# 
  4031   003F8F                     CANCON          equ	16271	;# 
  4032   003F90                     COMSTAT         equ	16272	;# 
  4033   003F91                     ECANCON         equ	16273	;# 
  4034   003F92                     T6TMR           equ	16274	;# 
  4035   003F92                     TMR6            equ	16274	;# 
  4036   003F93                     T6PR            equ	16275	;# 
  4037   003F93                     PR6             equ	16275	;# 
  4038   003F94                     T6CON           equ	16276	;# 
  4039   003F95                     T6HLT           equ	16277	;# 
  4040   003F96                     T6CLKCON        equ	16278	;# 
  4041   003F96                     T6CLK           equ	16278	;# 
  4042   003F97                     T6RST           equ	16279	;# 
  4043   003F98                     TMR5L           equ	16280	;# 
  4044   003F99                     TMR5H           equ	16281	;# 
  4045   003F9A                     T5CON           equ	16282	;# 
  4046   003F9A                     TMR5CON         equ	16282	;# 
  4047   003F9B                     T5GCON          equ	16283	;# 
  4048   003F9B                     TMR5GCON        equ	16283	;# 
  4049   003F9C                     T5GATE          equ	16284	;# 
  4050   003F9C                     TMR5GATE        equ	16284	;# 
  4051   003F9D                     T5CLK           equ	16285	;# 
  4052   003F9D                     TMR5CLK         equ	16285	;# 
  4053   003F9E                     T4TMR           equ	16286	;# 
  4054   003F9E                     TMR4            equ	16286	;# 
  4055   003F9F                     T4PR            equ	16287	;# 
  4056   003F9F                     PR4             equ	16287	;# 
  4057   003FA0                     T4CON           equ	16288	;# 
  4058   003FA1                     T4HLT           equ	16289	;# 
  4059   003FA2                     T4CLKCON        equ	16290	;# 
  4060   003FA2                     T4CLK           equ	16290	;# 
  4061   003FA3                     T4RST           equ	16291	;# 
  4062   003FA4                     TMR3L           equ	16292	;# 
  4063   003FA5                     TMR3H           equ	16293	;# 
  4064   003FA6                     T3CON           equ	16294	;# 
  4065   003FA6                     TMR3CON         equ	16294	;# 
  4066   003FA7                     T3GCON          equ	16295	;# 
  4067   003FA7                     TMR3GCON        equ	16295	;# 
  4068   003FA8                     T3GATE          equ	16296	;# 
  4069   003FA8                     TMR3GATE        equ	16296	;# 
  4070   003FA9                     T3CLK           equ	16297	;# 
  4071   003FA9                     TMR3CLK         equ	16297	;# 
  4072   003FAA                     T2TMR           equ	16298	;# 
  4073   003FAA                     TMR2            equ	16298	;# 
  4074   003FAB                     T2PR            equ	16299	;# 
  4075   003FAB                     PR2             equ	16299	;# 
  4076   003FAC                     T2CON           equ	16300	;# 
  4077   003FAD                     T2HLT           equ	16301	;# 
  4078   003FAE                     T2CLKCON        equ	16302	;# 
  4079   003FAE                     T2CLK           equ	16302	;# 
  4080   003FAF                     T2RST           equ	16303	;# 
  4081   003FB0                     TMR1L           equ	16304	;# 
  4082   003FB1                     TMR1H           equ	16305	;# 
  4083   003FB2                     T1CON           equ	16306	;# 
  4084   003FB2                     TMR1CON         equ	16306	;# 
  4085   003FB3                     T1GCON          equ	16307	;# 
  4086   003FB3                     TMR1GCON        equ	16307	;# 
  4087   003FB4                     T1GATE          equ	16308	;# 
  4088   003FB4                     TMR1GATE        equ	16308	;# 
  4089   003FB5                     T1CLK           equ	16309	;# 
  4090   003FB5                     TMR1CLK         equ	16309	;# 
  4091   003FB6                     TMR0L           equ	16310	;# 
  4092   003FB6                     TMR0            equ	16310	;# 
  4093   003FB7                     TMR0H           equ	16311	;# 
  4094   003FB7                     PR0             equ	16311	;# 
  4095   003FB8                     T0CON0          equ	16312	;# 
  4096   003FB9                     T0CON1          equ	16313	;# 
  4097   003FBA                     LATA            equ	16314	;# 
  4098   003FBB                     LATB            equ	16315	;# 
  4099   003FBC                     LATC            equ	16316	;# 
  4100   003FC2                     TRISA           equ	16322	;# 
  4101   003FC3                     TRISB           equ	16323	;# 
  4102   003FC4                     TRISC           equ	16324	;# 
  4103   003FCA                     PORTA           equ	16330	;# 
  4104   003FCB                     PORTB           equ	16331	;# 
  4105   003FCC                     PORTC           equ	16332	;# 
  4106   003FCE                     PORTE           equ	16334	;# 
  4107   003FD2                     INTCON0         equ	16338	;# 
  4108   003FD3                     INTCON1         equ	16339	;# 
  4109   003FD4                     IVTLOCK         equ	16340	;# 
  4110   003FD5                     IVTBASE         equ	16341	;# 
  4111   003FD5                     IVTBASEL        equ	16341	;# 
  4112   003FD6                     IVTBASEH        equ	16342	;# 
  4113   003FD7                     IVTBASEU        equ	16343	;# 
  4114   003FD8                     STATUS          equ	16344	;# 
  4115   003FD9                     FSR2            equ	16345	;# 
  4116   003FD9                     FSR2L           equ	16345	;# 
  4117   003FDA                     FSR2H           equ	16346	;# 
  4118   003FDB                     PLUSW2          equ	16347	;# 
  4119   003FDC                     PREINC2         equ	16348	;# 
  4120   003FDD                     POSTDEC2        equ	16349	;# 
  4121   003FDE                     POSTINC2        equ	16350	;# 
  4122   003FDF                     INDF2           equ	16351	;# 
  4123   003FE0                     BSR             equ	16352	;# 
  4124   003FE1                     FSR1            equ	16353	;# 
  4125   003FE1                     FSR1L           equ	16353	;# 
  4126   003FE2                     FSR1H           equ	16354	;# 
  4127   003FE3                     PLUSW1          equ	16355	;# 
  4128   003FE4                     PREINC1         equ	16356	;# 
  4129   003FE5                     POSTDEC1        equ	16357	;# 
  4130   003FE6                     POSTINC1        equ	16358	;# 
  4131   003FE7                     INDF1           equ	16359	;# 
  4132   003FE8                     WREG            equ	16360	;# 
  4133   003FE9                     FSR0            equ	16361	;# 
  4134   003FE9                     FSR0L           equ	16361	;# 
  4135   003FEA                     FSR0H           equ	16362	;# 
  4136   003FEB                     PLUSW0          equ	16363	;# 
  4137   003FEC                     PREINC0         equ	16364	;# 
  4138   003FED                     POSTDEC0        equ	16365	;# 
  4139   003FEE                     POSTINC0        equ	16366	;# 
  4140   003FEF                     INDF0           equ	16367	;# 
  4141   003FF0                     PCON0           equ	16368	;# 
  4142   003FF1                     PCON1           equ	16369	;# 
  4143   003FF3                     PROD            equ	16371	;# 
  4144   003FF3                     PRODL           equ	16371	;# 
  4145   003FF4                     PRODH           equ	16372	;# 
  4146   003FF5                     TABLAT          equ	16373	;# 
  4147   003FF6                     TBLPTR          equ	16374	;# 
  4148   003FF6                     TBLPTRL         equ	16374	;# 
  4149   003FF7                     TBLPTRH         equ	16375	;# 
  4150   003FF8                     TBLPTRU         equ	16376	;# 
  4151   003FF9                     PCLAT           equ	16377	;# 
  4152   003FF9                     PCL             equ	16377	;# 
  4153   003FFA                     PCLATH          equ	16378	;# 
  4154   003FFB                     PCLATU          equ	16379	;# 
  4155   003FFC                     STKPTR          equ	16380	;# 
  4156   003FFD                     TOS             equ	16381	;# 
  4157   003FFD                     TOSL            equ	16381	;# 
  4158   003FFE                     TOSH            equ	16382	;# 
  4159   003FFF                     TOSU            equ	16383	;# 
  4160   003700                     CIOCON          equ	14080	;# 
  4161   003701                     RXERRCNT        equ	14081	;# 
  4162   003702                     TXERRCNT        equ	14082	;# 
  4163   003703                     BRGCON1         equ	14083	;# 
  4164   003704                     BRGCON2         equ	14084	;# 
  4165   003705                     BRGCON3         equ	14085	;# 
  4166   003706                     RXFCON0         equ	14086	;# 
  4167   003707                     RXFCON1         equ	14087	;# 
  4168   003708                     RXF6SIDH        equ	14088	;# 
  4169   003709                     RXF6SIDL        equ	14089	;# 
  4170   00370A                     RXF6EIDH        equ	14090	;# 
  4171   00370B                     RXF6EIDL        equ	14091	;# 
  4172   00370C                     RXF7SIDH        equ	14092	;# 
  4173   00370D                     RXF7SIDL        equ	14093	;# 
  4174   00370E                     RXF7EIDH        equ	14094	;# 
  4175   00370F                     RXF7EIDL        equ	14095	;# 
  4176   003710                     RXF8SIDH        equ	14096	;# 
  4177   003711                     RXF8SIDL        equ	14097	;# 
  4178   003712                     RXF8EIDH        equ	14098	;# 
  4179   003713                     RXF8EIDL        equ	14099	;# 
  4180   003714                     RXF9SIDH        equ	14100	;# 
  4181   003715                     RXF9SIDL        equ	14101	;# 
  4182   003716                     RXF9EIDH        equ	14102	;# 
  4183   003717                     RXF9EIDL        equ	14103	;# 
  4184   003718                     RXF10SIDH       equ	14104	;# 
  4185   003719                     RXF10SIDL       equ	14105	;# 
  4186   00371A                     RXF10EIDH       equ	14106	;# 
  4187   00371B                     RXF10EIDL       equ	14107	;# 
  4188   00371C                     RXF11SIDH       equ	14108	;# 
  4189   00371D                     RXF11SIDL       equ	14109	;# 
  4190   00371E                     RXF11EIDH       equ	14110	;# 
  4191   00371F                     RXF11EIDL       equ	14111	;# 
  4192   003720                     RXF12SIDH       equ	14112	;# 
  4193   003721                     RXF12SIDL       equ	14113	;# 
  4194   003722                     RXF12EIDH       equ	14114	;# 
  4195   003723                     RXF12EIDL       equ	14115	;# 
  4196   003724                     RXF13SIDH       equ	14116	;# 
  4197   003725                     RXF13SIDL       equ	14117	;# 
  4198   003726                     RXF13EIDH       equ	14118	;# 
  4199   003727                     RXF13EIDL       equ	14119	;# 
  4200   003728                     RXF14SIDH       equ	14120	;# 
  4201   003729                     RXF14SIDL       equ	14121	;# 
  4202   00372A                     RXF14EIDH       equ	14122	;# 
  4203   00372B                     RXF14EIDL       equ	14123	;# 
  4204   00372C                     RXF15SIDH       equ	14124	;# 
  4205   00372D                     RXF15SIDL       equ	14125	;# 
  4206   00372E                     RXF15EIDH       equ	14126	;# 
  4207   00372F                     RXF15EIDL       equ	14127	;# 
  4208   003730                     SDFLC           equ	14128	;# 
  4209   003731                     RXFBCON0        equ	14129	;# 
  4210   003732                     RXFBCON1        equ	14130	;# 
  4211   003733                     RXFBCON2        equ	14131	;# 
  4212   003734                     RXFBCON3        equ	14132	;# 
  4213   003735                     RXFBCON4        equ	14133	;# 
  4214   003736                     RXFBCON5        equ	14134	;# 
  4215   003737                     RXFBCON6        equ	14135	;# 
  4216   003738                     RXFBCON7        equ	14136	;# 
  4217   003739                     MSEL0           equ	14137	;# 
  4218   00373A                     MSEL1           equ	14138	;# 
  4219   00373B                     MSEL2           equ	14139	;# 
  4220   00373C                     MSEL3           equ	14140	;# 
  4221   00373D                     BSEL0           equ	14141	;# 
  4222   00373E                     BIE0            equ	14142	;# 
  4223   00373F                     TXBIE           equ	14143	;# 
  4224   003740                     B0CON           equ	14144	;# 
  4225   003741                     B0SIDH          equ	14145	;# 
  4226   003742                     B0SIDL          equ	14146	;# 
  4227   003743                     B0EIDH          equ	14147	;# 
  4228   003744                     B0EIDL          equ	14148	;# 
  4229   003745                     B0DLC           equ	14149	;# 
  4230   003746                     B0D0            equ	14150	;# 
  4231   003747                     B0D1            equ	14151	;# 
  4232   003748                     B0D2            equ	14152	;# 
  4233   003749                     B0D3            equ	14153	;# 
  4234   00374A                     B0D4            equ	14154	;# 
  4235   00374B                     B0D5            equ	14155	;# 
  4236   00374C                     B0D6            equ	14156	;# 
  4237   00374D                     B0D7            equ	14157	;# 
  4238   00374E                     CANSTAT_RO9     equ	14158	;# 
  4239   00374F                     CANCON_RO9      equ	14159	;# 
  4240   003750                     B1CON           equ	14160	;# 
  4241   003751                     B1SIDH          equ	14161	;# 
  4242   003752                     B1SIDL          equ	14162	;# 
  4243   003753                     B1EIDH          equ	14163	;# 
  4244   003754                     B1EIDL          equ	14164	;# 
  4245   003755                     B1DLC           equ	14165	;# 
  4246   003756                     B1D0            equ	14166	;# 
  4247   003757                     B1D1            equ	14167	;# 
  4248   003758                     B1D2            equ	14168	;# 
  4249   003759                     B1D3            equ	14169	;# 
  4250   00375A                     B1D4            equ	14170	;# 
  4251   00375B                     B1D5            equ	14171	;# 
  4252   00375C                     B1D6            equ	14172	;# 
  4253   00375D                     B1D7            equ	14173	;# 
  4254   00375E                     CANSTAT_RO8     equ	14174	;# 
  4255   00375F                     CANCON_RO8      equ	14175	;# 
  4256   003760                     B2CON           equ	14176	;# 
  4257   003761                     B2SIDH          equ	14177	;# 
  4258   003762                     B2SIDL          equ	14178	;# 
  4259   003763                     B2EIDH          equ	14179	;# 
  4260   003764                     B2EIDL          equ	14180	;# 
  4261   003765                     B2DLC           equ	14181	;# 
  4262   003766                     B2D0            equ	14182	;# 
  4263   003767                     B2D1            equ	14183	;# 
  4264   003768                     B2D2            equ	14184	;# 
  4265   003769                     B2D3            equ	14185	;# 
  4266   00376A                     B2D4            equ	14186	;# 
  4267   00376B                     B2D5            equ	14187	;# 
  4268   00376C                     B2D6            equ	14188	;# 
  4269   00376D                     B2D7            equ	14189	;# 
  4270   00376E                     CANSTAT_RO7     equ	14190	;# 
  4271   00376F                     CANCON_RO7      equ	14191	;# 
  4272   003770                     B3CON           equ	14192	;# 
  4273   003771                     B3SIDH          equ	14193	;# 
  4274   003772                     B3SIDL          equ	14194	;# 
  4275   003773                     B3EIDH          equ	14195	;# 
  4276   003774                     B3EIDL          equ	14196	;# 
  4277   003775                     B3DLC           equ	14197	;# 
  4278   003776                     B3D0            equ	14198	;# 
  4279   003777                     B3D1            equ	14199	;# 
  4280   003778                     B3D2            equ	14200	;# 
  4281   003779                     B3D3            equ	14201	;# 
  4282   00377A                     B3D4            equ	14202	;# 
  4283   00377B                     B3D5            equ	14203	;# 
  4284   00377C                     B3D6            equ	14204	;# 
  4285   00377D                     B3D7            equ	14205	;# 
  4286   00377E                     CANSTAT_RO6     equ	14206	;# 
  4287   00377F                     CANCON_RO6      equ	14207	;# 
  4288   003780                     B4CON           equ	14208	;# 
  4289   003781                     B4SIDH          equ	14209	;# 
  4290   003782                     B4SIDL          equ	14210	;# 
  4291   003783                     B4EIDH          equ	14211	;# 
  4292   003784                     B4EIDL          equ	14212	;# 
  4293   003785                     B4DLC           equ	14213	;# 
  4294   003786                     B4D0            equ	14214	;# 
  4295   003787                     B4D1            equ	14215	;# 
  4296   003788                     B4D2            equ	14216	;# 
  4297   003789                     B4D3            equ	14217	;# 
  4298   00378A                     B4D4            equ	14218	;# 
  4299   00378B                     B4D5            equ	14219	;# 
  4300   00378C                     B4D6            equ	14220	;# 
  4301   00378D                     B4D7            equ	14221	;# 
  4302   00378E                     CANSTAT_RO5     equ	14222	;# 
  4303   00378F                     CANCON_RO5      equ	14223	;# 
  4304   003790                     B5CON           equ	14224	;# 
  4305   003791                     B5SIDH          equ	14225	;# 
  4306   003792                     B5SIDL          equ	14226	;# 
  4307   003793                     B5EIDH          equ	14227	;# 
  4308   003794                     B5EIDL          equ	14228	;# 
  4309   003795                     B5DLC           equ	14229	;# 
  4310   003796                     B5D0            equ	14230	;# 
  4311   003797                     B5D1            equ	14231	;# 
  4312   003798                     B5D2            equ	14232	;# 
  4313   003799                     B5D3            equ	14233	;# 
  4314   00379A                     B5D4            equ	14234	;# 
  4315   00379B                     B5D5            equ	14235	;# 
  4316   00379C                     B5D6            equ	14236	;# 
  4317   00379D                     B5D7            equ	14237	;# 
  4318   00379E                     CANSTAT_RO4     equ	14238	;# 
  4319   00379F                     CANCON_RO4      equ	14239	;# 
  4320   0037A0                     RXF0SIDH        equ	14240	;# 
  4321   0037A1                     RXF0SIDL        equ	14241	;# 
  4322   0037A2                     RXF0EIDH        equ	14242	;# 
  4323   0037A3                     RXF0EIDL        equ	14243	;# 
  4324   0037A4                     RXF1SIDH        equ	14244	;# 
  4325   0037A5                     RXF1SIDL        equ	14245	;# 
  4326   0037A6                     RXF1EIDH        equ	14246	;# 
  4327   0037A7                     RXF1EIDL        equ	14247	;# 
  4328   0037A8                     RXF2SIDH        equ	14248	;# 
  4329   0037A9                     RXF2SIDL        equ	14249	;# 
  4330   0037AA                     RXF2EIDH        equ	14250	;# 
  4331   0037AB                     RXF2EIDL        equ	14251	;# 
  4332   0037AC                     RXF3SIDH        equ	14252	;# 
  4333   0037AD                     RXF3SIDL        equ	14253	;# 
  4334   0037AE                     RXF3EIDH        equ	14254	;# 
  4335   0037AF                     RXF3EIDL        equ	14255	;# 
  4336   0037B0                     RXF4SIDH        equ	14256	;# 
  4337   0037B1                     RXF4SIDL        equ	14257	;# 
  4338   0037B2                     RXF4EIDH        equ	14258	;# 
  4339   0037B3                     RXF4EIDL        equ	14259	;# 
  4340   0037B4                     RXF5SIDH        equ	14260	;# 
  4341   0037B5                     RXF5SIDL        equ	14261	;# 
  4342   0037B6                     RXF5EIDH        equ	14262	;# 
  4343   0037B7                     RXF5EIDL        equ	14263	;# 
  4344   0037B8                     RXM0SIDH        equ	14264	;# 
  4345   0037B9                     RXM0SIDL        equ	14265	;# 
  4346   0037BA                     RXM0EIDH        equ	14266	;# 
  4347   0037BB                     RXM0EIDL        equ	14267	;# 
  4348   0037BC                     RXM1SIDH        equ	14268	;# 
  4349   0037BD                     RXM1SIDL        equ	14269	;# 
  4350   0037BE                     RXM1EIDH        equ	14270	;# 
  4351   0037BF                     RXM1EIDL        equ	14271	;# 
  4352   0037C0                     TXB2CON         equ	14272	;# 
  4353   0037C1                     TXB2SIDH        equ	14273	;# 
  4354   0037C2                     TXB2SIDL        equ	14274	;# 
  4355   0037C3                     TXB2EIDH        equ	14275	;# 
  4356   0037C4                     TXB2EIDL        equ	14276	;# 
  4357   0037C5                     TXB2DLC         equ	14277	;# 
  4358   0037C6                     TXB2D0          equ	14278	;# 
  4359   0037C7                     TXB2D1          equ	14279	;# 
  4360   0037C8                     TXB2D2          equ	14280	;# 
  4361   0037C9                     TXB2D3          equ	14281	;# 
  4362   0037CA                     TXB2D4          equ	14282	;# 
  4363   0037CB                     TXB2D5          equ	14283	;# 
  4364   0037CC                     TXB2D6          equ	14284	;# 
  4365   0037CD                     TXB2D7          equ	14285	;# 
  4366   0037CE                     CANSTAT_R03     equ	14286	;# 
  4367   0037CF                     CANCON_R03      equ	14287	;# 
  4368   0037D0                     TXB1CON         equ	14288	;# 
  4369   0037D1                     TXB1SIDH        equ	14289	;# 
  4370   0037D2                     TXB1SIDL        equ	14290	;# 
  4371   0037D3                     TXB1EIDH        equ	14291	;# 
  4372   0037D4                     TXB1EIDL        equ	14292	;# 
  4373   0037D5                     TXB1DLC         equ	14293	;# 
  4374   0037D6                     TXB1D0          equ	14294	;# 
  4375   0037D7                     TXB1D1          equ	14295	;# 
  4376   0037D8                     TXB1D2          equ	14296	;# 
  4377   0037D9                     TXB1D3          equ	14297	;# 
  4378   0037DA                     TXB1D4          equ	14298	;# 
  4379   0037DB                     TXB1D5          equ	14299	;# 
  4380   0037DC                     TXB1D6          equ	14300	;# 
  4381   0037DD                     TXB1D7          equ	14301	;# 
  4382   0037DE                     CANSTAT_RO2     equ	14302	;# 
  4383   0037DF                     CANCON_RO2      equ	14303	;# 
  4384   0037E0                     TXB0CON         equ	14304	;# 
  4385   0037E1                     TXB0SIDH        equ	14305	;# 
  4386   0037E2                     TXB0SIDL        equ	14306	;# 
  4387   0037E3                     TXB0EIDH        equ	14307	;# 
  4388   0037E4                     TXB0EIDL        equ	14308	;# 
  4389   0037E5                     TXB0DLC         equ	14309	;# 
  4390   0037E6                     TXB0D0          equ	14310	;# 
  4391   0037E7                     TXB0D1          equ	14311	;# 
  4392   0037E8                     TXB0D2          equ	14312	;# 
  4393   0037E9                     TXB0D3          equ	14313	;# 
  4394   0037EA                     TXB0D4          equ	14314	;# 
  4395   0037EB                     TXB0D5          equ	14315	;# 
  4396   0037EC                     TXB0D6          equ	14316	;# 
  4397   0037ED                     TXB0D7          equ	14317	;# 
  4398   0037EE                     CANSTAT_RO1     equ	14318	;# 
  4399   0037EF                     CANCON_RO1      equ	14319	;# 
  4400   0037F0                     RXB1CON         equ	14320	;# 
  4401   0037F1                     RXB1SIDH        equ	14321	;# 
  4402   0037F2                     RXB1SIDL        equ	14322	;# 
  4403   0037F3                     RXB1EIDH        equ	14323	;# 
  4404   0037F4                     RXB1EIDL        equ	14324	;# 
  4405   0037F5                     RXB1DLC         equ	14325	;# 
  4406   0037F6                     RXB1D0          equ	14326	;# 
  4407   0037F7                     RXB1D1          equ	14327	;# 
  4408   0037F8                     RXB1D2          equ	14328	;# 
  4409   0037F9                     RXB1D3          equ	14329	;# 
  4410   0037FA                     RXB1D4          equ	14330	;# 
  4411   0037FB                     RXB1D5          equ	14331	;# 
  4412   0037FC                     RXB1D6          equ	14332	;# 
  4413   0037FD                     RXB1D7          equ	14333	;# 
  4414   0037FE                     CANSTAT_RO0     equ	14334	;# 
  4415   0037FF                     CANCON_RO0      equ	14335	;# 
  4416   003880                     STATUS_CSHAD    equ	14464	;# 
  4417   003881                     WREG_CSHAD      equ	14465	;# 
  4418   003882                     BSR_CSHAD       equ	14466	;# 
  4419   003883                     SHADCON         equ	14467	;# 
  4420   003884                     STATUS_SHAD     equ	14468	;# 
  4421   003885                     WREG_SHAD       equ	14469	;# 
  4422   003886                     BSR_SHAD        equ	14470	;# 
  4423   003887                     PCLATH_SHAD     equ	14471	;# 
  4424   003888                     PCLATU_SHAD     equ	14472	;# 
  4425   003889                     FSR0SH          equ	14473	;# 
  4426   003889                     FSR0L_SHAD      equ	14473	;# 
  4427   00388A                     FSR0H_SHAD      equ	14474	;# 
  4428   00388B                     FSR1SH          equ	14475	;# 
  4429   00388B                     FSR1L_SHAD      equ	14475	;# 
  4430   00388C                     FSR1H_SHAD      equ	14476	;# 
  4431   00388D                     FSR2SH          equ	14477	;# 
  4432   00388D                     FSR2L_SHAD      equ	14477	;# 
  4433   00388E                     FSR2H_SHAD      equ	14478	;# 
  4434   00388F                     PRODSH          equ	14479	;# 
  4435   00388F                     PRODL_SHAD      equ	14479	;# 
  4436   003890                     PRODH_SHAD      equ	14480	;# 
  4437   00389D                     IVTADL          equ	14493	;# 
  4438   00389E                     IVTADH          equ	14494	;# 
  4439   00389F                     IVTADU          equ	14495	;# 
  4440   00395B                     WDTCON0         equ	14683	;# 
  4441   00395C                     WDTCON1         equ	14684	;# 
  4442   00395D                     WDTPSL          equ	14685	;# 
  4443   00395E                     WDTPSH          equ	14686	;# 
  4444   00395F                     WDTTMR          equ	14687	;# 
  4445   003960                     CRCDATA         equ	14688	;# 
  4446   003960                     CRCDATL         equ	14688	;# 
  4447   003961                     CRCDATH         equ	14689	;# 
  4448   003962                     CRCACC          equ	14690	;# 
  4449   003962                     CRCACCL         equ	14690	;# 
  4450   003963                     CRCACCH         equ	14691	;# 
  4451   003964                     CRCSHFT         equ	14692	;# 
  4452   003964                     CRCSHIFTL       equ	14692	;# 
  4453   003965                     CRCSHIFTH       equ	14693	;# 
  4454   003966                     CRCXOR          equ	14694	;# 
  4455   003966                     CRCXORL         equ	14694	;# 
  4456   003967                     CRCXORH         equ	14695	;# 
  4457   003968                     CRCCON0         equ	14696	;# 
  4458   003969                     CRCCON1         equ	14697	;# 
  4459   003976                     SCANLADR        equ	14710	;# 
  4460   003976                     SCANLADRL       equ	14710	;# 
  4461   003977                     SCANLADRH       equ	14711	;# 
  4462   003978                     SCANLADRU       equ	14712	;# 
  4463   003979                     SCANHADR        equ	14713	;# 
  4464   003979                     SCANHADRL       equ	14713	;# 
  4465   00397A                     SCANHADRH       equ	14714	;# 
  4466   00397B                     SCANHADRU       equ	14715	;# 
  4467   00397C                     SCANCON0        equ	14716	;# 
  4468   00397D                     SCANTRIG        equ	14717	;# 
  4469   003980                     IPR0            equ	14720	;# 
  4470   003981                     IPR1            equ	14721	;# 
  4471   003982                     IPR2            equ	14722	;# 
  4472   003983                     IPR3            equ	14723	;# 
  4473   003984                     IPR4            equ	14724	;# 
  4474   003985                     IPR5            equ	14725	;# 
  4475   003986                     IPR6            equ	14726	;# 
  4476   003987                     IPR7            equ	14727	;# 
  4477   003988                     IPR8            equ	14728	;# 
  4478   003989                     IPR9            equ	14729	;# 
  4479   003990                     PIE0            equ	14736	;# 
  4480   003991                     PIE1            equ	14737	;# 
  4481   003992                     PIE2            equ	14738	;# 
  4482   003993                     PIE3            equ	14739	;# 
  4483   003994                     PIE4            equ	14740	;# 
  4484   003995                     PIE5            equ	14741	;# 
  4485   003996                     PIE6            equ	14742	;# 
  4486   003997                     PIE7            equ	14743	;# 
  4487   003998                     PIE8            equ	14744	;# 
  4488   003999                     PIE9            equ	14745	;# 
  4489   0039A0                     PIR0            equ	14752	;# 
  4490   0039A1                     PIR1            equ	14753	;# 
  4491   0039A2                     PIR2            equ	14754	;# 
  4492   0039A3                     PIR3            equ	14755	;# 
  4493   0039A4                     PIR4            equ	14756	;# 
  4494   0039A5                     PIR5            equ	14757	;# 
  4495   0039A6                     PIR6            equ	14758	;# 
  4496   0039A7                     PIR7            equ	14759	;# 
  4497   0039A8                     PIR8            equ	14760	;# 
  4498   0039A9                     PIR9            equ	14761	;# 
  4499   0039C0                     PMD0            equ	14784	;# 
  4500   0039C1                     PMD1            equ	14785	;# 
  4501   0039C2                     PMD2            equ	14786	;# 
  4502   0039C3                     PMD3            equ	14787	;# 
  4503   0039C4                     PMD4            equ	14788	;# 
  4504   0039C5                     PMD5            equ	14789	;# 
  4505   0039C6                     PMD6            equ	14790	;# 
  4506   0039C7                     PMD7            equ	14791	;# 
  4507   0039D0                     BORCON          equ	14800	;# 
  4508   0039D1                     VREGCON         equ	14801	;# 
  4509   0039D8                     CPUDOZE         equ	14808	;# 
  4510   0039D9                     OSCCON1         equ	14809	;# 
  4511   0039DA                     OSCCON2         equ	14810	;# 
  4512   0039DB                     OSCCON3         equ	14811	;# 
  4513   0039DC                     OSCSTAT         equ	14812	;# 
  4514   0039DC                     OSCSTAT1        equ	14812	;# 
  4515   0039DD                     OSCEN           equ	14813	;# 
  4516   0039DE                     OSCTUNE         equ	14814	;# 
  4517   0039DF                     OSCFRQ          equ	14815	;# 
  4518   0039E0                     NVMADRL         equ	14816	;# 
  4519   0039E1                     NVMADRH         equ	14817	;# 
  4520   0039E3                     NVMDAT          equ	14819	;# 
  4521   0039E5                     NVMCON1         equ	14821	;# 
  4522   0039E6                     NVMCON2         equ	14822	;# 
  4523   0039EF                     PRLOCK          equ	14831	;# 
  4524   0039F1                     ISRPR           equ	14833	;# 
  4525   0039F2                     MAINPR          equ	14834	;# 
  4526   0039F3                     DMA1PR          equ	14835	;# 
  4527   0039F4                     DMA2PR          equ	14836	;# 
  4528   0039F7                     SCANPR          equ	14839	;# 
  4529   003A00                     RA0PPS          equ	14848	;# 
  4530   003A01                     RA1PPS          equ	14849	;# 
  4531   003A02                     RA2PPS          equ	14850	;# 
  4532   003A03                     RA3PPS          equ	14851	;# 
  4533   003A04                     RA4PPS          equ	14852	;# 
  4534   003A05                     RA5PPS          equ	14853	;# 
  4535   003A06                     RA6PPS          equ	14854	;# 
  4536   003A07                     RA7PPS          equ	14855	;# 
  4537   003A08                     RB0PPS          equ	14856	;# 
  4538   003A09                     RB1PPS          equ	14857	;# 
  4539   003A0A                     RB2PPS          equ	14858	;# 
  4540   003A0B                     RB3PPS          equ	14859	;# 
  4541   003A0C                     RB4PPS          equ	14860	;# 
  4542   003A0D                     RB5PPS          equ	14861	;# 
  4543   003A0E                     RB6PPS          equ	14862	;# 
  4544   003A0F                     RB7PPS          equ	14863	;# 
  4545   003A10                     RC0PPS          equ	14864	;# 
  4546   003A11                     RC1PPS          equ	14865	;# 
  4547   003A12                     RC2PPS          equ	14866	;# 
  4548   003A13                     RC3PPS          equ	14867	;# 
  4549   003A14                     RC4PPS          equ	14868	;# 
  4550   003A15                     RC5PPS          equ	14869	;# 
  4551   003A16                     RC6PPS          equ	14870	;# 
  4552   003A17                     RC7PPS          equ	14871	;# 
  4553   003A40                     ANSELA          equ	14912	;# 
  4554   003A41                     WPUA            equ	14913	;# 
  4555   003A42                     ODCONA          equ	14914	;# 
  4556   003A43                     SLRCONA         equ	14915	;# 
  4557   003A44                     INLVLA          equ	14916	;# 
  4558   003A45                     IOCAP           equ	14917	;# 
  4559   003A46                     IOCAN           equ	14918	;# 
  4560   003A47                     IOCAF           equ	14919	;# 
  4561   003A50                     ANSELB          equ	14928	;# 
  4562   003A51                     WPUB            equ	14929	;# 
  4563   003A52                     ODCONB          equ	14930	;# 
  4564   003A53                     SLRCONB         equ	14931	;# 
  4565   003A54                     INLVLB          equ	14932	;# 
  4566   003A55                     IOCBP           equ	14933	;# 
  4567   003A56                     IOCBN           equ	14934	;# 
  4568   003A57                     IOCBF           equ	14935	;# 
  4569   003A5A                     RB1I2C          equ	14938	;# 
  4570   003A5B                     RB2I2C          equ	14939	;# 
  4571   003A60                     ANSELC          equ	14944	;# 
  4572   003A61                     WPUC            equ	14945	;# 
  4573   003A62                     ODCONC          equ	14946	;# 
  4574   003A63                     SLRCONC         equ	14947	;# 
  4575   003A64                     INLVLC          equ	14948	;# 
  4576   003A65                     IOCCP           equ	14949	;# 
  4577   003A66                     IOCCN           equ	14950	;# 
  4578   003A67                     IOCCF           equ	14951	;# 
  4579   003A6A                     RC3I2C          equ	14954	;# 
  4580   003A6B                     RC4I2C          equ	14955	;# 
  4581   003A81                     WPUE            equ	14977	;# 
  4582   003A84                     INLVLE          equ	14980	;# 
  4583   003A85                     IOCEP           equ	14981	;# 
  4584   003A86                     IOCEN           equ	14982	;# 
  4585   003A87                     IOCEF           equ	14983	;# 
  4586   003ABF                     PPSLOCK         equ	15039	;# 
  4587   003AC0                     INT0PPS         equ	15040	;# 
  4588   003AC1                     INT1PPS         equ	15041	;# 
  4589   003AC2                     INT2PPS         equ	15042	;# 
  4590   003AC3                     T0CKIPPS        equ	15043	;# 
  4591   003AC4                     T1CKIPPS        equ	15044	;# 
  4592   003AC5                     T1GPPS          equ	15045	;# 
  4593   003AC6                     T3CKIPPS        equ	15046	;# 
  4594   003AC7                     T3GPPS          equ	15047	;# 
  4595   003AC8                     T5CKIPPS        equ	15048	;# 
  4596   003AC9                     T5GPPS          equ	15049	;# 
  4597   003ACA                     T2INPPS         equ	15050	;# 
  4598   003ACB                     T4INPPS         equ	15051	;# 
  4599   003ACC                     T6INPPS         equ	15052	;# 
  4600   003ACD                     CCP1PPS         equ	15053	;# 
  4601   003ACE                     CCP2PPS         equ	15054	;# 
  4602   003ACF                     CCP3PPS         equ	15055	;# 
  4603   003AD0                     CCP4PPS         equ	15056	;# 
  4604   003AD1                     SMT1WINPPS      equ	15057	;# 
  4605   003AD2                     SMT1SIGPPS      equ	15058	;# 
  4606   003AD3                     SMT2WINPPS      equ	15059	;# 
  4607   003AD4                     SMT2SIGPPS      equ	15060	;# 
  4608   003AD5                     CWG1INPPS       equ	15061	;# 
  4609   003AD6                     CWG2INPPS       equ	15062	;# 
  4610   003AD7                     CWG3INPPS       equ	15063	;# 
  4611   003AD8                     MD1CARLPPS      equ	15064	;# 
  4612   003AD9                     MD1CARHPPS      equ	15065	;# 
  4613   003ADA                     MD1SRCPPS       equ	15066	;# 
  4614   003ADB                     CLCIN0PPS       equ	15067	;# 
  4615   003ADC                     CLCIN1PPS       equ	15068	;# 
  4616   003ADD                     CLCIN2PPS       equ	15069	;# 
  4617   003ADE                     CLCIN3PPS       equ	15070	;# 
  4618   003ADF                     ADACTPPS        equ	15071	;# 
  4619   003AE0                     SPI1SCKPPS      equ	15072	;# 
  4620   003AE1                     SPI1SDIPPS      equ	15073	;# 
  4621   003AE2                     SPI1SSPPS       equ	15074	;# 
  4622   003AE3                     I2C1SCLPPS      equ	15075	;# 
  4623   003AE4                     I2C1SDAPPS      equ	15076	;# 
  4624   003AE5                     I2C2SCLPPS      equ	15077	;# 
  4625   003AE6                     I2C2SDAPPS      equ	15078	;# 
  4626   003AE7                     U1RXPPS         equ	15079	;# 
  4627   003AE8                     U1CTSPPS        equ	15080	;# 
  4628   003AEA                     U2RXPPS         equ	15082	;# 
  4629   003AEB                     U2CTSPPS        equ	15083	;# 
  4630   003AED                     CANRXPPS        equ	15085	;# 
  4631   003BC9                     DMA2BUF         equ	15305	;# 
  4632   003BCA                     DMA2DCNT        equ	15306	;# 
  4633   003BCA                     DMA2DCNTL       equ	15306	;# 
  4634   003BCB                     DMA2DCNTH       equ	15307	;# 
  4635   003BCC                     DMA2DPTR        equ	15308	;# 
  4636   003BCC                     DMA2DPTRL       equ	15308	;# 
  4637   003BCD                     DMA2DPTRH       equ	15309	;# 
  4638   003BCE                     DMA2DSZ         equ	15310	;# 
  4639   003BCE                     DMA2DSZL        equ	15310	;# 
  4640   003BCF                     DMA2DSZH        equ	15311	;# 
  4641   003BD0                     DMA2DSA         equ	15312	;# 
  4642   003BD0                     DMA2DSAL        equ	15312	;# 
  4643   003BD1                     DMA2DSAH        equ	15313	;# 
  4644   003BD2                     DMA2SCNT        equ	15314	;# 
  4645   003BD2                     DMA2SCNTL       equ	15314	;# 
  4646   003BD3                     DMA2SCNTH       equ	15315	;# 
  4647   003BD4                     DMA2SPTR        equ	15316	;# 
  4648   003BD4                     DMA2SPTRL       equ	15316	;# 
  4649   003BD5                     DMA2SPTRH       equ	15317	;# 
  4650   003BD6                     DMA2SPTRU       equ	15318	;# 
  4651   003BD7                     DMA2SSZ         equ	15319	;# 
  4652   003BD7                     DMA2SSZL        equ	15319	;# 
  4653   003BD8                     DMA2SSZH        equ	15320	;# 
  4654   003BD9                     DMA2SSA         equ	15321	;# 
  4655   003BD9                     DMA2SSAL        equ	15321	;# 
  4656   003BDA                     DMA2SSAH        equ	15322	;# 
  4657   003BDB                     DMA2SSAU        equ	15323	;# 
  4658   003BDC                     DMA2CON0        equ	15324	;# 
  4659   003BDD                     DMA2CON1        equ	15325	;# 
  4660   003BDE                     DMA2AIRQ        equ	15326	;# 
  4661   003BDF                     DMA2SIRQ        equ	15327	;# 
  4662   003BE9                     DMA1BUF         equ	15337	;# 
  4663   003BEA                     DMA1DCNT        equ	15338	;# 
  4664   003BEA                     DMA1DCNTL       equ	15338	;# 
  4665   003BEB                     DMA1DCNTH       equ	15339	;# 
  4666   003BEC                     DMA1DPTR        equ	15340	;# 
  4667   003BEC                     DMA1DPTRL       equ	15340	;# 
  4668   003BED                     DMA1DPTRH       equ	15341	;# 
  4669   003BEE                     DMA1DSZ         equ	15342	;# 
  4670   003BEE                     DMA1DSZL        equ	15342	;# 
  4671   003BEF                     DMA1DSZH        equ	15343	;# 
  4672   003BF0                     DMA1DSA         equ	15344	;# 
  4673   003BF0                     DMA1DSAL        equ	15344	;# 
  4674   003BF1                     DMA1DSAH        equ	15345	;# 
  4675   003BF2                     DMA1SCNT        equ	15346	;# 
  4676   003BF2                     DMA1SCNTL       equ	15346	;# 
  4677   003BF3                     DMA1SCNTH       equ	15347	;# 
  4678   003BF4                     DMA1SPTR        equ	15348	;# 
  4679   003BF4                     DMA1SPTRL       equ	15348	;# 
  4680   003BF5                     DMA1SPTRH       equ	15349	;# 
  4681   003BF6                     DMA1SPTRU       equ	15350	;# 
  4682   003BF7                     DMA1SSZ         equ	15351	;# 
  4683   003BF7                     DMA1SSZL        equ	15351	;# 
  4684   003BF8                     DMA1SSZH        equ	15352	;# 
  4685   003BF9                     DMA1SSA         equ	15353	;# 
  4686   003BF9                     DMA1SSAL        equ	15353	;# 
  4687   003BFA                     DMA1SSAH        equ	15354	;# 
  4688   003BFB                     DMA1SSAU        equ	15355	;# 
  4689   003BFC                     DMA1CON0        equ	15356	;# 
  4690   003BFD                     DMA1CON1        equ	15357	;# 
  4691   003BFE                     DMA1AIRQ        equ	15358	;# 
  4692   003BFF                     DMA1SIRQ        equ	15359	;# 
  4693   003C56                     CLC4CON         equ	15446	;# 
  4694   003C57                     CLC4POL         equ	15447	;# 
  4695   003C58                     CLC4SEL0        equ	15448	;# 
  4696   003C59                     CLC4SEL1        equ	15449	;# 
  4697   003C5A                     CLC4SEL2        equ	15450	;# 
  4698   003C5B                     CLC4SEL3        equ	15451	;# 
  4699   003C5C                     CLC4GLS0        equ	15452	;# 
  4700   003C5D                     CLC4GLS1        equ	15453	;# 
  4701   003C5E                     CLC4GLS2        equ	15454	;# 
  4702   003C5F                     CLC4GLS3        equ	15455	;# 
  4703   003C60                     CLC3CON         equ	15456	;# 
  4704   003C61                     CLC3POL         equ	15457	;# 
  4705   003C62                     CLC3SEL0        equ	15458	;# 
  4706   003C63                     CLC3SEL1        equ	15459	;# 
  4707   003C64                     CLC3SEL2        equ	15460	;# 
  4708   003C65                     CLC3SEL3        equ	15461	;# 
  4709   003C66                     CLC3GLS0        equ	15462	;# 
  4710   003C67                     CLC3GLS1        equ	15463	;# 
  4711   003C68                     CLC3GLS2        equ	15464	;# 
  4712   003C69                     CLC3GLS3        equ	15465	;# 
  4713   003C6A                     CLC2CON         equ	15466	;# 
  4714   003C6B                     CLC2POL         equ	15467	;# 
  4715   003C6C                     CLC2SEL0        equ	15468	;# 
  4716   003C6D                     CLC2SEL1        equ	15469	;# 
  4717   003C6E                     CLC2SEL2        equ	15470	;# 
  4718   003C6F                     CLC2SEL3        equ	15471	;# 
  4719   003C70                     CLC2GLS0        equ	15472	;# 
  4720   003C71                     CLC2GLS1        equ	15473	;# 
  4721   003C72                     CLC2GLS2        equ	15474	;# 
  4722   003C73                     CLC2GLS3        equ	15475	;# 
  4723   003C74                     CLC1CON         equ	15476	;# 
  4724   003C75                     CLC1POL         equ	15477	;# 
  4725   003C76                     CLC1SEL0        equ	15478	;# 
  4726   003C77                     CLC1SEL1        equ	15479	;# 
  4727   003C78                     CLC1SEL2        equ	15480	;# 
  4728   003C79                     CLC1SEL3        equ	15481	;# 
  4729   003C7A                     CLC1GLS0        equ	15482	;# 
  4730   003C7B                     CLC1GLS1        equ	15483	;# 
  4731   003C7C                     CLC1GLS2        equ	15484	;# 
  4732   003C7D                     CLC1GLS3        equ	15485	;# 
  4733   003C7E                     CLCDATA0        equ	15486	;# 
  4734   003CE5                     CLKRCON         equ	15589	;# 
  4735   003CE6                     CLKRCLK         equ	15590	;# 
  4736   003CFA                     MD1CON0         equ	15610	;# 
  4737   003CFB                     MD1CON1         equ	15611	;# 
  4738   003CFC                     MD1SRC          equ	15612	;# 
  4739   003CFD                     MD1CARL         equ	15613	;# 
  4740   003CFE                     MD1CARH         equ	15614	;# 
  4741   003D10                     SPI1RXB         equ	15632	;# 
  4742   003D11                     SPI1TXB         equ	15633	;# 
  4743   003D12                     SPI1TCNT        equ	15634	;# 
  4744   003D12                     SPI1TCNTL       equ	15634	;# 
  4745   003D13                     SPI1TCNTH       equ	15635	;# 
  4746   003D14                     SPI1CON0        equ	15636	;# 
  4747   003D15                     SPI1CON1        equ	15637	;# 
  4748   003D16                     SPI1CON2        equ	15638	;# 
  4749   003D17                     SPI1STATUS      equ	15639	;# 
  4750   003D18                     SPI1TWIDTH      equ	15640	;# 
  4751   003D19                     SPI1BAUD        equ	15641	;# 
  4752   003D1A                     SPI1INTF        equ	15642	;# 
  4753   003D1B                     SPI1INTE        equ	15643	;# 
  4754   003D1C                     SPI1CLK         equ	15644	;# 
  4755   003D54                     I2C2RXB         equ	15700	;# 
  4756   003D55                     I2C2TXB         equ	15701	;# 
  4757   003D56                     I2C2CNT         equ	15702	;# 
  4758   003D57                     I2C2ADB0        equ	15703	;# 
  4759   003D58                     I2C2ADB1        equ	15704	;# 
  4760   003D59                     I2C2ADR0        equ	15705	;# 
  4761   003D5A                     I2C2ADR1        equ	15706	;# 
  4762   003D5B                     I2C2ADR2        equ	15707	;# 
  4763   003D5C                     I2C2ADR3        equ	15708	;# 
  4764   003D5D                     I2C2CON0        equ	15709	;# 
  4765   003D5E                     I2C2CON1        equ	15710	;# 
  4766   003D5F                     I2C2CON2        equ	15711	;# 
  4767   003D60                     I2C2ERR         equ	15712	;# 
  4768   003D61                     I2C2STAT0       equ	15713	;# 
  4769   003D62                     I2C2STAT1       equ	15714	;# 
  4770   003D63                     I2C2PIR         equ	15715	;# 
  4771   003D64                     I2C2PIE         equ	15716	;# 
  4772   003D65                     I2C2CLK         equ	15717	;# 
  4773   003D66                     I2C2BTO         equ	15718	;# 
  4774   003D6A                     I2C1RXB         equ	15722	;# 
  4775   003D6B                     I2C1TXB         equ	15723	;# 
  4776   003D6C                     I2C1CNT         equ	15724	;# 
  4777   003D6D                     I2C1ADB0        equ	15725	;# 
  4778   003D6E                     I2C1ADB1        equ	15726	;# 
  4779   003D6F                     I2C1ADR0        equ	15727	;# 
  4780   003D70                     I2C1ADR1        equ	15728	;# 
  4781   003D71                     I2C1ADR2        equ	15729	;# 
  4782   003D72                     I2C1ADR3        equ	15730	;# 
  4783   003D73                     I2C1CON0        equ	15731	;# 
  4784   003D74                     I2C1CON1        equ	15732	;# 
  4785   003D75                     I2C1CON2        equ	15733	;# 
  4786   003D76                     I2C1ERR         equ	15734	;# 
  4787   003D77                     I2C1STAT0       equ	15735	;# 
  4788   003D78                     I2C1STAT1       equ	15736	;# 
  4789   003D79                     I2C1PIR         equ	15737	;# 
  4790   003D7A                     I2C1PIE         equ	15738	;# 
  4791   003D7B                     I2C1CLK         equ	15739	;# 
  4792   003D7C                     I2C1BTO         equ	15740	;# 
  4793   003DD0                     U2RXB           equ	15824	;# 
  4794   003DD0                     U2RXBL          equ	15824	;# 
  4795   003DD1                     U2RXCHK         equ	15825	;# 
  4796   003DD2                     U2TXB           equ	15826	;# 
  4797   003DD2                     U2TXBL          equ	15826	;# 
  4798   003DD3                     U2TXCHK         equ	15827	;# 
  4799   003DD4                     U2P1            equ	15828	;# 
  4800   003DD4                     U2P1L           equ	15828	;# 
  4801   003DD5                     U2P1H           equ	15829	;# 
  4802   003DD6                     U2P2            equ	15830	;# 
  4803   003DD6                     U2P2L           equ	15830	;# 
  4804   003DD7                     U2P2H           equ	15831	;# 
  4805   003DD8                     U2P3            equ	15832	;# 
  4806   003DD8                     U2P3L           equ	15832	;# 
  4807   003DD9                     U2P3H           equ	15833	;# 
  4808   003DDA                     U2CON0          equ	15834	;# 
  4809   003DDB                     U2CON1          equ	15835	;# 
  4810   003DDC                     U2CON2          equ	15836	;# 
  4811   003DDD                     U2BRG           equ	15837	;# 
  4812   003DDD                     U2BRGL          equ	15837	;# 
  4813   003DDE                     U2BRGH          equ	15838	;# 
  4814   003DDF                     U2FIFO          equ	15839	;# 
  4815   003DE0                     U2UIR           equ	15840	;# 
  4816   003DE1                     U2ERRIR         equ	15841	;# 
  4817   003DE2                     U2ERRIE         equ	15842	;# 
  4818   003DE8                     U1RXB           equ	15848	;# 
  4819   003DE8                     U1RXBL          equ	15848	;# 
  4820   003DE9                     U1RXCHK         equ	15849	;# 
  4821   003DEA                     U1TXB           equ	15850	;# 
  4822   003DEA                     U1TXBL          equ	15850	;# 
  4823   003DEB                     U1TXCHK         equ	15851	;# 
  4824   003DEC                     U1P1            equ	15852	;# 
  4825   003DEC                     U1P1L           equ	15852	;# 
  4826   003DED                     U1P1H           equ	15853	;# 
  4827   003DEE                     U1P2            equ	15854	;# 
  4828   003DEE                     U1P2L           equ	15854	;# 
  4829   003DEF                     U1P2H           equ	15855	;# 
  4830   003DF0                     U1P3            equ	15856	;# 
  4831   003DF0                     U1P3L           equ	15856	;# 
  4832   003DF1                     U1P3H           equ	15857	;# 
  4833   003DF2                     U1CON0          equ	15858	;# 
  4834   003DF3                     U1CON1          equ	15859	;# 
  4835   003DF4                     U1CON2          equ	15860	;# 
  4836   003DF5                     U1BRG           equ	15861	;# 
  4837   003DF5                     U1BRGL          equ	15861	;# 
  4838   003DF6                     U1BRGH          equ	15862	;# 
  4839   003DF7                     U1FIFO          equ	15863	;# 
  4840   003DF8                     U1UIR           equ	15864	;# 
  4841   003DF9                     U1ERRIR         equ	15865	;# 
  4842   003DFA                     U1ERRIE         equ	15866	;# 
  4843   003E9C                     DAC1CON1        equ	16028	;# 
  4844   003E9E                     DAC1CON0        equ	16030	;# 
  4845   003EB8                     CM2CON0         equ	16056	;# 
  4846   003EB9                     CM2CON1         equ	16057	;# 
  4847   003EBA                     CM2NCH          equ	16058	;# 
  4848   003EBB                     CM2PCH          equ	16059	;# 
  4849   003EBC                     CM1CON0         equ	16060	;# 
  4850   003EBD                     CM1CON1         equ	16061	;# 
  4851   003EBE                     CM1NCH          equ	16062	;# 
  4852   003EBF                     CM1PCH          equ	16063	;# 
  4853   003EC0                     CMOUT           equ	16064	;# 
  4854   003EC1                     FVRCON          equ	16065	;# 
  4855   003EC3                     ZCDCON          equ	16067	;# 
  4856   003EC9                     HLVDCON0        equ	16073	;# 
  4857   003ECA                     HLVDCON1        equ	16074	;# 
  4858   003ED7                     ADCP            equ	16087	;# 
  4859   003EDE                     ADLTH           equ	16094	;# 
  4860   003EDE                     ADLTHL          equ	16094	;# 
  4861   003EDF                     ADLTHH          equ	16095	;# 
  4862   003EE0                     ADUTH           equ	16096	;# 
  4863   003EE0                     ADUTHL          equ	16096	;# 
  4864   003EE1                     ADUTHH          equ	16097	;# 
  4865   003EE2                     ADERR           equ	16098	;# 
  4866   003EE2                     ADERRL          equ	16098	;# 
  4867   003EE3                     ADERRH          equ	16099	;# 
  4868   003EE4                     ADSTPT          equ	16100	;# 
  4869   003EE4                     ADSTPTL         equ	16100	;# 
  4870   003EE5                     ADSTPTH         equ	16101	;# 
  4871   003EE6                     ADFLTR          equ	16102	;# 
  4872   003EE6                     ADFLTRL         equ	16102	;# 
  4873   003EE7                     ADFLTRH         equ	16103	;# 
  4874   003EE8                     ADACC           equ	16104	;# 
  4875   003EE8                     ADACCL          equ	16104	;# 
  4876   003EE9                     ADACCH          equ	16105	;# 
  4877   003EEA                     ADACCU          equ	16106	;# 
  4878   003EEB                     ADCNT           equ	16107	;# 
  4879   003EEC                     ADRPT           equ	16108	;# 
  4880   003EED                     ADPREV          equ	16109	;# 
  4881   003EED                     ADPREVL         equ	16109	;# 
  4882   003EEE                     ADPREVH         equ	16110	;# 
  4883   003EEF                     ADRES           equ	16111	;# 
  4884   003EEF                     ADRESL          equ	16111	;# 
  4885   003EF0                     ADRESH          equ	16112	;# 
  4886   003EF1                     ADPCH           equ	16113	;# 
  4887   003EF3                     ADACQ           equ	16115	;# 
  4888   003EF3                     ADACQL          equ	16115	;# 
  4889   003EF4                     ADACQH          equ	16116	;# 
  4890   003EF5                     ADCAP           equ	16117	;# 
  4891   003EF6                     ADPRE           equ	16118	;# 
  4892   003EF6                     ADPREL          equ	16118	;# 
  4893   003EF7                     ADPREH          equ	16119	;# 
  4894   003EF8                     ADCON0          equ	16120	;# 
  4895   003EF9                     ADCON1          equ	16121	;# 
  4896   003EFA                     ADCON2          equ	16122	;# 
  4897   003EFB                     ADCON3          equ	16123	;# 
  4898   003EFC                     ADSTAT          equ	16124	;# 
  4899   003EFD                     ADREF           equ	16125	;# 
  4900   003EFE                     ADACT           equ	16126	;# 
  4901   003EFF                     ADCLK           equ	16127	;# 
  4902   003F00                     SMT2TMR         equ	16128	;# 
  4903   003F00                     SMT2TMRL        equ	16128	;# 
  4904   003F01                     SMT2TMRH        equ	16129	;# 
  4905   003F02                     SMT2TMRU        equ	16130	;# 
  4906   003F03                     SMT2CPR         equ	16131	;# 
  4907   003F03                     SMT2CPRL        equ	16131	;# 
  4908   003F04                     SMT2CPRH        equ	16132	;# 
  4909   003F05                     SMT2CPRU        equ	16133	;# 
  4910   003F06                     SMT2CPW         equ	16134	;# 
  4911   003F06                     SMT2CPWL        equ	16134	;# 
  4912   003F07                     SMT2CPWH        equ	16135	;# 
  4913   003F08                     SMT2CPWU        equ	16136	;# 
  4914   003F09                     SMT2PR          equ	16137	;# 
  4915   003F09                     SMT2PRL         equ	16137	;# 
  4916   003F0A                     SMT2PRH         equ	16138	;# 
  4917   003F0B                     SMT2PRU         equ	16139	;# 
  4918   003F0C                     SMT2CON0        equ	16140	;# 
  4919   003F0D                     SMT2CON1        equ	16141	;# 
  4920   003F0E                     SMT2STAT        equ	16142	;# 
  4921   003F0F                     SMT2CLK         equ	16143	;# 
  4922   003F10                     SMT2SIG         equ	16144	;# 
  4923   003F11                     SMT2WIN         equ	16145	;# 
  4924   003F12                     SMT1TMR         equ	16146	;# 
  4925   003F12                     SMT1TMRL        equ	16146	;# 
  4926   003F13                     SMT1TMRH        equ	16147	;# 
  4927   003F14                     SMT1TMRU        equ	16148	;# 
  4928   003F15                     SMT1CPR         equ	16149	;# 
  4929   003F15                     SMT1CPRL        equ	16149	;# 
  4930   003F16                     SMT1CPRH        equ	16150	;# 
  4931   003F17                     SMT1CPRU        equ	16151	;# 
  4932   003F18                     SMT1CPW         equ	16152	;# 
  4933   003F18                     SMT1CPWL        equ	16152	;# 
  4934   003F19                     SMT1CPWH        equ	16153	;# 
  4935   003F1A                     SMT1CPWU        equ	16154	;# 
  4936   003F1B                     SMT1PR          equ	16155	;# 
  4937   003F1B                     SMT1PRL         equ	16155	;# 
  4938   003F1C                     SMT1PRH         equ	16156	;# 
  4939   003F1D                     SMT1PRU         equ	16157	;# 
  4940   003F1E                     SMT1CON0        equ	16158	;# 
  4941   003F1F                     SMT1CON1        equ	16159	;# 
  4942   003F20                     SMT1STAT        equ	16160	;# 
  4943   003F21                     SMT1CLK         equ	16161	;# 
  4944   003F22                     SMT1SIG         equ	16162	;# 
  4945   003F23                     SMT1WIN         equ	16163	;# 
  4946   003F38                     NCO1ACC         equ	16184	;# 
  4947   003F38                     NCO1ACCL        equ	16184	;# 
  4948   003F39                     NCO1ACCH        equ	16185	;# 
  4949   003F3A                     NCO1ACCU        equ	16186	;# 
  4950   003F3B                     NCO1INC         equ	16187	;# 
  4951   003F3B                     NCO1INCL        equ	16187	;# 
  4952   003F3C                     NCO1INCH        equ	16188	;# 
  4953   003F3D                     NCO1INCU        equ	16189	;# 
  4954   003F3E                     NCO1CON         equ	16190	;# 
  4955   003F3F                     NCO1CLK         equ	16191	;# 
  4956   003F40                     CWG3CLK         equ	16192	;# 
  4957   003F40                     CWG3CLKCON      equ	16192	;# 
  4958   003F41                     CWG3ISM         equ	16193	;# 
  4959   003F42                     CWG3DBR         equ	16194	;# 
  4960   003F43                     CWG3DBF         equ	16195	;# 
  4961   003F44                     CWG3CON0        equ	16196	;# 
  4962   003F45                     CWG3CON1        equ	16197	;# 
  4963   003F46                     CWG3AS0         equ	16198	;# 
  4964   003F47                     CWG3AS1         equ	16199	;# 
  4965   003F48                     CWG3STR         equ	16200	;# 
  4966   003F49                     CWG2CLK         equ	16201	;# 
  4967   003F49                     CWG2CLKCON      equ	16201	;# 
  4968   003F4A                     CWG2ISM         equ	16202	;# 
  4969   003F4B                     CWG2DBR         equ	16203	;# 
  4970   003F4C                     CWG2DBF         equ	16204	;# 
  4971   003F4D                     CWG2CON0        equ	16205	;# 
  4972   003F4E                     CWG2CON1        equ	16206	;# 
  4973   003F4F                     CWG2AS0         equ	16207	;# 
  4974   003F50                     CWG2AS1         equ	16208	;# 
  4975   003F51                     CWG2STR         equ	16209	;# 
  4976   003F52                     CWG1CLK         equ	16210	;# 
  4977   003F52                     CWG1CLKCON      equ	16210	;# 
  4978   003F53                     CWG1ISM         equ	16211	;# 
  4979   003F54                     CWG1DBR         equ	16212	;# 
  4980   003F55                     CWG1DBF         equ	16213	;# 
  4981   003F56                     CWG1CON0        equ	16214	;# 
  4982   003F57                     CWG1CON1        equ	16215	;# 
  4983   003F58                     CWG1AS0         equ	16216	;# 
  4984   003F59                     CWG1AS1         equ	16217	;# 
  4985   003F5A                     CWG1STR         equ	16218	;# 
  4986   003F5E                     CCPTMRS0        equ	16222	;# 
  4987   003F5F                     CCPTMRS1        equ	16223	;# 
  4988   003F60                     PWM8DC          equ	16224	;# 
  4989   003F60                     PWM8DCL         equ	16224	;# 
  4990   003F61                     PWM8DCH         equ	16225	;# 
  4991   003F62                     PWM8CON         equ	16226	;# 
  4992   003F64                     PWM7DC          equ	16228	;# 
  4993   003F64                     PWM7DCL         equ	16228	;# 
  4994   003F65                     PWM7DCH         equ	16229	;# 
  4995   003F66                     PWM7CON         equ	16230	;# 
  4996   003F68                     PWM6DC          equ	16232	;# 
  4997   003F68                     PWM6DCL         equ	16232	;# 
  4998   003F69                     PWM6DCH         equ	16233	;# 
  4999   003F6A                     PWM6CON         equ	16234	;# 
  5000   003F6C                     PWM5DC          equ	16236	;# 
  5001   003F6C                     PWM5DCL         equ	16236	;# 
  5002   003F6D                     PWM5DCH         equ	16237	;# 
  5003   003F6E                     PWM5CON         equ	16238	;# 
  5004   003F70                     CCPR4           equ	16240	;# 
  5005   003F70                     CCPR4L          equ	16240	;# 
  5006   003F71                     CCPR4H          equ	16241	;# 
  5007   003F72                     CCP4CON         equ	16242	;# 
  5008   003F73                     CCP4CAP         equ	16243	;# 
  5009   003F74                     CCPR3           equ	16244	;# 
  5010   003F74                     CCPR3L          equ	16244	;# 
  5011   003F75                     CCPR3H          equ	16245	;# 
  5012   003F76                     CCP3CON         equ	16246	;# 
  5013   003F77                     CCP3CAP         equ	16247	;# 
  5014   003F78                     CCPR2           equ	16248	;# 
  5015   003F78                     CCPR2L          equ	16248	;# 
  5016   003F79                     CCPR2H          equ	16249	;# 
  5017   003F7A                     CCP2CON         equ	16250	;# 
  5018   003F7B                     CCP2CAP         equ	16251	;# 
  5019   003F7C                     CCPR1           equ	16252	;# 
  5020   003F7C                     CCPR1L          equ	16252	;# 
  5021   003F7D                     CCPR1H          equ	16253	;# 
  5022   003F7E                     CCP1CON         equ	16254	;# 
  5023   003F7F                     CCP1CAP         equ	16255	;# 
  5024   003F80                     RXB0CON         equ	16256	;# 
  5025   003F81                     RXB0SIDH        equ	16257	;# 
  5026   003F82                     RXB0SIDL        equ	16258	;# 
  5027   003F83                     RXB0EIDH        equ	16259	;# 
  5028   003F84                     RXB0EIDL        equ	16260	;# 
  5029   003F85                     RXB0DLC         equ	16261	;# 
  5030   003F86                     RXB0D0          equ	16262	;# 
  5031   003F87                     RXB0D1          equ	16263	;# 
  5032   003F88                     RXB0D2          equ	16264	;# 
  5033   003F89                     RXB0D3          equ	16265	;# 
  5034   003F8A                     RXB0D4          equ	16266	;# 
  5035   003F8B                     RXB0D5          equ	16267	;# 
  5036   003F8C                     RXB0D6          equ	16268	;# 
  5037   003F8D                     RXB0D7          equ	16269	;# 
  5038   003F8E                     CANSTAT         equ	16270	;# 
  5039   003F8F                     CANCON          equ	16271	;# 
  5040   003F90                     COMSTAT         equ	16272	;# 
  5041   003F91                     ECANCON         equ	16273	;# 
  5042   003F92                     T6TMR           equ	16274	;# 
  5043   003F92                     TMR6            equ	16274	;# 
  5044   003F93                     T6PR            equ	16275	;# 
  5045   003F93                     PR6             equ	16275	;# 
  5046   003F94                     T6CON           equ	16276	;# 
  5047   003F95                     T6HLT           equ	16277	;# 
  5048   003F96                     T6CLKCON        equ	16278	;# 
  5049   003F96                     T6CLK           equ	16278	;# 
  5050   003F97                     T6RST           equ	16279	;# 
  5051   003F98                     TMR5L           equ	16280	;# 
  5052   003F99                     TMR5H           equ	16281	;# 
  5053   003F9A                     T5CON           equ	16282	;# 
  5054   003F9A                     TMR5CON         equ	16282	;# 
  5055   003F9B                     T5GCON          equ	16283	;# 
  5056   003F9B                     TMR5GCON        equ	16283	;# 
  5057   003F9C                     T5GATE          equ	16284	;# 
  5058   003F9C                     TMR5GATE        equ	16284	;# 
  5059   003F9D                     T5CLK           equ	16285	;# 
  5060   003F9D                     TMR5CLK         equ	16285	;# 
  5061   003F9E                     T4TMR           equ	16286	;# 
  5062   003F9E                     TMR4            equ	16286	;# 
  5063   003F9F                     T4PR            equ	16287	;# 
  5064   003F9F                     PR4             equ	16287	;# 
  5065   003FA0                     T4CON           equ	16288	;# 
  5066   003FA1                     T4HLT           equ	16289	;# 
  5067   003FA2                     T4CLKCON        equ	16290	;# 
  5068   003FA2                     T4CLK           equ	16290	;# 
  5069   003FA3                     T4RST           equ	16291	;# 
  5070   003FA4                     TMR3L           equ	16292	;# 
  5071   003FA5                     TMR3H           equ	16293	;# 
  5072   003FA6                     T3CON           equ	16294	;# 
  5073   003FA6                     TMR3CON         equ	16294	;# 
  5074   003FA7                     T3GCON          equ	16295	;# 
  5075   003FA7                     TMR3GCON        equ	16295	;# 
  5076   003FA8                     T3GATE          equ	16296	;# 
  5077   003FA8                     TMR3GATE        equ	16296	;# 
  5078   003FA9                     T3CLK           equ	16297	;# 
  5079   003FA9                     TMR3CLK         equ	16297	;# 
  5080   003FAA                     T2TMR           equ	16298	;# 
  5081   003FAA                     TMR2            equ	16298	;# 
  5082   003FAB                     T2PR            equ	16299	;# 
  5083   003FAB                     PR2             equ	16299	;# 
  5084   003FAC                     T2CON           equ	16300	;# 
  5085   003FAD                     T2HLT           equ	16301	;# 
  5086   003FAE                     T2CLKCON        equ	16302	;# 
  5087   003FAE                     T2CLK           equ	16302	;# 
  5088   003FAF                     T2RST           equ	16303	;# 
  5089   003FB0                     TMR1L           equ	16304	;# 
  5090   003FB1                     TMR1H           equ	16305	;# 
  5091   003FB2                     T1CON           equ	16306	;# 
  5092   003FB2                     TMR1CON         equ	16306	;# 
  5093   003FB3                     T1GCON          equ	16307	;# 
  5094   003FB3                     TMR1GCON        equ	16307	;# 
  5095   003FB4                     T1GATE          equ	16308	;# 
  5096   003FB4                     TMR1GATE        equ	16308	;# 
  5097   003FB5                     T1CLK           equ	16309	;# 
  5098   003FB5                     TMR1CLK         equ	16309	;# 
  5099   003FB6                     TMR0L           equ	16310	;# 
  5100   003FB6                     TMR0            equ	16310	;# 
  5101   003FB7                     TMR0H           equ	16311	;# 
  5102   003FB7                     PR0             equ	16311	;# 
  5103   003FB8                     T0CON0          equ	16312	;# 
  5104   003FB9                     T0CON1          equ	16313	;# 
  5105   003FBA                     LATA            equ	16314	;# 
  5106   003FBB                     LATB            equ	16315	;# 
  5107   003FBC                     LATC            equ	16316	;# 
  5108   003FC2                     TRISA           equ	16322	;# 
  5109   003FC3                     TRISB           equ	16323	;# 
  5110   003FC4                     TRISC           equ	16324	;# 
  5111   003FCA                     PORTA           equ	16330	;# 
  5112   003FCB                     PORTB           equ	16331	;# 
  5113   003FCC                     PORTC           equ	16332	;# 
  5114   003FCE                     PORTE           equ	16334	;# 
  5115   003FD2                     INTCON0         equ	16338	;# 
  5116   003FD3                     INTCON1         equ	16339	;# 
  5117   003FD4                     IVTLOCK         equ	16340	;# 
  5118   003FD5                     IVTBASE         equ	16341	;# 
  5119   003FD5                     IVTBASEL        equ	16341	;# 
  5120   003FD6                     IVTBASEH        equ	16342	;# 
  5121   003FD7                     IVTBASEU        equ	16343	;# 
  5122   003FD8                     STATUS          equ	16344	;# 
  5123   003FD9                     FSR2            equ	16345	;# 
  5124   003FD9                     FSR2L           equ	16345	;# 
  5125   003FDA                     FSR2H           equ	16346	;# 
  5126   003FDB                     PLUSW2          equ	16347	;# 
  5127   003FDC                     PREINC2         equ	16348	;# 
  5128   003FDD                     POSTDEC2        equ	16349	;# 
  5129   003FDE                     POSTINC2        equ	16350	;# 
  5130   003FDF                     INDF2           equ	16351	;# 
  5131   003FE0                     BSR             equ	16352	;# 
  5132   003FE1                     FSR1            equ	16353	;# 
  5133   003FE1                     FSR1L           equ	16353	;# 
  5134   003FE2                     FSR1H           equ	16354	;# 
  5135   003FE3                     PLUSW1          equ	16355	;# 
  5136   003FE4                     PREINC1         equ	16356	;# 
  5137   003FE5                     POSTDEC1        equ	16357	;# 
  5138   003FE6                     POSTINC1        equ	16358	;# 
  5139   003FE7                     INDF1           equ	16359	;# 
  5140   003FE8                     WREG            equ	16360	;# 
  5141   003FE9                     FSR0            equ	16361	;# 
  5142   003FE9                     FSR0L           equ	16361	;# 
  5143   003FEA                     FSR0H           equ	16362	;# 
  5144   003FEB                     PLUSW0          equ	16363	;# 
  5145   003FEC                     PREINC0         equ	16364	;# 
  5146   003FED                     POSTDEC0        equ	16365	;# 
  5147   003FEE                     POSTINC0        equ	16366	;# 
  5148   003FEF                     INDF0           equ	16367	;# 
  5149   003FF0                     PCON0           equ	16368	;# 
  5150   003FF1                     PCON1           equ	16369	;# 
  5151   003FF3                     PROD            equ	16371	;# 
  5152   003FF3                     PRODL           equ	16371	;# 
  5153   003FF4                     PRODH           equ	16372	;# 
  5154   003FF5                     TABLAT          equ	16373	;# 
  5155   003FF6                     TBLPTR          equ	16374	;# 
  5156   003FF6                     TBLPTRL         equ	16374	;# 
  5157   003FF7                     TBLPTRH         equ	16375	;# 
  5158   003FF8                     TBLPTRU         equ	16376	;# 
  5159   003FF9                     PCLAT           equ	16377	;# 
  5160   003FF9                     PCL             equ	16377	;# 
  5161   003FFA                     PCLATH          equ	16378	;# 
  5162   003FFB                     PCLATU          equ	16379	;# 
  5163   003FFC                     STKPTR          equ	16380	;# 
  5164   003FFD                     TOS             equ	16381	;# 
  5165   003FFD                     TOSL            equ	16381	;# 
  5166   003FFE                     TOSH            equ	16382	;# 
  5167   003FFF                     TOSU            equ	16383	;# 
  5168   003700                     CIOCON          equ	14080	;# 
  5169   003701                     RXERRCNT        equ	14081	;# 
  5170   003702                     TXERRCNT        equ	14082	;# 
  5171   003703                     BRGCON1         equ	14083	;# 
  5172   003704                     BRGCON2         equ	14084	;# 
  5173   003705                     BRGCON3         equ	14085	;# 
  5174   003706                     RXFCON0         equ	14086	;# 
  5175   003707                     RXFCON1         equ	14087	;# 
  5176   003708                     RXF6SIDH        equ	14088	;# 
  5177   003709                     RXF6SIDL        equ	14089	;# 
  5178   00370A                     RXF6EIDH        equ	14090	;# 
  5179   00370B                     RXF6EIDL        equ	14091	;# 
  5180   00370C                     RXF7SIDH        equ	14092	;# 
  5181   00370D                     RXF7SIDL        equ	14093	;# 
  5182   00370E                     RXF7EIDH        equ	14094	;# 
  5183   00370F                     RXF7EIDL        equ	14095	;# 
  5184   003710                     RXF8SIDH        equ	14096	;# 
  5185   003711                     RXF8SIDL        equ	14097	;# 
  5186   003712                     RXF8EIDH        equ	14098	;# 
  5187   003713                     RXF8EIDL        equ	14099	;# 
  5188   003714                     RXF9SIDH        equ	14100	;# 
  5189   003715                     RXF9SIDL        equ	14101	;# 
  5190   003716                     RXF9EIDH        equ	14102	;# 
  5191   003717                     RXF9EIDL        equ	14103	;# 
  5192   003718                     RXF10SIDH       equ	14104	;# 
  5193   003719                     RXF10SIDL       equ	14105	;# 
  5194   00371A                     RXF10EIDH       equ	14106	;# 
  5195   00371B                     RXF10EIDL       equ	14107	;# 
  5196   00371C                     RXF11SIDH       equ	14108	;# 
  5197   00371D                     RXF11SIDL       equ	14109	;# 
  5198   00371E                     RXF11EIDH       equ	14110	;# 
  5199   00371F                     RXF11EIDL       equ	14111	;# 
  5200   003720                     RXF12SIDH       equ	14112	;# 
  5201   003721                     RXF12SIDL       equ	14113	;# 
  5202   003722                     RXF12EIDH       equ	14114	;# 
  5203   003723                     RXF12EIDL       equ	14115	;# 
  5204   003724                     RXF13SIDH       equ	14116	;# 
  5205   003725                     RXF13SIDL       equ	14117	;# 
  5206   003726                     RXF13EIDH       equ	14118	;# 
  5207   003727                     RXF13EIDL       equ	14119	;# 
  5208   003728                     RXF14SIDH       equ	14120	;# 
  5209   003729                     RXF14SIDL       equ	14121	;# 
  5210   00372A                     RXF14EIDH       equ	14122	;# 
  5211   00372B                     RXF14EIDL       equ	14123	;# 
  5212   00372C                     RXF15SIDH       equ	14124	;# 
  5213   00372D                     RXF15SIDL       equ	14125	;# 
  5214   00372E                     RXF15EIDH       equ	14126	;# 
  5215   00372F                     RXF15EIDL       equ	14127	;# 
  5216   003730                     SDFLC           equ	14128	;# 
  5217   003731                     RXFBCON0        equ	14129	;# 
  5218   003732                     RXFBCON1        equ	14130	;# 
  5219   003733                     RXFBCON2        equ	14131	;# 
  5220   003734                     RXFBCON3        equ	14132	;# 
  5221   003735                     RXFBCON4        equ	14133	;# 
  5222   003736                     RXFBCON5        equ	14134	;# 
  5223   003737                     RXFBCON6        equ	14135	;# 
  5224   003738                     RXFBCON7        equ	14136	;# 
  5225   003739                     MSEL0           equ	14137	;# 
  5226   00373A                     MSEL1           equ	14138	;# 
  5227   00373B                     MSEL2           equ	14139	;# 
  5228   00373C                     MSEL3           equ	14140	;# 
  5229   00373D                     BSEL0           equ	14141	;# 
  5230   00373E                     BIE0            equ	14142	;# 
  5231   00373F                     TXBIE           equ	14143	;# 
  5232   003740                     B0CON           equ	14144	;# 
  5233   003741                     B0SIDH          equ	14145	;# 
  5234   003742                     B0SIDL          equ	14146	;# 
  5235   003743                     B0EIDH          equ	14147	;# 
  5236   003744                     B0EIDL          equ	14148	;# 
  5237   003745                     B0DLC           equ	14149	;# 
  5238   003746                     B0D0            equ	14150	;# 
  5239   003747                     B0D1            equ	14151	;# 
  5240   003748                     B0D2            equ	14152	;# 
  5241   003749                     B0D3            equ	14153	;# 
  5242   00374A                     B0D4            equ	14154	;# 
  5243   00374B                     B0D5            equ	14155	;# 
  5244   00374C                     B0D6            equ	14156	;# 
  5245   00374D                     B0D7            equ	14157	;# 
  5246   00374E                     CANSTAT_RO9     equ	14158	;# 
  5247   00374F                     CANCON_RO9      equ	14159	;# 
  5248   003750                     B1CON           equ	14160	;# 
  5249   003751                     B1SIDH          equ	14161	;# 
  5250   003752                     B1SIDL          equ	14162	;# 
  5251   003753                     B1EIDH          equ	14163	;# 
  5252   003754                     B1EIDL          equ	14164	;# 
  5253   003755                     B1DLC           equ	14165	;# 
  5254   003756                     B1D0            equ	14166	;# 
  5255   003757                     B1D1            equ	14167	;# 
  5256   003758                     B1D2            equ	14168	;# 
  5257   003759                     B1D3            equ	14169	;# 
  5258   00375A                     B1D4            equ	14170	;# 
  5259   00375B                     B1D5            equ	14171	;# 
  5260   00375C                     B1D6            equ	14172	;# 
  5261   00375D                     B1D7            equ	14173	;# 
  5262   00375E                     CANSTAT_RO8     equ	14174	;# 
  5263   00375F                     CANCON_RO8      equ	14175	;# 
  5264   003760                     B2CON           equ	14176	;# 
  5265   003761                     B2SIDH          equ	14177	;# 
  5266   003762                     B2SIDL          equ	14178	;# 
  5267   003763                     B2EIDH          equ	14179	;# 
  5268   003764                     B2EIDL          equ	14180	;# 
  5269   003765                     B2DLC           equ	14181	;# 
  5270   003766                     B2D0            equ	14182	;# 
  5271   003767                     B2D1            equ	14183	;# 
  5272   003768                     B2D2            equ	14184	;# 
  5273   003769                     B2D3            equ	14185	;# 
  5274   00376A                     B2D4            equ	14186	;# 
  5275   00376B                     B2D5            equ	14187	;# 
  5276   00376C                     B2D6            equ	14188	;# 
  5277   00376D                     B2D7            equ	14189	;# 
  5278   00376E                     CANSTAT_RO7     equ	14190	;# 
  5279   00376F                     CANCON_RO7      equ	14191	;# 
  5280   003770                     B3CON           equ	14192	;# 
  5281   003771                     B3SIDH          equ	14193	;# 
  5282   003772                     B3SIDL          equ	14194	;# 
  5283   003773                     B3EIDH          equ	14195	;# 
  5284   003774                     B3EIDL          equ	14196	;# 
  5285   003775                     B3DLC           equ	14197	;# 
  5286   003776                     B3D0            equ	14198	;# 
  5287   003777                     B3D1            equ	14199	;# 
  5288   003778                     B3D2            equ	14200	;# 
  5289   003779                     B3D3            equ	14201	;# 
  5290   00377A                     B3D4            equ	14202	;# 
  5291   00377B                     B3D5            equ	14203	;# 
  5292   00377C                     B3D6            equ	14204	;# 
  5293   00377D                     B3D7            equ	14205	;# 
  5294   00377E                     CANSTAT_RO6     equ	14206	;# 
  5295   00377F                     CANCON_RO6      equ	14207	;# 
  5296   003780                     B4CON           equ	14208	;# 
  5297   003781                     B4SIDH          equ	14209	;# 
  5298   003782                     B4SIDL          equ	14210	;# 
  5299   003783                     B4EIDH          equ	14211	;# 
  5300   003784                     B4EIDL          equ	14212	;# 
  5301   003785                     B4DLC           equ	14213	;# 
  5302   003786                     B4D0            equ	14214	;# 
  5303   003787                     B4D1            equ	14215	;# 
  5304   003788                     B4D2            equ	14216	;# 
  5305   003789                     B4D3            equ	14217	;# 
  5306   00378A                     B4D4            equ	14218	;# 
  5307   00378B                     B4D5            equ	14219	;# 
  5308   00378C                     B4D6            equ	14220	;# 
  5309   00378D                     B4D7            equ	14221	;# 
  5310   00378E                     CANSTAT_RO5     equ	14222	;# 
  5311   00378F                     CANCON_RO5      equ	14223	;# 
  5312   003790                     B5CON           equ	14224	;# 
  5313   003791                     B5SIDH          equ	14225	;# 
  5314   003792                     B5SIDL          equ	14226	;# 
  5315   003793                     B5EIDH          equ	14227	;# 
  5316   003794                     B5EIDL          equ	14228	;# 
  5317   003795                     B5DLC           equ	14229	;# 
  5318   003796                     B5D0            equ	14230	;# 
  5319   003797                     B5D1            equ	14231	;# 
  5320   003798                     B5D2            equ	14232	;# 
  5321   003799                     B5D3            equ	14233	;# 
  5322   00379A                     B5D4            equ	14234	;# 
  5323   00379B                     B5D5            equ	14235	;# 
  5324   00379C                     B5D6            equ	14236	;# 
  5325   00379D                     B5D7            equ	14237	;# 
  5326   00379E                     CANSTAT_RO4     equ	14238	;# 
  5327   00379F                     CANCON_RO4      equ	14239	;# 
  5328   0037A0                     RXF0SIDH        equ	14240	;# 
  5329   0037A1                     RXF0SIDL        equ	14241	;# 
  5330   0037A2                     RXF0EIDH        equ	14242	;# 
  5331   0037A3                     RXF0EIDL        equ	14243	;# 
  5332   0037A4                     RXF1SIDH        equ	14244	;# 
  5333   0037A5                     RXF1SIDL        equ	14245	;# 
  5334   0037A6                     RXF1EIDH        equ	14246	;# 
  5335   0037A7                     RXF1EIDL        equ	14247	;# 
  5336   0037A8                     RXF2SIDH        equ	14248	;# 
  5337   0037A9                     RXF2SIDL        equ	14249	;# 
  5338   0037AA                     RXF2EIDH        equ	14250	;# 
  5339   0037AB                     RXF2EIDL        equ	14251	;# 
  5340   0037AC                     RXF3SIDH        equ	14252	;# 
  5341   0037AD                     RXF3SIDL        equ	14253	;# 
  5342   0037AE                     RXF3EIDH        equ	14254	;# 
  5343   0037AF                     RXF3EIDL        equ	14255	;# 
  5344   0037B0                     RXF4SIDH        equ	14256	;# 
  5345   0037B1                     RXF4SIDL        equ	14257	;# 
  5346   0037B2                     RXF4EIDH        equ	14258	;# 
  5347   0037B3                     RXF4EIDL        equ	14259	;# 
  5348   0037B4                     RXF5SIDH        equ	14260	;# 
  5349   0037B5                     RXF5SIDL        equ	14261	;# 
  5350   0037B6                     RXF5EIDH        equ	14262	;# 
  5351   0037B7                     RXF5EIDL        equ	14263	;# 
  5352   0037B8                     RXM0SIDH        equ	14264	;# 
  5353   0037B9                     RXM0SIDL        equ	14265	;# 
  5354   0037BA                     RXM0EIDH        equ	14266	;# 
  5355   0037BB                     RXM0EIDL        equ	14267	;# 
  5356   0037BC                     RXM1SIDH        equ	14268	;# 
  5357   0037BD                     RXM1SIDL        equ	14269	;# 
  5358   0037BE                     RXM1EIDH        equ	14270	;# 
  5359   0037BF                     RXM1EIDL        equ	14271	;# 
  5360   0037C0                     TXB2CON         equ	14272	;# 
  5361   0037C1                     TXB2SIDH        equ	14273	;# 
  5362   0037C2                     TXB2SIDL        equ	14274	;# 
  5363   0037C3                     TXB2EIDH        equ	14275	;# 
  5364   0037C4                     TXB2EIDL        equ	14276	;# 
  5365   0037C5                     TXB2DLC         equ	14277	;# 
  5366   0037C6                     TXB2D0          equ	14278	;# 
  5367   0037C7                     TXB2D1          equ	14279	;# 
  5368   0037C8                     TXB2D2          equ	14280	;# 
  5369   0037C9                     TXB2D3          equ	14281	;# 
  5370   0037CA                     TXB2D4          equ	14282	;# 
  5371   0037CB                     TXB2D5          equ	14283	;# 
  5372   0037CC                     TXB2D6          equ	14284	;# 
  5373   0037CD                     TXB2D7          equ	14285	;# 
  5374   0037CE                     CANSTAT_R03     equ	14286	;# 
  5375   0037CF                     CANCON_R03      equ	14287	;# 
  5376   0037D0                     TXB1CON         equ	14288	;# 
  5377   0037D1                     TXB1SIDH        equ	14289	;# 
  5378   0037D2                     TXB1SIDL        equ	14290	;# 
  5379   0037D3                     TXB1EIDH        equ	14291	;# 
  5380   0037D4                     TXB1EIDL        equ	14292	;# 
  5381   0037D5                     TXB1DLC         equ	14293	;# 
  5382   0037D6                     TXB1D0          equ	14294	;# 
  5383   0037D7                     TXB1D1          equ	14295	;# 
  5384   0037D8                     TXB1D2          equ	14296	;# 
  5385   0037D9                     TXB1D3          equ	14297	;# 
  5386   0037DA                     TXB1D4          equ	14298	;# 
  5387   0037DB                     TXB1D5          equ	14299	;# 
  5388   0037DC                     TXB1D6          equ	14300	;# 
  5389   0037DD                     TXB1D7          equ	14301	;# 
  5390   0037DE                     CANSTAT_RO2     equ	14302	;# 
  5391   0037DF                     CANCON_RO2      equ	14303	;# 
  5392   0037E0                     TXB0CON         equ	14304	;# 
  5393   0037E1                     TXB0SIDH        equ	14305	;# 
  5394   0037E2                     TXB0SIDL        equ	14306	;# 
  5395   0037E3                     TXB0EIDH        equ	14307	;# 
  5396   0037E4                     TXB0EIDL        equ	14308	;# 
  5397   0037E5                     TXB0DLC         equ	14309	;# 
  5398   0037E6                     TXB0D0          equ	14310	;# 
  5399   0037E7                     TXB0D1          equ	14311	;# 
  5400   0037E8                     TXB0D2          equ	14312	;# 
  5401   0037E9                     TXB0D3          equ	14313	;# 
  5402   0037EA                     TXB0D4          equ	14314	;# 
  5403   0037EB                     TXB0D5          equ	14315	;# 
  5404   0037EC                     TXB0D6          equ	14316	;# 
  5405   0037ED                     TXB0D7          equ	14317	;# 
  5406   0037EE                     CANSTAT_RO1     equ	14318	;# 
  5407   0037EF                     CANCON_RO1      equ	14319	;# 
  5408   0037F0                     RXB1CON         equ	14320	;# 
  5409   0037F1                     RXB1SIDH        equ	14321	;# 
  5410   0037F2                     RXB1SIDL        equ	14322	;# 
  5411   0037F3                     RXB1EIDH        equ	14323	;# 
  5412   0037F4                     RXB1EIDL        equ	14324	;# 
  5413   0037F5                     RXB1DLC         equ	14325	;# 
  5414   0037F6                     RXB1D0          equ	14326	;# 
  5415   0037F7                     RXB1D1          equ	14327	;# 
  5416   0037F8                     RXB1D2          equ	14328	;# 
  5417   0037F9                     RXB1D3          equ	14329	;# 
  5418   0037FA                     RXB1D4          equ	14330	;# 
  5419   0037FB                     RXB1D5          equ	14331	;# 
  5420   0037FC                     RXB1D6          equ	14332	;# 
  5421   0037FD                     RXB1D7          equ	14333	;# 
  5422   0037FE                     CANSTAT_RO0     equ	14334	;# 
  5423   0037FF                     CANCON_RO0      equ	14335	;# 
  5424   003880                     STATUS_CSHAD    equ	14464	;# 
  5425   003881                     WREG_CSHAD      equ	14465	;# 
  5426   003882                     BSR_CSHAD       equ	14466	;# 
  5427   003883                     SHADCON         equ	14467	;# 
  5428   003884                     STATUS_SHAD     equ	14468	;# 
  5429   003885                     WREG_SHAD       equ	14469	;# 
  5430   003886                     BSR_SHAD        equ	14470	;# 
  5431   003887                     PCLATH_SHAD     equ	14471	;# 
  5432   003888                     PCLATU_SHAD     equ	14472	;# 
  5433   003889                     FSR0SH          equ	14473	;# 
  5434   003889                     FSR0L_SHAD      equ	14473	;# 
  5435   00388A                     FSR0H_SHAD      equ	14474	;# 
  5436   00388B                     FSR1SH          equ	14475	;# 
  5437   00388B                     FSR1L_SHAD      equ	14475	;# 
  5438   00388C                     FSR1H_SHAD      equ	14476	;# 
  5439   00388D                     FSR2SH          equ	14477	;# 
  5440   00388D                     FSR2L_SHAD      equ	14477	;# 
  5441   00388E                     FSR2H_SHAD      equ	14478	;# 
  5442   00388F                     PRODSH          equ	14479	;# 
  5443   00388F                     PRODL_SHAD      equ	14479	;# 
  5444   003890                     PRODH_SHAD      equ	14480	;# 
  5445   00389D                     IVTADL          equ	14493	;# 
  5446   00389E                     IVTADH          equ	14494	;# 
  5447   00389F                     IVTADU          equ	14495	;# 
  5448   00395B                     WDTCON0         equ	14683	;# 
  5449   00395C                     WDTCON1         equ	14684	;# 
  5450   00395D                     WDTPSL          equ	14685	;# 
  5451   00395E                     WDTPSH          equ	14686	;# 
  5452   00395F                     WDTTMR          equ	14687	;# 
  5453   003960                     CRCDATA         equ	14688	;# 
  5454   003960                     CRCDATL         equ	14688	;# 
  5455   003961                     CRCDATH         equ	14689	;# 
  5456   003962                     CRCACC          equ	14690	;# 
  5457   003962                     CRCACCL         equ	14690	;# 
  5458   003963                     CRCACCH         equ	14691	;# 
  5459   003964                     CRCSHFT         equ	14692	;# 
  5460   003964                     CRCSHIFTL       equ	14692	;# 
  5461   003965                     CRCSHIFTH       equ	14693	;# 
  5462   003966                     CRCXOR          equ	14694	;# 
  5463   003966                     CRCXORL         equ	14694	;# 
  5464   003967                     CRCXORH         equ	14695	;# 
  5465   003968                     CRCCON0         equ	14696	;# 
  5466   003969                     CRCCON1         equ	14697	;# 
  5467   003976                     SCANLADR        equ	14710	;# 
  5468   003976                     SCANLADRL       equ	14710	;# 
  5469   003977                     SCANLADRH       equ	14711	;# 
  5470   003978                     SCANLADRU       equ	14712	;# 
  5471   003979                     SCANHADR        equ	14713	;# 
  5472   003979                     SCANHADRL       equ	14713	;# 
  5473   00397A                     SCANHADRH       equ	14714	;# 
  5474   00397B                     SCANHADRU       equ	14715	;# 
  5475   00397C                     SCANCON0        equ	14716	;# 
  5476   00397D                     SCANTRIG        equ	14717	;# 
  5477   003980                     IPR0            equ	14720	;# 
  5478   003981                     IPR1            equ	14721	;# 
  5479   003982                     IPR2            equ	14722	;# 
  5480   003983                     IPR3            equ	14723	;# 
  5481   003984                     IPR4            equ	14724	;# 
  5482   003985                     IPR5            equ	14725	;# 
  5483   003986                     IPR6            equ	14726	;# 
  5484   003987                     IPR7            equ	14727	;# 
  5485   003988                     IPR8            equ	14728	;# 
  5486   003989                     IPR9            equ	14729	;# 
  5487   003990                     PIE0            equ	14736	;# 
  5488   003991                     PIE1            equ	14737	;# 
  5489   003992                     PIE2            equ	14738	;# 
  5490   003993                     PIE3            equ	14739	;# 
  5491   003994                     PIE4            equ	14740	;# 
  5492   003995                     PIE5            equ	14741	;# 
  5493   003996                     PIE6            equ	14742	;# 
  5494   003997                     PIE7            equ	14743	;# 
  5495   003998                     PIE8            equ	14744	;# 
  5496   003999                     PIE9            equ	14745	;# 
  5497   0039A0                     PIR0            equ	14752	;# 
  5498   0039A1                     PIR1            equ	14753	;# 
  5499   0039A2                     PIR2            equ	14754	;# 
  5500   0039A3                     PIR3            equ	14755	;# 
  5501   0039A4                     PIR4            equ	14756	;# 
  5502   0039A5                     PIR5            equ	14757	;# 
  5503   0039A6                     PIR6            equ	14758	;# 
  5504   0039A7                     PIR7            equ	14759	;# 
  5505   0039A8                     PIR8            equ	14760	;# 
  5506   0039A9                     PIR9            equ	14761	;# 
  5507   0039C0                     PMD0            equ	14784	;# 
  5508   0039C1                     PMD1            equ	14785	;# 
  5509   0039C2                     PMD2            equ	14786	;# 
  5510   0039C3                     PMD3            equ	14787	;# 
  5511   0039C4                     PMD4            equ	14788	;# 
  5512   0039C5                     PMD5            equ	14789	;# 
  5513   0039C6                     PMD6            equ	14790	;# 
  5514   0039C7                     PMD7            equ	14791	;# 
  5515   0039D0                     BORCON          equ	14800	;# 
  5516   0039D1                     VREGCON         equ	14801	;# 
  5517   0039D8                     CPUDOZE         equ	14808	;# 
  5518   0039D9                     OSCCON1         equ	14809	;# 
  5519   0039DA                     OSCCON2         equ	14810	;# 
  5520   0039DB                     OSCCON3         equ	14811	;# 
  5521   0039DC                     OSCSTAT         equ	14812	;# 
  5522   0039DC                     OSCSTAT1        equ	14812	;# 
  5523   0039DD                     OSCEN           equ	14813	;# 
  5524   0039DE                     OSCTUNE         equ	14814	;# 
  5525   0039DF                     OSCFRQ          equ	14815	;# 
  5526   0039E0                     NVMADRL         equ	14816	;# 
  5527   0039E1                     NVMADRH         equ	14817	;# 
  5528   0039E3                     NVMDAT          equ	14819	;# 
  5529   0039E5                     NVMCON1         equ	14821	;# 
  5530   0039E6                     NVMCON2         equ	14822	;# 
  5531   0039EF                     PRLOCK          equ	14831	;# 
  5532   0039F1                     ISRPR           equ	14833	;# 
  5533   0039F2                     MAINPR          equ	14834	;# 
  5534   0039F3                     DMA1PR          equ	14835	;# 
  5535   0039F4                     DMA2PR          equ	14836	;# 
  5536   0039F7                     SCANPR          equ	14839	;# 
  5537   003A00                     RA0PPS          equ	14848	;# 
  5538   003A01                     RA1PPS          equ	14849	;# 
  5539   003A02                     RA2PPS          equ	14850	;# 
  5540   003A03                     RA3PPS          equ	14851	;# 
  5541   003A04                     RA4PPS          equ	14852	;# 
  5542   003A05                     RA5PPS          equ	14853	;# 
  5543   003A06                     RA6PPS          equ	14854	;# 
  5544   003A07                     RA7PPS          equ	14855	;# 
  5545   003A08                     RB0PPS          equ	14856	;# 
  5546   003A09                     RB1PPS          equ	14857	;# 
  5547   003A0A                     RB2PPS          equ	14858	;# 
  5548   003A0B                     RB3PPS          equ	14859	;# 
  5549   003A0C                     RB4PPS          equ	14860	;# 
  5550   003A0D                     RB5PPS          equ	14861	;# 
  5551   003A0E                     RB6PPS          equ	14862	;# 
  5552   003A0F                     RB7PPS          equ	14863	;# 
  5553   003A10                     RC0PPS          equ	14864	;# 
  5554   003A11                     RC1PPS          equ	14865	;# 
  5555   003A12                     RC2PPS          equ	14866	;# 
  5556   003A13                     RC3PPS          equ	14867	;# 
  5557   003A14                     RC4PPS          equ	14868	;# 
  5558   003A15                     RC5PPS          equ	14869	;# 
  5559   003A16                     RC6PPS          equ	14870	;# 
  5560   003A17                     RC7PPS          equ	14871	;# 
  5561   003A40                     ANSELA          equ	14912	;# 
  5562   003A41                     WPUA            equ	14913	;# 
  5563   003A42                     ODCONA          equ	14914	;# 
  5564   003A43                     SLRCONA         equ	14915	;# 
  5565   003A44                     INLVLA          equ	14916	;# 
  5566   003A45                     IOCAP           equ	14917	;# 
  5567   003A46                     IOCAN           equ	14918	;# 
  5568   003A47                     IOCAF           equ	14919	;# 
  5569   003A50                     ANSELB          equ	14928	;# 
  5570   003A51                     WPUB            equ	14929	;# 
  5571   003A52                     ODCONB          equ	14930	;# 
  5572   003A53                     SLRCONB         equ	14931	;# 
  5573   003A54                     INLVLB          equ	14932	;# 
  5574   003A55                     IOCBP           equ	14933	;# 
  5575   003A56                     IOCBN           equ	14934	;# 
  5576   003A57                     IOCBF           equ	14935	;# 
  5577   003A5A                     RB1I2C          equ	14938	;# 
  5578   003A5B                     RB2I2C          equ	14939	;# 
  5579   003A60                     ANSELC          equ	14944	;# 
  5580   003A61                     WPUC            equ	14945	;# 
  5581   003A62                     ODCONC          equ	14946	;# 
  5582   003A63                     SLRCONC         equ	14947	;# 
  5583   003A64                     INLVLC          equ	14948	;# 
  5584   003A65                     IOCCP           equ	14949	;# 
  5585   003A66                     IOCCN           equ	14950	;# 
  5586   003A67                     IOCCF           equ	14951	;# 
  5587   003A6A                     RC3I2C          equ	14954	;# 
  5588   003A6B                     RC4I2C          equ	14955	;# 
  5589   003A81                     WPUE            equ	14977	;# 
  5590   003A84                     INLVLE          equ	14980	;# 
  5591   003A85                     IOCEP           equ	14981	;# 
  5592   003A86                     IOCEN           equ	14982	;# 
  5593   003A87                     IOCEF           equ	14983	;# 
  5594   003ABF                     PPSLOCK         equ	15039	;# 
  5595   003AC0                     INT0PPS         equ	15040	;# 
  5596   003AC1                     INT1PPS         equ	15041	;# 
  5597   003AC2                     INT2PPS         equ	15042	;# 
  5598   003AC3                     T0CKIPPS        equ	15043	;# 
  5599   003AC4                     T1CKIPPS        equ	15044	;# 
  5600   003AC5                     T1GPPS          equ	15045	;# 
  5601   003AC6                     T3CKIPPS        equ	15046	;# 
  5602   003AC7                     T3GPPS          equ	15047	;# 
  5603   003AC8                     T5CKIPPS        equ	15048	;# 
  5604   003AC9                     T5GPPS          equ	15049	;# 
  5605   003ACA                     T2INPPS         equ	15050	;# 
  5606   003ACB                     T4INPPS         equ	15051	;# 
  5607   003ACC                     T6INPPS         equ	15052	;# 
  5608   003ACD                     CCP1PPS         equ	15053	;# 
  5609   003ACE                     CCP2PPS         equ	15054	;# 
  5610   003ACF                     CCP3PPS         equ	15055	;# 
  5611   003AD0                     CCP4PPS         equ	15056	;# 
  5612   003AD1                     SMT1WINPPS      equ	15057	;# 
  5613   003AD2                     SMT1SIGPPS      equ	15058	;# 
  5614   003AD3                     SMT2WINPPS      equ	15059	;# 
  5615   003AD4                     SMT2SIGPPS      equ	15060	;# 
  5616   003AD5                     CWG1INPPS       equ	15061	;# 
  5617   003AD6                     CWG2INPPS       equ	15062	;# 
  5618   003AD7                     CWG3INPPS       equ	15063	;# 
  5619   003AD8                     MD1CARLPPS      equ	15064	;# 
  5620   003AD9                     MD1CARHPPS      equ	15065	;# 
  5621   003ADA                     MD1SRCPPS       equ	15066	;# 
  5622   003ADB                     CLCIN0PPS       equ	15067	;# 
  5623   003ADC                     CLCIN1PPS       equ	15068	;# 
  5624   003ADD                     CLCIN2PPS       equ	15069	;# 
  5625   003ADE                     CLCIN3PPS       equ	15070	;# 
  5626   003ADF                     ADACTPPS        equ	15071	;# 
  5627   003AE0                     SPI1SCKPPS      equ	15072	;# 
  5628   003AE1                     SPI1SDIPPS      equ	15073	;# 
  5629   003AE2                     SPI1SSPPS       equ	15074	;# 
  5630   003AE3                     I2C1SCLPPS      equ	15075	;# 
  5631   003AE4                     I2C1SDAPPS      equ	15076	;# 
  5632   003AE5                     I2C2SCLPPS      equ	15077	;# 
  5633   003AE6                     I2C2SDAPPS      equ	15078	;# 
  5634   003AE7                     U1RXPPS         equ	15079	;# 
  5635   003AE8                     U1CTSPPS        equ	15080	;# 
  5636   003AEA                     U2RXPPS         equ	15082	;# 
  5637   003AEB                     U2CTSPPS        equ	15083	;# 
  5638   003AED                     CANRXPPS        equ	15085	;# 
  5639   003BC9                     DMA2BUF         equ	15305	;# 
  5640   003BCA                     DMA2DCNT        equ	15306	;# 
  5641   003BCA                     DMA2DCNTL       equ	15306	;# 
  5642   003BCB                     DMA2DCNTH       equ	15307	;# 
  5643   003BCC                     DMA2DPTR        equ	15308	;# 
  5644   003BCC                     DMA2DPTRL       equ	15308	;# 
  5645   003BCD                     DMA2DPTRH       equ	15309	;# 
  5646   003BCE                     DMA2DSZ         equ	15310	;# 
  5647   003BCE                     DMA2DSZL        equ	15310	;# 
  5648   003BCF                     DMA2DSZH        equ	15311	;# 
  5649   003BD0                     DMA2DSA         equ	15312	;# 
  5650   003BD0                     DMA2DSAL        equ	15312	;# 
  5651   003BD1                     DMA2DSAH        equ	15313	;# 
  5652   003BD2                     DMA2SCNT        equ	15314	;# 
  5653   003BD2                     DMA2SCNTL       equ	15314	;# 
  5654   003BD3                     DMA2SCNTH       equ	15315	;# 
  5655   003BD4                     DMA2SPTR        equ	15316	;# 
  5656   003BD4                     DMA2SPTRL       equ	15316	;# 
  5657   003BD5                     DMA2SPTRH       equ	15317	;# 
  5658   003BD6                     DMA2SPTRU       equ	15318	;# 
  5659   003BD7                     DMA2SSZ         equ	15319	;# 
  5660   003BD7                     DMA2SSZL        equ	15319	;# 
  5661   003BD8                     DMA2SSZH        equ	15320	;# 
  5662   003BD9                     DMA2SSA         equ	15321	;# 
  5663   003BD9                     DMA2SSAL        equ	15321	;# 
  5664   003BDA                     DMA2SSAH        equ	15322	;# 
  5665   003BDB                     DMA2SSAU        equ	15323	;# 
  5666   003BDC                     DMA2CON0        equ	15324	;# 
  5667   003BDD                     DMA2CON1        equ	15325	;# 
  5668   003BDE                     DMA2AIRQ        equ	15326	;# 
  5669   003BDF                     DMA2SIRQ        equ	15327	;# 
  5670   003BE9                     DMA1BUF         equ	15337	;# 
  5671   003BEA                     DMA1DCNT        equ	15338	;# 
  5672   003BEA                     DMA1DCNTL       equ	15338	;# 
  5673   003BEB                     DMA1DCNTH       equ	15339	;# 
  5674   003BEC                     DMA1DPTR        equ	15340	;# 
  5675   003BEC                     DMA1DPTRL       equ	15340	;# 
  5676   003BED                     DMA1DPTRH       equ	15341	;# 
  5677   003BEE                     DMA1DSZ         equ	15342	;# 
  5678   003BEE                     DMA1DSZL        equ	15342	;# 
  5679   003BEF                     DMA1DSZH        equ	15343	;# 
  5680   003BF0                     DMA1DSA         equ	15344	;# 
  5681   003BF0                     DMA1DSAL        equ	15344	;# 
  5682   003BF1                     DMA1DSAH        equ	15345	;# 
  5683   003BF2                     DMA1SCNT        equ	15346	;# 
  5684   003BF2                     DMA1SCNTL       equ	15346	;# 
  5685   003BF3                     DMA1SCNTH       equ	15347	;# 
  5686   003BF4                     DMA1SPTR        equ	15348	;# 
  5687   003BF4                     DMA1SPTRL       equ	15348	;# 
  5688   003BF5                     DMA1SPTRH       equ	15349	;# 
  5689   003BF6                     DMA1SPTRU       equ	15350	;# 
  5690   003BF7                     DMA1SSZ         equ	15351	;# 
  5691   003BF7                     DMA1SSZL        equ	15351	;# 
  5692   003BF8                     DMA1SSZH        equ	15352	;# 
  5693   003BF9                     DMA1SSA         equ	15353	;# 
  5694   003BF9                     DMA1SSAL        equ	15353	;# 
  5695   003BFA                     DMA1SSAH        equ	15354	;# 
  5696   003BFB                     DMA1SSAU        equ	15355	;# 
  5697   003BFC                     DMA1CON0        equ	15356	;# 
  5698   003BFD                     DMA1CON1        equ	15357	;# 
  5699   003BFE                     DMA1AIRQ        equ	15358	;# 
  5700   003BFF                     DMA1SIRQ        equ	15359	;# 
  5701   003C56                     CLC4CON         equ	15446	;# 
  5702   003C57                     CLC4POL         equ	15447	;# 
  5703   003C58                     CLC4SEL0        equ	15448	;# 
  5704   003C59                     CLC4SEL1        equ	15449	;# 
  5705   003C5A                     CLC4SEL2        equ	15450	;# 
  5706   003C5B                     CLC4SEL3        equ	15451	;# 
  5707   003C5C                     CLC4GLS0        equ	15452	;# 
  5708   003C5D                     CLC4GLS1        equ	15453	;# 
  5709   003C5E                     CLC4GLS2        equ	15454	;# 
  5710   003C5F                     CLC4GLS3        equ	15455	;# 
  5711   003C60                     CLC3CON         equ	15456	;# 
  5712   003C61                     CLC3POL         equ	15457	;# 
  5713   003C62                     CLC3SEL0        equ	15458	;# 
  5714   003C63                     CLC3SEL1        equ	15459	;# 
  5715   003C64                     CLC3SEL2        equ	15460	;# 
  5716   003C65                     CLC3SEL3        equ	15461	;# 
  5717   003C66                     CLC3GLS0        equ	15462	;# 
  5718   003C67                     CLC3GLS1        equ	15463	;# 
  5719   003C68                     CLC3GLS2        equ	15464	;# 
  5720   003C69                     CLC3GLS3        equ	15465	;# 
  5721   003C6A                     CLC2CON         equ	15466	;# 
  5722   003C6B                     CLC2POL         equ	15467	;# 
  5723   003C6C                     CLC2SEL0        equ	15468	;# 
  5724   003C6D                     CLC2SEL1        equ	15469	;# 
  5725   003C6E                     CLC2SEL2        equ	15470	;# 
  5726   003C6F                     CLC2SEL3        equ	15471	;# 
  5727   003C70                     CLC2GLS0        equ	15472	;# 
  5728   003C71                     CLC2GLS1        equ	15473	;# 
  5729   003C72                     CLC2GLS2        equ	15474	;# 
  5730   003C73                     CLC2GLS3        equ	15475	;# 
  5731   003C74                     CLC1CON         equ	15476	;# 
  5732   003C75                     CLC1POL         equ	15477	;# 
  5733   003C76                     CLC1SEL0        equ	15478	;# 
  5734   003C77                     CLC1SEL1        equ	15479	;# 
  5735   003C78                     CLC1SEL2        equ	15480	;# 
  5736   003C79                     CLC1SEL3        equ	15481	;# 
  5737   003C7A                     CLC1GLS0        equ	15482	;# 
  5738   003C7B                     CLC1GLS1        equ	15483	;# 
  5739   003C7C                     CLC1GLS2        equ	15484	;# 
  5740   003C7D                     CLC1GLS3        equ	15485	;# 
  5741   003C7E                     CLCDATA0        equ	15486	;# 
  5742   003CE5                     CLKRCON         equ	15589	;# 
  5743   003CE6                     CLKRCLK         equ	15590	;# 
  5744   003CFA                     MD1CON0         equ	15610	;# 
  5745   003CFB                     MD1CON1         equ	15611	;# 
  5746   003CFC                     MD1SRC          equ	15612	;# 
  5747   003CFD                     MD1CARL         equ	15613	;# 
  5748   003CFE                     MD1CARH         equ	15614	;# 
  5749   003D10                     SPI1RXB         equ	15632	;# 
  5750   003D11                     SPI1TXB         equ	15633	;# 
  5751   003D12                     SPI1TCNT        equ	15634	;# 
  5752   003D12                     SPI1TCNTL       equ	15634	;# 
  5753   003D13                     SPI1TCNTH       equ	15635	;# 
  5754   003D14                     SPI1CON0        equ	15636	;# 
  5755   003D15                     SPI1CON1        equ	15637	;# 
  5756   003D16                     SPI1CON2        equ	15638	;# 
  5757   003D17                     SPI1STATUS      equ	15639	;# 
  5758   003D18                     SPI1TWIDTH      equ	15640	;# 
  5759   003D19                     SPI1BAUD        equ	15641	;# 
  5760   003D1A                     SPI1INTF        equ	15642	;# 
  5761   003D1B                     SPI1INTE        equ	15643	;# 
  5762   003D1C                     SPI1CLK         equ	15644	;# 
  5763   003D54                     I2C2RXB         equ	15700	;# 
  5764   003D55                     I2C2TXB         equ	15701	;# 
  5765   003D56                     I2C2CNT         equ	15702	;# 
  5766   003D57                     I2C2ADB0        equ	15703	;# 
  5767   003D58                     I2C2ADB1        equ	15704	;# 
  5768   003D59                     I2C2ADR0        equ	15705	;# 
  5769   003D5A                     I2C2ADR1        equ	15706	;# 
  5770   003D5B                     I2C2ADR2        equ	15707	;# 
  5771   003D5C                     I2C2ADR3        equ	15708	;# 
  5772   003D5D                     I2C2CON0        equ	15709	;# 
  5773   003D5E                     I2C2CON1        equ	15710	;# 
  5774   003D5F                     I2C2CON2        equ	15711	;# 
  5775   003D60                     I2C2ERR         equ	15712	;# 
  5776   003D61                     I2C2STAT0       equ	15713	;# 
  5777   003D62                     I2C2STAT1       equ	15714	;# 
  5778   003D63                     I2C2PIR         equ	15715	;# 
  5779   003D64                     I2C2PIE         equ	15716	;# 
  5780   003D65                     I2C2CLK         equ	15717	;# 
  5781   003D66                     I2C2BTO         equ	15718	;# 
  5782   003D6A                     I2C1RXB         equ	15722	;# 
  5783   003D6B                     I2C1TXB         equ	15723	;# 
  5784   003D6C                     I2C1CNT         equ	15724	;# 
  5785   003D6D                     I2C1ADB0        equ	15725	;# 
  5786   003D6E                     I2C1ADB1        equ	15726	;# 
  5787   003D6F                     I2C1ADR0        equ	15727	;# 
  5788   003D70                     I2C1ADR1        equ	15728	;# 
  5789   003D71                     I2C1ADR2        equ	15729	;# 
  5790   003D72                     I2C1ADR3        equ	15730	;# 
  5791   003D73                     I2C1CON0        equ	15731	;# 
  5792   003D74                     I2C1CON1        equ	15732	;# 
  5793   003D75                     I2C1CON2        equ	15733	;# 
  5794   003D76                     I2C1ERR         equ	15734	;# 
  5795   003D77                     I2C1STAT0       equ	15735	;# 
  5796   003D78                     I2C1STAT1       equ	15736	;# 
  5797   003D79                     I2C1PIR         equ	15737	;# 
  5798   003D7A                     I2C1PIE         equ	15738	;# 
  5799   003D7B                     I2C1CLK         equ	15739	;# 
  5800   003D7C                     I2C1BTO         equ	15740	;# 
  5801   003DD0                     U2RXB           equ	15824	;# 
  5802   003DD0                     U2RXBL          equ	15824	;# 
  5803   003DD1                     U2RXCHK         equ	15825	;# 
  5804   003DD2                     U2TXB           equ	15826	;# 
  5805   003DD2                     U2TXBL          equ	15826	;# 
  5806   003DD3                     U2TXCHK         equ	15827	;# 
  5807   003DD4                     U2P1            equ	15828	;# 
  5808   003DD4                     U2P1L           equ	15828	;# 
  5809   003DD5                     U2P1H           equ	15829	;# 
  5810   003DD6                     U2P2            equ	15830	;# 
  5811   003DD6                     U2P2L           equ	15830	;# 
  5812   003DD7                     U2P2H           equ	15831	;# 
  5813   003DD8                     U2P3            equ	15832	;# 
  5814   003DD8                     U2P3L           equ	15832	;# 
  5815   003DD9                     U2P3H           equ	15833	;# 
  5816   003DDA                     U2CON0          equ	15834	;# 
  5817   003DDB                     U2CON1          equ	15835	;# 
  5818   003DDC                     U2CON2          equ	15836	;# 
  5819   003DDD                     U2BRG           equ	15837	;# 
  5820   003DDD                     U2BRGL          equ	15837	;# 
  5821   003DDE                     U2BRGH          equ	15838	;# 
  5822   003DDF                     U2FIFO          equ	15839	;# 
  5823   003DE0                     U2UIR           equ	15840	;# 
  5824   003DE1                     U2ERRIR         equ	15841	;# 
  5825   003DE2                     U2ERRIE         equ	15842	;# 
  5826   003DE8                     U1RXB           equ	15848	;# 
  5827   003DE8                     U1RXBL          equ	15848	;# 
  5828   003DE9                     U1RXCHK         equ	15849	;# 
  5829   003DEA                     U1TXB           equ	15850	;# 
  5830   003DEA                     U1TXBL          equ	15850	;# 
  5831   003DEB                     U1TXCHK         equ	15851	;# 
  5832   003DEC                     U1P1            equ	15852	;# 
  5833   003DEC                     U1P1L           equ	15852	;# 
  5834   003DED                     U1P1H           equ	15853	;# 
  5835   003DEE                     U1P2            equ	15854	;# 
  5836   003DEE                     U1P2L           equ	15854	;# 
  5837   003DEF                     U1P2H           equ	15855	;# 
  5838   003DF0                     U1P3            equ	15856	;# 
  5839   003DF0                     U1P3L           equ	15856	;# 
  5840   003DF1                     U1P3H           equ	15857	;# 
  5841   003DF2                     U1CON0          equ	15858	;# 
  5842   003DF3                     U1CON1          equ	15859	;# 
  5843   003DF4                     U1CON2          equ	15860	;# 
  5844   003DF5                     U1BRG           equ	15861	;# 
  5845   003DF5                     U1BRGL          equ	15861	;# 
  5846   003DF6                     U1BRGH          equ	15862	;# 
  5847   003DF7                     U1FIFO          equ	15863	;# 
  5848   003DF8                     U1UIR           equ	15864	;# 
  5849   003DF9                     U1ERRIR         equ	15865	;# 
  5850   003DFA                     U1ERRIE         equ	15866	;# 
  5851   003E9C                     DAC1CON1        equ	16028	;# 
  5852   003E9E                     DAC1CON0        equ	16030	;# 
  5853   003EB8                     CM2CON0         equ	16056	;# 
  5854   003EB9                     CM2CON1         equ	16057	;# 
  5855   003EBA                     CM2NCH          equ	16058	;# 
  5856   003EBB                     CM2PCH          equ	16059	;# 
  5857   003EBC                     CM1CON0         equ	16060	;# 
  5858   003EBD                     CM1CON1         equ	16061	;# 
  5859   003EBE                     CM1NCH          equ	16062	;# 
  5860   003EBF                     CM1PCH          equ	16063	;# 
  5861   003EC0                     CMOUT           equ	16064	;# 
  5862   003EC1                     FVRCON          equ	16065	;# 
  5863   003EC3                     ZCDCON          equ	16067	;# 
  5864   003EC9                     HLVDCON0        equ	16073	;# 
  5865   003ECA                     HLVDCON1        equ	16074	;# 
  5866   003ED7                     ADCP            equ	16087	;# 
  5867   003EDE                     ADLTH           equ	16094	;# 
  5868   003EDE                     ADLTHL          equ	16094	;# 
  5869   003EDF                     ADLTHH          equ	16095	;# 
  5870   003EE0                     ADUTH           equ	16096	;# 
  5871   003EE0                     ADUTHL          equ	16096	;# 
  5872   003EE1                     ADUTHH          equ	16097	;# 
  5873   003EE2                     ADERR           equ	16098	;# 
  5874   003EE2                     ADERRL          equ	16098	;# 
  5875   003EE3                     ADERRH          equ	16099	;# 
  5876   003EE4                     ADSTPT          equ	16100	;# 
  5877   003EE4                     ADSTPTL         equ	16100	;# 
  5878   003EE5                     ADSTPTH         equ	16101	;# 
  5879   003EE6                     ADFLTR          equ	16102	;# 
  5880   003EE6                     ADFLTRL         equ	16102	;# 
  5881   003EE7                     ADFLTRH         equ	16103	;# 
  5882   003EE8                     ADACC           equ	16104	;# 
  5883   003EE8                     ADACCL          equ	16104	;# 
  5884   003EE9                     ADACCH          equ	16105	;# 
  5885   003EEA                     ADACCU          equ	16106	;# 
  5886   003EEB                     ADCNT           equ	16107	;# 
  5887   003EEC                     ADRPT           equ	16108	;# 
  5888   003EED                     ADPREV          equ	16109	;# 
  5889   003EED                     ADPREVL         equ	16109	;# 
  5890   003EEE                     ADPREVH         equ	16110	;# 
  5891   003EEF                     ADRES           equ	16111	;# 
  5892   003EEF                     ADRESL          equ	16111	;# 
  5893   003EF0                     ADRESH          equ	16112	;# 
  5894   003EF1                     ADPCH           equ	16113	;# 
  5895   003EF3                     ADACQ           equ	16115	;# 
  5896   003EF3                     ADACQL          equ	16115	;# 
  5897   003EF4                     ADACQH          equ	16116	;# 
  5898   003EF5                     ADCAP           equ	16117	;# 
  5899   003EF6                     ADPRE           equ	16118	;# 
  5900   003EF6                     ADPREL          equ	16118	;# 
  5901   003EF7                     ADPREH          equ	16119	;# 
  5902   003EF8                     ADCON0          equ	16120	;# 
  5903   003EF9                     ADCON1          equ	16121	;# 
  5904   003EFA                     ADCON2          equ	16122	;# 
  5905   003EFB                     ADCON3          equ	16123	;# 
  5906   003EFC                     ADSTAT          equ	16124	;# 
  5907   003EFD                     ADREF           equ	16125	;# 
  5908   003EFE                     ADACT           equ	16126	;# 
  5909   003EFF                     ADCLK           equ	16127	;# 
  5910   003F00                     SMT2TMR         equ	16128	;# 
  5911   003F00                     SMT2TMRL        equ	16128	;# 
  5912   003F01                     SMT2TMRH        equ	16129	;# 
  5913   003F02                     SMT2TMRU        equ	16130	;# 
  5914   003F03                     SMT2CPR         equ	16131	;# 
  5915   003F03                     SMT2CPRL        equ	16131	;# 
  5916   003F04                     SMT2CPRH        equ	16132	;# 
  5917   003F05                     SMT2CPRU        equ	16133	;# 
  5918   003F06                     SMT2CPW         equ	16134	;# 
  5919   003F06                     SMT2CPWL        equ	16134	;# 
  5920   003F07                     SMT2CPWH        equ	16135	;# 
  5921   003F08                     SMT2CPWU        equ	16136	;# 
  5922   003F09                     SMT2PR          equ	16137	;# 
  5923   003F09                     SMT2PRL         equ	16137	;# 
  5924   003F0A                     SMT2PRH         equ	16138	;# 
  5925   003F0B                     SMT2PRU         equ	16139	;# 
  5926   003F0C                     SMT2CON0        equ	16140	;# 
  5927   003F0D                     SMT2CON1        equ	16141	;# 
  5928   003F0E                     SMT2STAT        equ	16142	;# 
  5929   003F0F                     SMT2CLK         equ	16143	;# 
  5930   003F10                     SMT2SIG         equ	16144	;# 
  5931   003F11                     SMT2WIN         equ	16145	;# 
  5932   003F12                     SMT1TMR         equ	16146	;# 
  5933   003F12                     SMT1TMRL        equ	16146	;# 
  5934   003F13                     SMT1TMRH        equ	16147	;# 
  5935   003F14                     SMT1TMRU        equ	16148	;# 
  5936   003F15                     SMT1CPR         equ	16149	;# 
  5937   003F15                     SMT1CPRL        equ	16149	;# 
  5938   003F16                     SMT1CPRH        equ	16150	;# 
  5939   003F17                     SMT1CPRU        equ	16151	;# 
  5940   003F18                     SMT1CPW         equ	16152	;# 
  5941   003F18                     SMT1CPWL        equ	16152	;# 
  5942   003F19                     SMT1CPWH        equ	16153	;# 
  5943   003F1A                     SMT1CPWU        equ	16154	;# 
  5944   003F1B                     SMT1PR          equ	16155	;# 
  5945   003F1B                     SMT1PRL         equ	16155	;# 
  5946   003F1C                     SMT1PRH         equ	16156	;# 
  5947   003F1D                     SMT1PRU         equ	16157	;# 
  5948   003F1E                     SMT1CON0        equ	16158	;# 
  5949   003F1F                     SMT1CON1        equ	16159	;# 
  5950   003F20                     SMT1STAT        equ	16160	;# 
  5951   003F21                     SMT1CLK         equ	16161	;# 
  5952   003F22                     SMT1SIG         equ	16162	;# 
  5953   003F23                     SMT1WIN         equ	16163	;# 
  5954   003F38                     NCO1ACC         equ	16184	;# 
  5955   003F38                     NCO1ACCL        equ	16184	;# 
  5956   003F39                     NCO1ACCH        equ	16185	;# 
  5957   003F3A                     NCO1ACCU        equ	16186	;# 
  5958   003F3B                     NCO1INC         equ	16187	;# 
  5959   003F3B                     NCO1INCL        equ	16187	;# 
  5960   003F3C                     NCO1INCH        equ	16188	;# 
  5961   003F3D                     NCO1INCU        equ	16189	;# 
  5962   003F3E                     NCO1CON         equ	16190	;# 
  5963   003F3F                     NCO1CLK         equ	16191	;# 
  5964   003F40                     CWG3CLK         equ	16192	;# 
  5965   003F40                     CWG3CLKCON      equ	16192	;# 
  5966   003F41                     CWG3ISM         equ	16193	;# 
  5967   003F42                     CWG3DBR         equ	16194	;# 
  5968   003F43                     CWG3DBF         equ	16195	;# 
  5969   003F44                     CWG3CON0        equ	16196	;# 
  5970   003F45                     CWG3CON1        equ	16197	;# 
  5971   003F46                     CWG3AS0         equ	16198	;# 
  5972   003F47                     CWG3AS1         equ	16199	;# 
  5973   003F48                     CWG3STR         equ	16200	;# 
  5974   003F49                     CWG2CLK         equ	16201	;# 
  5975   003F49                     CWG2CLKCON      equ	16201	;# 
  5976   003F4A                     CWG2ISM         equ	16202	;# 
  5977   003F4B                     CWG2DBR         equ	16203	;# 
  5978   003F4C                     CWG2DBF         equ	16204	;# 
  5979   003F4D                     CWG2CON0        equ	16205	;# 
  5980   003F4E                     CWG2CON1        equ	16206	;# 
  5981   003F4F                     CWG2AS0         equ	16207	;# 
  5982   003F50                     CWG2AS1         equ	16208	;# 
  5983   003F51                     CWG2STR         equ	16209	;# 
  5984   003F52                     CWG1CLK         equ	16210	;# 
  5985   003F52                     CWG1CLKCON      equ	16210	;# 
  5986   003F53                     CWG1ISM         equ	16211	;# 
  5987   003F54                     CWG1DBR         equ	16212	;# 
  5988   003F55                     CWG1DBF         equ	16213	;# 
  5989   003F56                     CWG1CON0        equ	16214	;# 
  5990   003F57                     CWG1CON1        equ	16215	;# 
  5991   003F58                     CWG1AS0         equ	16216	;# 
  5992   003F59                     CWG1AS1         equ	16217	;# 
  5993   003F5A                     CWG1STR         equ	16218	;# 
  5994   003F5E                     CCPTMRS0        equ	16222	;# 
  5995   003F5F                     CCPTMRS1        equ	16223	;# 
  5996   003F60                     PWM8DC          equ	16224	;# 
  5997   003F60                     PWM8DCL         equ	16224	;# 
  5998   003F61                     PWM8DCH         equ	16225	;# 
  5999   003F62                     PWM8CON         equ	16226	;# 
  6000   003F64                     PWM7DC          equ	16228	;# 
  6001   003F64                     PWM7DCL         equ	16228	;# 
  6002   003F65                     PWM7DCH         equ	16229	;# 
  6003   003F66                     PWM7CON         equ	16230	;# 
  6004   003F68                     PWM6DC          equ	16232	;# 
  6005   003F68                     PWM6DCL         equ	16232	;# 
  6006   003F69                     PWM6DCH         equ	16233	;# 
  6007   003F6A                     PWM6CON         equ	16234	;# 
  6008   003F6C                     PWM5DC          equ	16236	;# 
  6009   003F6C                     PWM5DCL         equ	16236	;# 
  6010   003F6D                     PWM5DCH         equ	16237	;# 
  6011   003F6E                     PWM5CON         equ	16238	;# 
  6012   003F70                     CCPR4           equ	16240	;# 
  6013   003F70                     CCPR4L          equ	16240	;# 
  6014   003F71                     CCPR4H          equ	16241	;# 
  6015   003F72                     CCP4CON         equ	16242	;# 
  6016   003F73                     CCP4CAP         equ	16243	;# 
  6017   003F74                     CCPR3           equ	16244	;# 
  6018   003F74                     CCPR3L          equ	16244	;# 
  6019   003F75                     CCPR3H          equ	16245	;# 
  6020   003F76                     CCP3CON         equ	16246	;# 
  6021   003F77                     CCP3CAP         equ	16247	;# 
  6022   003F78                     CCPR2           equ	16248	;# 
  6023   003F78                     CCPR2L          equ	16248	;# 
  6024   003F79                     CCPR2H          equ	16249	;# 
  6025   003F7A                     CCP2CON         equ	16250	;# 
  6026   003F7B                     CCP2CAP         equ	16251	;# 
  6027   003F7C                     CCPR1           equ	16252	;# 
  6028   003F7C                     CCPR1L          equ	16252	;# 
  6029   003F7D                     CCPR1H          equ	16253	;# 
  6030   003F7E                     CCP1CON         equ	16254	;# 
  6031   003F7F                     CCP1CAP         equ	16255	;# 
  6032   003F80                     RXB0CON         equ	16256	;# 
  6033   003F81                     RXB0SIDH        equ	16257	;# 
  6034   003F82                     RXB0SIDL        equ	16258	;# 
  6035   003F83                     RXB0EIDH        equ	16259	;# 
  6036   003F84                     RXB0EIDL        equ	16260	;# 
  6037   003F85                     RXB0DLC         equ	16261	;# 
  6038   003F86                     RXB0D0          equ	16262	;# 
  6039   003F87                     RXB0D1          equ	16263	;# 
  6040   003F88                     RXB0D2          equ	16264	;# 
  6041   003F89                     RXB0D3          equ	16265	;# 
  6042   003F8A                     RXB0D4          equ	16266	;# 
  6043   003F8B                     RXB0D5          equ	16267	;# 
  6044   003F8C                     RXB0D6          equ	16268	;# 
  6045   003F8D                     RXB0D7          equ	16269	;# 
  6046   003F8E                     CANSTAT         equ	16270	;# 
  6047   003F8F                     CANCON          equ	16271	;# 
  6048   003F90                     COMSTAT         equ	16272	;# 
  6049   003F91                     ECANCON         equ	16273	;# 
  6050   003F92                     T6TMR           equ	16274	;# 
  6051   003F92                     TMR6            equ	16274	;# 
  6052   003F93                     T6PR            equ	16275	;# 
  6053   003F93                     PR6             equ	16275	;# 
  6054   003F94                     T6CON           equ	16276	;# 
  6055   003F95                     T6HLT           equ	16277	;# 
  6056   003F96                     T6CLKCON        equ	16278	;# 
  6057   003F96                     T6CLK           equ	16278	;# 
  6058   003F97                     T6RST           equ	16279	;# 
  6059   003F98                     TMR5L           equ	16280	;# 
  6060   003F99                     TMR5H           equ	16281	;# 
  6061   003F9A                     T5CON           equ	16282	;# 
  6062   003F9A                     TMR5CON         equ	16282	;# 
  6063   003F9B                     T5GCON          equ	16283	;# 
  6064   003F9B                     TMR5GCON        equ	16283	;# 
  6065   003F9C                     T5GATE          equ	16284	;# 
  6066   003F9C                     TMR5GATE        equ	16284	;# 
  6067   003F9D                     T5CLK           equ	16285	;# 
  6068   003F9D                     TMR5CLK         equ	16285	;# 
  6069   003F9E                     T4TMR           equ	16286	;# 
  6070   003F9E                     TMR4            equ	16286	;# 
  6071   003F9F                     T4PR            equ	16287	;# 
  6072   003F9F                     PR4             equ	16287	;# 
  6073   003FA0                     T4CON           equ	16288	;# 
  6074   003FA1                     T4HLT           equ	16289	;# 
  6075   003FA2                     T4CLKCON        equ	16290	;# 
  6076   003FA2                     T4CLK           equ	16290	;# 
  6077   003FA3                     T4RST           equ	16291	;# 
  6078   003FA4                     TMR3L           equ	16292	;# 
  6079   003FA5                     TMR3H           equ	16293	;# 
  6080   003FA6                     T3CON           equ	16294	;# 
  6081   003FA6                     TMR3CON         equ	16294	;# 
  6082   003FA7                     T3GCON          equ	16295	;# 
  6083   003FA7                     TMR3GCON        equ	16295	;# 
  6084   003FA8                     T3GATE          equ	16296	;# 
  6085   003FA8                     TMR3GATE        equ	16296	;# 
  6086   003FA9                     T3CLK           equ	16297	;# 
  6087   003FA9                     TMR3CLK         equ	16297	;# 
  6088   003FAA                     T2TMR           equ	16298	;# 
  6089   003FAA                     TMR2            equ	16298	;# 
  6090   003FAB                     T2PR            equ	16299	;# 
  6091   003FAB                     PR2             equ	16299	;# 
  6092   003FAC                     T2CON           equ	16300	;# 
  6093   003FAD                     T2HLT           equ	16301	;# 
  6094   003FAE                     T2CLKCON        equ	16302	;# 
  6095   003FAE                     T2CLK           equ	16302	;# 
  6096   003FAF                     T2RST           equ	16303	;# 
  6097   003FB0                     TMR1L           equ	16304	;# 
  6098   003FB1                     TMR1H           equ	16305	;# 
  6099   003FB2                     T1CON           equ	16306	;# 
  6100   003FB2                     TMR1CON         equ	16306	;# 
  6101   003FB3                     T1GCON          equ	16307	;# 
  6102   003FB3                     TMR1GCON        equ	16307	;# 
  6103   003FB4                     T1GATE          equ	16308	;# 
  6104   003FB4                     TMR1GATE        equ	16308	;# 
  6105   003FB5                     T1CLK           equ	16309	;# 
  6106   003FB5                     TMR1CLK         equ	16309	;# 
  6107   003FB6                     TMR0L           equ	16310	;# 
  6108   003FB6                     TMR0            equ	16310	;# 
  6109   003FB7                     TMR0H           equ	16311	;# 
  6110   003FB7                     PR0             equ	16311	;# 
  6111   003FB8                     T0CON0          equ	16312	;# 
  6112   003FB9                     T0CON1          equ	16313	;# 
  6113   003FBA                     LATA            equ	16314	;# 
  6114   003FBB                     LATB            equ	16315	;# 
  6115   003FBC                     LATC            equ	16316	;# 
  6116   003FC2                     TRISA           equ	16322	;# 
  6117   003FC3                     TRISB           equ	16323	;# 
  6118   003FC4                     TRISC           equ	16324	;# 
  6119   003FCA                     PORTA           equ	16330	;# 
  6120   003FCB                     PORTB           equ	16331	;# 
  6121   003FCC                     PORTC           equ	16332	;# 
  6122   003FCE                     PORTE           equ	16334	;# 
  6123   003FD2                     INTCON0         equ	16338	;# 
  6124   003FD3                     INTCON1         equ	16339	;# 
  6125   003FD4                     IVTLOCK         equ	16340	;# 
  6126   003FD5                     IVTBASE         equ	16341	;# 
  6127   003FD5                     IVTBASEL        equ	16341	;# 
  6128   003FD6                     IVTBASEH        equ	16342	;# 
  6129   003FD7                     IVTBASEU        equ	16343	;# 
  6130   003FD8                     STATUS          equ	16344	;# 
  6131   003FD9                     FSR2            equ	16345	;# 
  6132   003FD9                     FSR2L           equ	16345	;# 
  6133   003FDA                     FSR2H           equ	16346	;# 
  6134   003FDB                     PLUSW2          equ	16347	;# 
  6135   003FDC                     PREINC2         equ	16348	;# 
  6136   003FDD                     POSTDEC2        equ	16349	;# 
  6137   003FDE                     POSTINC2        equ	16350	;# 
  6138   003FDF                     INDF2           equ	16351	;# 
  6139   003FE0                     BSR             equ	16352	;# 
  6140   003FE1                     FSR1            equ	16353	;# 
  6141   003FE1                     FSR1L           equ	16353	;# 
  6142   003FE2                     FSR1H           equ	16354	;# 
  6143   003FE3                     PLUSW1          equ	16355	;# 
  6144   003FE4                     PREINC1         equ	16356	;# 
  6145   003FE5                     POSTDEC1        equ	16357	;# 
  6146   003FE6                     POSTINC1        equ	16358	;# 
  6147   003FE7                     INDF1           equ	16359	;# 
  6148   003FE8                     WREG            equ	16360	;# 
  6149   003FE9                     FSR0            equ	16361	;# 
  6150   003FE9                     FSR0L           equ	16361	;# 
  6151   003FEA                     FSR0H           equ	16362	;# 
  6152   003FEB                     PLUSW0          equ	16363	;# 
  6153   003FEC                     PREINC0         equ	16364	;# 
  6154   003FED                     POSTDEC0        equ	16365	;# 
  6155   003FEE                     POSTINC0        equ	16366	;# 
  6156   003FEF                     INDF0           equ	16367	;# 
  6157   003FF0                     PCON0           equ	16368	;# 
  6158   003FF1                     PCON1           equ	16369	;# 
  6159   003FF3                     PROD            equ	16371	;# 
  6160   003FF3                     PRODL           equ	16371	;# 
  6161   003FF4                     PRODH           equ	16372	;# 
  6162   003FF5                     TABLAT          equ	16373	;# 
  6163   003FF6                     TBLPTR          equ	16374	;# 
  6164   003FF6                     TBLPTRL         equ	16374	;# 
  6165   003FF7                     TBLPTRH         equ	16375	;# 
  6166   003FF8                     TBLPTRU         equ	16376	;# 
  6167   003FF9                     PCLAT           equ	16377	;# 
  6168   003FF9                     PCL             equ	16377	;# 
  6169   003FFA                     PCLATH          equ	16378	;# 
  6170   003FFB                     PCLATU          equ	16379	;# 
  6171   003FFC                     STKPTR          equ	16380	;# 
  6172   003FFD                     TOS             equ	16381	;# 
  6173   003FFD                     TOSL            equ	16381	;# 
  6174   003FFE                     TOSH            equ	16382	;# 
  6175   003FFF                     TOSU            equ	16383	;# 
  6176                           
  6177                           	psect	idataBANK0
  6178   001DDC                     __pidataBANK0:
  6179                           	callstack 0
  6180                           
  6181                           ;initializer for RXB0InterruptHandler@main$F1340@F23014
  6182   001DDC  86                 	db	134
  6183   001DDD  3F                 	db	63
  6184   001DDE  87                 	db	135
  6185   001DDF  3F                 	db	63
  6186   001DE0  88                 	db	136
  6187   001DE1  3F                 	db	63
  6188   001DE2  89                 	db	137
  6189   001DE3  3F                 	db	63
  6190   001DE4  8A                 	db	138
  6191   001DE5  3F                 	db	63
  6192   001DE6  8B                 	db	139
  6193   001DE7  3F                 	db	63
  6194   001DE8  8C                 	db	140
  6195   001DE9  3F                 	db	63
  6196   001DEA  8D                 	db	141
  6197   001DEB  3F                 	db	63
  6198   0037FD                     _RXB1D7         set	14333
  6199   0037FC                     _RXB1D6         set	14332
  6200   0037FB                     _RXB1D5         set	14331
  6201   0037FA                     _RXB1D4         set	14330
  6202   0037F9                     _RXB1D3         set	14329
  6203   0037F8                     _RXB1D2         set	14328
  6204   0037F7                     _RXB1D1         set	14327
  6205   0037F6                     _RXB1D0         set	14326
  6206   0037F5                     _RXB1DLC        set	14325
  6207   0037F1                     _RXB1SIDH       set	14321
  6208   0037F4                     _RXB1EIDL       set	14324
  6209   0037F3                     _RXB1EIDH       set	14323
  6210   0037F2                     _RXB1SIDL       set	14322
  6211   0037F0                     _RXB1CONbits    set	14320
  6212   0037CD                     _TXB2D7         set	14285
  6213   0037CC                     _TXB2D6         set	14284
  6214   0037CB                     _TXB2D5         set	14283
  6215   0037CA                     _TXB2D4         set	14282
  6216   0037C9                     _TXB2D3         set	14281
  6217   0037C8                     _TXB2D2         set	14280
  6218   0037C7                     _TXB2D1         set	14279
  6219   0037C6                     _TXB2D0         set	14278
  6220   0037C5                     _TXB2DLC        set	14277
  6221   0037C2                     _TXB2SIDL       set	14274
  6222   0037C1                     _TXB2SIDH       set	14273
  6223   0037C4                     _TXB2EIDL       set	14276
  6224   0037C3                     _TXB2EIDH       set	14275
  6225   0037C0                     _TXB2CONbits    set	14272
  6226   0037DD                     _TXB1D7         set	14301
  6227   0037DC                     _TXB1D6         set	14300
  6228   0037DB                     _TXB1D5         set	14299
  6229   0037DA                     _TXB1D4         set	14298
  6230   0037D9                     _TXB1D3         set	14297
  6231   0037D8                     _TXB1D2         set	14296
  6232   0037D7                     _TXB1D1         set	14295
  6233   0037D6                     _TXB1D0         set	14294
  6234   0037D5                     _TXB1DLC        set	14293
  6235   0037D2                     _TXB1SIDL       set	14290
  6236   0037D1                     _TXB1SIDH       set	14289
  6237   0037D4                     _TXB1EIDL       set	14292
  6238   0037D3                     _TXB1EIDH       set	14291
  6239   0037D0                     _TXB1CONbits    set	14288
  6240   0037ED                     _TXB0D7         set	14317
  6241   0037EC                     _TXB0D6         set	14316
  6242   0037EB                     _TXB0D5         set	14315
  6243   0037EA                     _TXB0D4         set	14314
  6244   0037E9                     _TXB0D3         set	14313
  6245   0037E8                     _TXB0D2         set	14312
  6246   0037E7                     _TXB0D1         set	14311
  6247   0037E6                     _TXB0D0         set	14310
  6248   0037E5                     _TXB0DLC        set	14309
  6249   0037E2                     _TXB0SIDL       set	14306
  6250   0037E1                     _TXB0SIDH       set	14305
  6251   0037E4                     _TXB0EIDL       set	14308
  6252   0037E3                     _TXB0EIDH       set	14307
  6253   0037E0                     _TXB0CONbits    set	14304
  6254   003705                     _BRGCON3        set	14085
  6255   003704                     _BRGCON2        set	14084
  6256   003703                     _BRGCON1        set	14083
  6257   0037B5                     _RXF5SIDL       set	14261
  6258   0037B4                     _RXF5SIDH       set	14260
  6259   0037B7                     _RXF5EIDL       set	14263
  6260   0037B6                     _RXF5EIDH       set	14262
  6261   0037B1                     _RXF4SIDL       set	14257
  6262   0037B0                     _RXF4SIDH       set	14256
  6263   0037B3                     _RXF4EIDL       set	14259
  6264   0037B2                     _RXF4EIDH       set	14258
  6265   0037AD                     _RXF3SIDL       set	14253
  6266   0037AC                     _RXF3SIDH       set	14252
  6267   0037AF                     _RXF3EIDL       set	14255
  6268   0037AE                     _RXF3EIDH       set	14254
  6269   0037A9                     _RXF2SIDL       set	14249
  6270   0037A8                     _RXF2SIDH       set	14248
  6271   0037AB                     _RXF2EIDL       set	14251
  6272   0037AA                     _RXF2EIDH       set	14250
  6273   0037A5                     _RXF1SIDL       set	14245
  6274   0037A4                     _RXF1SIDH       set	14244
  6275   0037A7                     _RXF1EIDL       set	14247
  6276   0037A6                     _RXF1EIDH       set	14246
  6277   0037A1                     _RXF0SIDL       set	14241
  6278   0037A0                     _RXF0SIDH       set	14240
  6279   0037A3                     _RXF0EIDL       set	14243
  6280   0037A2                     _RXF0EIDH       set	14242
  6281   0037BD                     _RXM1SIDL       set	14269
  6282   0037BC                     _RXM1SIDH       set	14268
  6283   0037BF                     _RXM1EIDL       set	14271
  6284   0037BE                     _RXM1EIDH       set	14270
  6285   0037B9                     _RXM0SIDL       set	14265
  6286   0037B8                     _RXM0SIDH       set	14264
  6287   0037BB                     _RXM0EIDL       set	14267
  6288   0037BA                     _RXM0EIDH       set	14266
  6289   003700                     _CIOCON         set	14080
  6290   0039A3                     _PIR3bits       set	14755
  6291   0039A5                     _PIR5bits       set	14757
  6292   003995                     _PIE5bits       set	14741
  6293   003993                     _PIE3bits       set	14739
  6294   0039C7                     _PMD7           set	14791
  6295   0039C6                     _PMD6           set	14790
  6296   0039C5                     _PMD5           set	14789
  6297   0039C4                     _PMD4           set	14788
  6298   0039C3                     _PMD3           set	14787
  6299   0039C2                     _PMD2           set	14786
  6300   0039C1                     _PMD1           set	14785
  6301   0039C0                     _PMD0           set	14784
  6302   0039DE                     _OSCTUNE        set	14814
  6303   0039DF                     _OSCFRQ         set	14815
  6304   0039DD                     _OSCEN          set	14813
  6305   0039DB                     _OSCCON3        set	14811
  6306   0039D9                     _OSCCON1        set	14809
  6307   01CEE0                     _PLLR           set	118496
  6308   003AE7                     _U1RXPPS        set	15079
  6309   003AED                     _CANRXPPS       set	15085
  6310   003A0A                     _RB2PPS         set	14858
  6311   003A08                     _RB0PPS         set	14856
  6312   003A84                     _INLVLE         set	14980
  6313   003A64                     _INLVLC         set	14948
  6314   003A54                     _INLVLB         set	14932
  6315   003A44                     _INLVLA         set	14916
  6316   003A63                     _SLRCONC        set	14947
  6317   003A53                     _SLRCONB        set	14931
  6318   003A43                     _SLRCONA        set	14915
  6319   003A62                     _ODCONC         set	14946
  6320   003A52                     _ODCONB         set	14930
  6321   003A42                     _ODCONA         set	14914
  6322   003A61                     _WPUC           set	14945
  6323   003A41                     _WPUA           set	14913
  6324   003A51                     _WPUB           set	14929
  6325   003A81                     _WPUE           set	14977
  6326   003A40                     _ANSELA         set	14912
  6327   003A50                     _ANSELB         set	14928
  6328   003A60                     _ANSELC         set	14944
  6329   003DE8                     _U1RXB          set	15848
  6330   003DEA                     _U1TXB          set	15850
  6331   003DF9                     _U1ERRIRbits    set	15865
  6332   003DFA                     _U1ERRIE        set	15866
  6333   003DF9                     _U1ERRIR        set	15865
  6334   003DF8                     _U1UIR          set	15864
  6335   003DF7                     _U1FIFO         set	15863
  6336   003DF6                     _U1BRGH         set	15862
  6337   003DF5                     _U1BRGL         set	15861
  6338   003DF4                     _U1CON2         set	15860
  6339   003DF3                     _U1CON1         set	15859
  6340   003DF2                     _U1CON0         set	15858
  6341   003DF1                     _U1P3H          set	15857
  6342   003DF0                     _U1P3L          set	15856
  6343   003DEF                     _U1P2H          set	15855
  6344   003DEE                     _U1P2L          set	15854
  6345   003DED                     _U1P1H          set	15853
  6346   003DEC                     _U1P1L          set	15852
  6347   003F90                     _COMSTAT        set	16272
  6348   003FBB                     _LATBbits       set	16315
  6349   003F90                     _COMSTATbits    set	16272
  6350   003F85                     _RXB0DLC        set	16261
  6351   003F81                     _RXB0SIDH       set	16257
  6352   003F84                     _RXB0EIDL       set	16260
  6353   003F83                     _RXB0EIDH       set	16259
  6354   003F82                     _RXB0SIDL       set	16258
  6355   003F80                     _RXB0CONbits    set	16256
  6356   003F91                     _ECANCON        set	16273
  6357   003F8E                     _CANSTAT        set	16270
  6358   003F8F                     _CANCON         set	16271
  6359   003FD2                     _INTCON0bits    set	16338
  6360   003FC4                     _TRISC          set	16324
  6361   003FC3                     _TRISB          set	16323
  6362   003FC2                     _TRISA          set	16322
  6363   003FBC                     _LATC           set	16316
  6364   003FBB                     _LATB           set	16315
  6365   003FBA                     _LATA           set	16314
  6366   003F8D                     _RXB0D7         set	16269
  6367   003F8C                     _RXB0D6         set	16268
  6368   003F8B                     _RXB0D5         set	16267
  6369   003F8A                     _RXB0D4         set	16266
  6370   003F89                     _RXB0D3         set	16265
  6371   003F88                     _RXB0D2         set	16264
  6372   003F87                     _RXB0D1         set	16263
  6373   003F86                     _RXB0D0         set	16262
  6374                           
  6375                           ; #config settings
  6376                           
  6377                           	psect	cinit
  6378   001B94                     __pcinit:
  6379                           	callstack 0
  6380   001B94                     start_initialization:
  6381                           	callstack 0
  6382   001B94                     __initialization:
  6383                           	callstack 0
  6384                           
  6385                           ; Initialize objects allocated to BANK0 (16 bytes)
  6386                           ; load TBLPTR registers with __pidataBANK0
  6387   001B94  0EDC               	movlw	low __pidataBANK0
  6388   001B96  6EF6               	movwf	tblptrl,c
  6389   001B98  0E1D               	movlw	high __pidataBANK0
  6390   001B9A  6EF7               	movwf	tblptrh,c
  6391   001B9C  0E00               	movlw	low (__pidataBANK0 shr (0+16))
  6392   001B9E  6EF8               	movwf	tblptru,c
  6393   001BA0  EE00  F090         	lfsr	0,__pdataBANK0
  6394   001BA4  EE10 F010          	lfsr	1,16
  6395   001BA8                     copy_data0:
  6396   001BA8  0009               	tblrd		*+
  6397   001BAA  006F FFD7 FFEE     	movff	tablat,postinc0
  6398   001BB0  50E5               	movf	postdec1,w,c
  6399   001BB2  50E1               	movf	fsr1l,w,c
  6400   001BB4  E1F9               	bnz	copy_data0
  6401                           
  6402                           ; Clear objects allocated to BIGRAM (1400 bytes)
  6403   001BB6  EE00  F0A0         	lfsr	0,__pbssBIGRAM
  6404   001BBA  EE11 F178          	lfsr	1,1400
  6405   001BBE                     clear_0:
  6406   001BBE  6AEE               	clrf	postinc0,c
  6407   001BC0  50E5               	movf	postdec1,w,c
  6408   001BC2  50E1               	movf	fsr1l,w,c
  6409   001BC4  E1FC               	bnz	clear_0
  6410   001BC6  50E2               	movf	fsr1h,w,c
  6411   001BC8  E1FA               	bnz	clear_0
  6412                           
  6413                           ; Clear objects allocated to BANK0 (22 bytes)
  6414   001BCA  EE00  F07A         	lfsr	0,__pbssBANK0
  6415   001BCE  0E16               	movlw	22
  6416   001BD0                     clear_1:
  6417   001BD0  6AEE               	clrf	postinc0,c
  6418   001BD2  06E8               	decf	wreg,f,c
  6419   001BD4  E1FD               	bnz	clear_1
  6420                           
  6421                           ; Clear objects allocated to COMRAM (44 bytes)
  6422   001BD6  EE00  F001         	lfsr	0,__pbssCOMRAM
  6423   001BDA  0E2C               	movlw	44
  6424   001BDC                     clear_2:
  6425   001BDC  6AEE               	clrf	postinc0,c
  6426   001BDE  06E8               	decf	wreg,f,c
  6427   001BE0  E1FD               	bnz	clear_2
  6428                           
  6429                           ;
  6430                           ; Setup IVTBASE
  6431                           ;
  6432   003FD5                     IVTBASEL        equ	16341
  6433   003FD6                     IVTBASEH        equ	16342
  6434   003FD7                     IVTBASEU        equ	16343
  6435   001BE2  0E08               	movlw	(ivt0x8_base shr 0)& (0+255)
  6436   001BE4  6ED5               	movwf	213,c
  6437   001BE6  0E00               	movlw	(ivt0x8_base shr (0+8))& (0+255)
  6438   001BE8  6ED6               	movwf	214,c
  6439   001BEA  0E00               	movlw	(ivt0x8_base shr (0+16))& (0+255)
  6440   001BEC  6ED7               	movwf	215,c
  6441   001BEE                     end_of_initialization:
  6442                           	callstack 0
  6443   001BEE                     __end_of__initialization:
  6444                           	callstack 0
  6445   001BEE  0E00               	movlw	low (__Lmediumconst shr (0+16))
  6446   001BF0  6EF8               	movwf	tblptru,c
  6447   001BF2  0100               	movlb	0
  6448   001BF4  EFEE  F00B         	goto	_main	;jump to C main() function
  6449                           
  6450                           	psect	bssCOMRAM
  6451   000001                     __pbssCOMRAM:
  6452                           	callstack 0
  6453   000001                     _uart1RxStatusBuffer:
  6454                           	callstack 0
  6455   000001                     	ds	8
  6456   000009                     _uart1TxBuffer:
  6457                           	callstack 0
  6458   000009                     	ds	8
  6459   000011                     _buf_length:
  6460                           	callstack 0
  6461   000011                     	ds	2
  6462   000013                     _bot_pointer:
  6463                           	callstack 0
  6464   000013                     	ds	2
  6465   000015                     _top_pointer:
  6466                           	callstack 0
  6467   000015                     	ds	2
  6468   000017                     _RXB0InterruptHandler:
  6469                           	callstack 0
  6470   000017                     	ds	2
  6471   000019                     _UART1_ErrorHandler:
  6472                           	callstack 0
  6473   000019                     	ds	2
  6474   00001B                     _UART1_OverrunErrorHandler:
  6475                           	callstack 0
  6476   00001B                     	ds	2
  6477   00001D                     _UART1_FramingErrorHandler:
  6478                           	callstack 0
  6479   00001D                     	ds	2
  6480   00001F                     _UART1_TxInterruptHandler:
  6481                           	callstack 0
  6482   00001F                     	ds	2
  6483   000021                     _UART1_RxInterruptHandler:
  6484                           	callstack 0
  6485   000021                     	ds	2
  6486   000023                     ECAN_buffer_add@counter:
  6487                           	callstack 0
  6488   000023                     	ds	1
  6489   000024                     ECAN_buffer_add@frame_state:
  6490                           	callstack 0
  6491   000024                     	ds	1
  6492   000025                     _status:
  6493                           	callstack 0
  6494   000025                     	ds	1
  6495   000026                     _uart1RxLastError:
  6496                           	callstack 0
  6497   000026                     	ds	1
  6498   000027                     _uart1RxCount:
  6499                           	callstack 0
  6500   000027                     	ds	1
  6501   000028                     _uart1RxTail:
  6502                           	callstack 0
  6503   000028                     	ds	1
  6504   000029                     _uart1RxHead:
  6505                           	callstack 0
  6506   000029                     	ds	1
  6507   00002A                     _uart1TxBufferRemaining:
  6508                           	callstack 0
  6509   00002A                     	ds	1
  6510   00002B                     _uart1TxTail:
  6511                           	callstack 0
  6512   00002B                     	ds	1
  6513   00002C                     _uart1TxHead:
  6514                           	callstack 0
  6515   00002C                     	ds	1
  6516                           
  6517                           	psect	bssBANK0
  6518   00007A                     __pbssBANK0:
  6519                           	callstack 0
  6520   00007A                     _uart1RxBuffer:
  6521                           	callstack 0
  6522   00007A                     	ds	8
  6523   000082                     ECAN_buffer_add@message:
  6524                           	callstack 0
  6525   000082                     	ds	14
  6526                           
  6527                           	psect	dataBANK0
  6528   000090                     __pdataBANK0:
  6529                           	callstack 0
  6530   000090                     RXB0InterruptHandler@main$F1340@F23014:
  6531                           	callstack 0
  6532   000090                     	ds	16
  6533                           
  6534                           	psect	bssBIGRAM
  6535   0000A0                     __pbssBIGRAM:
  6536                           	callstack 0
  6537   0000A0                     _circular_buffer:
  6538                           	callstack 0
  6539   0000A0                     	ds	1400
  6540                           
  6541                           	psect	cstackBANK0
  6542   000060                     __pcstackBANK0:
  6543                           	callstack 0
  6544   000060                     UART1_Read@readValue:
  6545                           	callstack 0
  6546   000060                     UART1_Write@txData:
  6547                           	callstack 0
  6548   000060                     UART1_SetFramingErrorHandler@interruptHandler:
  6549                           	callstack 0
  6550   000060                     UART1_SetOverrunErrorHandler@interruptHandler:
  6551                           	callstack 0
  6552   000060                     UART1_SetErrorHandler@interruptHandler:
  6553                           	callstack 0
  6554   000060                     UART1_SetRxInterruptHandler@InterruptHandler:
  6555                           	callstack 0
  6556   000060                     UART1_SetTxInterruptHandler@InterruptHandler:
  6557                           	callstack 0
  6558   000060                     ECAN_SetRXB0InterruptHandler@handler:
  6559                           	callstack 0
  6560   000060                     convertCANid2Reg@tempPassedInID:
  6561                           	callstack 0
  6562   000060                     
  6563                           ; 1 bytes @ 0x0
  6564   000060                     	ds	2
  6565   000062                     
  6566                           ; 1 bytes @ 0x2
  6567   000062                     	ds	2
  6568   000064                     convertCANid2Reg@canIdType:
  6569                           	callstack 0
  6570                           
  6571                           ; 1 bytes @ 0x4
  6572   000064                     	ds	1
  6573   000065                     convertCANid2Reg@passedInEIDH:
  6574                           	callstack 0
  6575                           
  6576                           ; 1 bytes @ 0x5
  6577   000065                     	ds	1
  6578   000066                     convertCANid2Reg@passedInEIDL:
  6579                           	callstack 0
  6580                           
  6581                           ; 1 bytes @ 0x6
  6582   000066                     	ds	1
  6583   000067                     convertCANid2Reg@passedInSIDH:
  6584                           	callstack 0
  6585                           
  6586                           ; 1 bytes @ 0x7
  6587   000067                     	ds	1
  6588   000068                     convertCANid2Reg@passedInSIDL:
  6589                           	callstack 0
  6590                           
  6591                           ; 1 bytes @ 0x8
  6592   000068                     	ds	1
  6593   000069                     ??_convertCANid2Reg:
  6594                           
  6595                           ; 1 bytes @ 0x9
  6596   000069                     	ds	4
  6597   00006D                     convertCANid2Reg@wipSIDL:
  6598                           	callstack 0
  6599                           
  6600                           ; 1 bytes @ 0xD
  6601   00006D                     	ds	1
  6602   00006E                     CAN_transmit@tempCanMsg:
  6603                           	callstack 0
  6604                           
  6605                           ; 1 bytes @ 0xE
  6606   00006E                     	ds	1
  6607   00006F                     CAN_transmit@tempEIDH:
  6608                           	callstack 0
  6609   00006F                     
  6610                           ; 1 bytes @ 0xF
  6611   00006F                     	ds	1
  6612   000070                     CAN_transmit@tempEIDL:
  6613                           	callstack 0
  6614                           
  6615                           ; 1 bytes @ 0x10
  6616   000070                     	ds	1
  6617   000071                     CAN_transmit@tempSIDH:
  6618                           	callstack 0
  6619                           
  6620                           ; 1 bytes @ 0x11
  6621   000071                     	ds	1
  6622   000072                     CAN_transmit@tempSIDL:
  6623                           	callstack 0
  6624                           
  6625                           ; 1 bytes @ 0x12
  6626   000072                     	ds	1
  6627   000073                     ??_ECAN_buffer_add:
  6628                           
  6629                           ; 1 bytes @ 0x13
  6630   000073                     	ds	5
  6631   000078                     ??_main:
  6632                           
  6633                           ; 1 bytes @ 0x18
  6634   000078                     	ds	2
  6635                           
  6636                           	psect	cstackCOMRAM
  6637   00002D                     __pcstackCOMRAM:
  6638                           	callstack 0
  6639   00002D                     serial_buffer_add@buffer_ptr:
  6640                           	callstack 0
  6641   00002D                     
  6642                           ; 1 bytes @ 0x0
  6643   00002D                     	ds	1
  6644   00002E                     serial_buffer_add@length:
  6645                           	callstack 0
  6646                           
  6647                           ; 1 bytes @ 0x1
  6648   00002E                     	ds	1
  6649   00002F                     ??_serial_buffer_add:
  6650                           
  6651                           ; 1 bytes @ 0x2
  6652   00002F                     	ds	2
  6653   000031                     serial_buffer_add@counter:
  6654                           	callstack 0
  6655                           
  6656                           ; 1 bytes @ 0x4
  6657   000031                     	ds	1
  6658   000032                     ??_RXB0InterruptHandler@main$F1340:
  6659                           
  6660                           ; 1 bytes @ 0x5
  6661   000032                     	ds	4
  6662   000036                     RXB0InterruptHandler@main$F1340@data:
  6663                           	callstack 0
  6664                           
  6665                           ; 16 bytes @ 0x9
  6666   000036                     	ds	16
  6667   000046                     RXB0InterruptHandler@main$F1340@buffer:
  6668                           	callstack 0
  6669                           
  6670                           ; 14 bytes @ 0x19
  6671   000046                     	ds	14
  6672   000054                     RXB0InterruptHandler@main$F1340@identificator:
  6673                           	callstack 0
  6674                           
  6675                           ; 2 bytes @ 0x27
  6676   000054                     	ds	2
  6677   000056                     RXB0InterruptHandler@main$F1340@counter:
  6678                           	callstack 0
  6679                           
  6680                           ; 1 bytes @ 0x29
  6681   000056                     	ds	1
  6682   000057                     ??_INTERRUPT_InterruptManager:
  6683                           
  6684                           ; 1 bytes @ 0x2A
  6685   000057                     	ds	2
  6686                           
  6687 ;;
  6688 ;;Main: autosize = 0, tempsize = 2, incstack = 0, save=0
  6689 ;;
  6690 ;; *************** function _main *****************
  6691 ;; Defined at:
  6692 ;;		line 288 in file "main.c"
  6693 ;; Parameters:    Size  Location     Type
  6694 ;;		None
  6695 ;; Auto vars:     Size  Location     Type
  6696 ;;		None
  6697 ;; Return value:  Size  Location     Type
  6698 ;;                  1    wreg      void 
  6699 ;; Registers used:
  6700 ;;		wreg, fsr2l, fsr2h, status,2, status,0, cstack
  6701 ;; Tracked objects:
  6702 ;;		On entry : 0/0
  6703 ;;		On exit  : 0/0
  6704 ;;		Unchanged: 0/0
  6705 ;; Data sizes:     COMRAM   BANK0   BANK1   BANK2   BANK3   BANK4   BANK5   BANK6   BANK7   BANK8   BANK9  BANK10  BANK1
      +1  BANK12  BANK13  BANK14  BANK15
  6706 ;;      Params:         0       0       0       0       0       0       0       0       0       0       0       0       
      +0       0       0       0       0
  6707 ;;      Locals:         0       0       0       0       0       0       0       0       0       0       0       0       
      +0       0       0       0       0
  6708 ;;      Temps:          0       2       0       0       0       0       0       0       0       0       0       0       
      +0       0       0       0       0
  6709 ;;      Totals:         0       2       0       0       0       0       0       0       0       0       0       0       
      +0       0       0       0       0
  6710 ;;Total ram usage:        2 bytes
  6711 ;; Hardware stack levels required when called: 7
  6712 ;; This function calls:
  6713 ;;		_ECAN_Initialize_user
  6714 ;;		_ECAN_buffer_add
  6715 ;;		_SYSTEM_Initialize
  6716 ;;		_UART1_Write
  6717 ;;		_UART1_is_tx_ready
  6718 ;; This function is called by:
  6719 ;;		Startup code after reset
  6720 ;; This function uses a non-reentrant model
  6721 ;;
  6722                           
  6723                           	psect	text0
  6724   0017DC                     __ptext0:
  6725                           	callstack 0
  6726   0017DC                     _main:
  6727                           	callstack 24
  6728   0017DC                     
  6729                           ;main.c: 291:     SYSTEM_Initialize();
  6730   0017DC  ECCE  F00E         	call	_SYSTEM_Initialize	;wreg free
  6731                           
  6732                           ;main.c: 292:     ECAN_Initialize_user();
  6733   0017E0  ECF0  F00C         	call	_ECAN_Initialize_user	;wreg free
  6734   0017E4                     
  6735                           ;main.c: 300:     (INTCON0bits.GIE = 1);
  6736   0017E4  8ED2               	bsf	210,7,c	;volatile
  6737   0017E6                     l3154:
  6738                           
  6739                           ;main.c: 306:     {;main.c: 309:         _delay((unsigned long)((50)*(64000000/4000.0)))
      +                          ;
  6740   0017E6  0E05               	movlw	5
  6741   0017E8  0100               	movlb	0	; () banked
  6742   0017EA  6F79               	movwf	(??_main+1)& (0+255),b
  6743   0017EC  0E0F               	movlw	15
  6744   0017EE  6F78               	movwf	??_main& (0+255),b
  6745   0017F0  0EF1               	movlw	241
  6746   0017F2                     u1807:
  6747   0017F2  2EE8               	decfsz	wreg,f,c
  6748   0017F4  D7FE               	bra	u1807
  6749   0017F6  2F78               	decfsz	??_main& (0+255),f,b
  6750   0017F8  D7FC               	bra	u1807
  6751   0017FA  2F79               	decfsz	(??_main+1)& (0+255),f,b
  6752   0017FC  D7FA               	bra	u1807
  6753   0017FE                     
  6754                           ;main.c: 310:         ECAN_buffer_add();
  6755   0017FE  ECA0  F009         	call	_ECAN_buffer_add	;wreg free
  6756   001802                     l3158:
  6757   001802  ECC3  F00E         	call	_UART1_is_tx_ready	;wreg free
  6758   001806  0900               	iorlw	0
  6759   001808  B4D8               	btfsc	status,2,c
  6760   00180A  EF09  F00C         	goto	u1761
  6761   00180E  EF0B  F00C         	goto	u1760
  6762   001812                     u1761:
  6763   001812  EF01  F00C         	goto	l3158
  6764   001816                     u1760:
  6765   001816  EF39  F00C         	goto	l818
  6766   00181A                     l3160:
  6767   00181A  ECC3  F00E         	call	_UART1_is_tx_ready	;wreg free
  6768   00181E  0900               	iorlw	0
  6769   001820  B4D8               	btfsc	status,2,c
  6770   001822  EF15  F00C         	goto	u1771
  6771   001826  EF17  F00C         	goto	u1770
  6772   00182A                     u1771:
  6773   00182A  EF0D  F00C         	goto	l3160
  6774   00182E                     u1770:
  6775   00182E                     
  6776                           ;main.c: 317:             UART1_Write(circular_buffer[bot_pointer]);
  6777   00182E  0EA0               	movlw	low _circular_buffer
  6778   001830  2413               	addwf	_bot_pointer^0,w,c
  6779   001832  6ED9               	movwf	fsr2l,c
  6780   001834  0E00               	movlw	high _circular_buffer
  6781   001836  2014               	addwfc	(_bot_pointer+1)^0,w,c
  6782   001838  6EDA               	movwf	fsr2h,c
  6783   00183A  50DF               	movf	indf2,w,c
  6784   00183C  ECFC  F00D         	call	_UART1_Write
  6785   001840                     
  6786                           ;main.c: 318:             buf_length--;
  6787   001840  0611               	decf	_buf_length^0,f,c
  6788   001842  A0D8               	btfss	status,0,c
  6789   001844  0612               	decf	(_buf_length+1)^0,f,c
  6790   001846                     
  6791                           ;main.c: 319:             bot_pointer = (bot_pointer<14*100) ? bot_pointer+1 : 0;
  6792   001846  0E78               	movlw	120
  6793   001848  5C13               	subwf	_bot_pointer^0,w,c
  6794   00184A  0E05               	movlw	5
  6795   00184C  5814               	subwfb	(_bot_pointer+1)^0,w,c
  6796   00184E  A0D8               	btfss	status,0,c
  6797   001850  EF2C  F00C         	goto	u1781
  6798   001854  EF2E  F00C         	goto	u1780
  6799   001858                     u1781:
  6800   001858  EF33  F00C         	goto	l3170
  6801   00185C                     u1780:
  6802   00185C  6A14               	clrf	(_bot_pointer+1)^0,c
  6803   00185E  0E00               	movlw	0
  6804   001860  6E13               	movwf	_bot_pointer^0,c
  6805   001862  EF39  F00C         	goto	l818
  6806   001866                     l3170:
  6807   001866  0E01               	movlw	1
  6808   001868  2413               	addwf	_bot_pointer^0,w,c
  6809   00186A  6E13               	movwf	_bot_pointer^0,c
  6810   00186C  0E00               	movlw	0
  6811   00186E  2014               	addwfc	(_bot_pointer+1)^0,w,c
  6812   001870  6E14               	movwf	(_bot_pointer+1)^0,c
  6813   001872                     l818:
  6814                           
  6815                           ;main.c: 314:         while(buf_length>0)
  6816   001872  5011               	movf	_buf_length^0,w,c
  6817   001874  1012               	iorwf	(_buf_length+1)^0,w,c
  6818   001876  A4D8               	btfss	status,2,c
  6819   001878  EF40  F00C         	goto	u1791
  6820   00187C  EF42  F00C         	goto	u1790
  6821   001880                     u1791:
  6822   001880  EF0D  F00C         	goto	l3160
  6823   001884                     u1790:
  6824   001884  EFF3  F00B         	goto	l3154
  6825   001888  EF0D  F000         	goto	start
  6826   00188C                     __end_of_main:
  6827                           	callstack 0
  6828                           
  6829 ;; *************** function _UART1_is_tx_ready *****************
  6830 ;; Defined at:
  6831 ;;		line 165 in file "mcc_generated_files/uart1.c"
  6832 ;; Parameters:    Size  Location     Type
  6833 ;;		None
  6834 ;; Auto vars:     Size  Location     Type
  6835 ;;		None
  6836 ;; Return value:  Size  Location     Type
  6837 ;;                  1    wreg      _Bool 
  6838 ;; Registers used:
  6839 ;;		wreg, status,2
  6840 ;; Tracked objects:
  6841 ;;		On entry : 0/0
  6842 ;;		On exit  : 0/0
  6843 ;;		Unchanged: 0/0
  6844 ;; Data sizes:     COMRAM   BANK0   BANK1   BANK2   BANK3   BANK4   BANK5   BANK6   BANK7   BANK8   BANK9  BANK10  BANK1
      +1  BANK12  BANK13  BANK14  BANK15
  6845 ;;      Params:         0       0       0       0       0       0       0       0       0       0       0       0       
      +0       0       0       0       0
  6846 ;;      Locals:         0       0       0       0       0       0       0       0       0       0       0       0       
      +0       0       0       0       0
  6847 ;;      Temps:          0       0       0       0       0       0       0       0       0       0       0       0       
      +0       0       0       0       0
  6848 ;;      Totals:         0       0       0       0       0       0       0       0       0       0       0       0       
      +0       0       0       0       0
  6849 ;;Total ram usage:        0 bytes
  6850 ;; Hardware stack levels used: 1
  6851 ;; Hardware stack levels required when called: 4
  6852 ;; This function calls:
  6853 ;;		Nothing
  6854 ;; This function is called by:
  6855 ;;		_main
  6856 ;; This function uses a non-reentrant model
  6857 ;;
  6858                           
  6859                           	psect	text1
  6860   001D86                     __ptext1:
  6861                           	callstack 0
  6862   001D86                     _UART1_is_tx_ready:
  6863                           	callstack 26
  6864   001D86                     
  6865                           ;mcc_generated_files/uart1.c: 167:     return (uart1TxBufferRemaining ? 1 : 0);
  6866   001D86  502A               	movf	_uart1TxBufferRemaining^0,w,c	;volatile
  6867   001D88  A4D8               	btfss	status,2,c
  6868   001D8A  EFC9  F00E         	goto	u191
  6869   001D8E  EFCC  F00E         	goto	u190
  6870   001D92                     u191:
  6871   001D92  0E01               	movlw	1
  6872   001D94  EFCD  F00E         	goto	u200
  6873   001D98                     u190:
  6874   001D98  0E00               	movlw	0
  6875   001D9A                     u200:
  6876   001D9A  0012               	return		;funcret
  6877   001D9C                     __end_of_UART1_is_tx_ready:
  6878                           	callstack 0
  6879                           
  6880 ;; *************** function _UART1_Write *****************
  6881 ;; Defined at:
  6882 ;;		line 201 in file "mcc_generated_files/uart1.c"
  6883 ;; Parameters:    Size  Location     Type
  6884 ;;  txData          1    wreg     unsigned char 
  6885 ;; Auto vars:     Size  Location     Type
  6886 ;;  txData          1    0[BANK0 ] unsigned char 
  6887 ;; Return value:  Size  Location     Type
  6888 ;;                  1    wreg      void 
  6889 ;; Registers used:
  6890 ;;		wreg, fsr2l, fsr2h, status,2, status,0
  6891 ;; Tracked objects:
  6892 ;;		On entry : 0/0
  6893 ;;		On exit  : 0/0
  6894 ;;		Unchanged: 0/0
  6895 ;; Data sizes:     COMRAM   BANK0   BANK1   BANK2   BANK3   BANK4   BANK5   BANK6   BANK7   BANK8   BANK9  BANK10  BANK1
      +1  BANK12  BANK13  BANK14  BANK15
  6896 ;;      Params:         0       0       0       0       0       0       0       0       0       0       0       0       
      +0       0       0       0       0
  6897 ;;      Locals:         0       1       0       0       0       0       0       0       0       0       0       0       
      +0       0       0       0       0
  6898 ;;      Temps:          0       0       0       0       0       0       0       0       0       0       0       0       
      +0       0       0       0       0
  6899 ;;      Totals:         0       1       0       0       0       0       0       0       0       0       0       0       
      +0       0       0       0       0
  6900 ;;Total ram usage:        1 bytes
  6901 ;; Hardware stack levels used: 1
  6902 ;; Hardware stack levels required when called: 4
  6903 ;; This function calls:
  6904 ;;		Nothing
  6905 ;; This function is called by:
  6906 ;;		_main
  6907 ;; This function uses a non-reentrant model
  6908 ;;
  6909                           
  6910                           	psect	text2
  6911   001BF8                     __ptext2:
  6912                           	callstack 0
  6913   001BF8                     _UART1_Write:
  6914                           	callstack 26
  6915                           
  6916                           ;incstack = 0
  6917                           ;UART1_Write@txData stored from wreg
  6918   001BF8  0100               	movlb	0	; () banked
  6919   001BFA  6F60               	movwf	UART1_Write@txData& (0+255),b
  6920   001BFC                     l3020:
  6921                           
  6922                           ;mcc_generated_files/uart1.c: 203:     while(0 == uart1TxBufferRemaining)
  6923   001BFC  502A               	movf	_uart1TxBufferRemaining^0,w,c	;volatile
  6924   001BFE  B4D8               	btfsc	status,2,c
  6925   001C00  EF04  F00E         	goto	u1491
  6926   001C04  EF06  F00E         	goto	u1490
  6927   001C08                     u1491:
  6928   001C08  EFFE  F00D         	goto	l3020
  6929   001C0C                     u1490:
  6930   001C0C                     
  6931                           ;mcc_generated_files/uart1.c: 207:     if(0 == PIE3bits.U1TXIE)
  6932   001C0C  0139               	movlb	57	; () banked
  6933   001C0E  B993               	btfsc	147,4,b	;volatile
  6934   001C10  EF0C  F00E         	goto	u1501
  6935   001C14  EF0E  F00E         	goto	u1500
  6936   001C18                     u1501:
  6937   001C18  EF13  F00E         	goto	l232
  6938   001C1C                     u1500:
  6939   001C1C                     
  6940                           ; BSR set to: 57
  6941                           ;mcc_generated_files/uart1.c: 208:     {;mcc_generated_files/uart1.c: 209:         U1TXB
      +                           = txData;
  6942   001C1C  0060  F183  FDEA   	movff	UART1_Write@txData,15850	;volatile
  6943                           
  6944                           ;mcc_generated_files/uart1.c: 210: }
  6945   001C22  EF26  F00E         	goto	l3034
  6946   001C26                     l232:
  6947                           
  6948                           ; BSR set to: 57
  6949                           ;mcc_generated_files/uart1.c: 212:     {;mcc_generated_files/uart1.c: 213:         PIE3b
      +                          its.U1TXIE = 0;
  6950   001C26  9993               	bcf	147,4,b	;volatile
  6951   001C28                     
  6952                           ; BSR set to: 57
  6953                           ;mcc_generated_files/uart1.c: 214:         uart1TxBuffer[uart1TxHead++] = txData;
  6954   001C28  502C               	movf	_uart1TxHead^0,w,c
  6955   001C2A  0F09               	addlw	low _uart1TxBuffer
  6956   001C2C  6ED9               	movwf	fsr2l,c
  6957   001C2E  6ADA               	clrf	fsr2h,c
  6958   001C30  0060  F183  FFDF   	movff	UART1_Write@txData,indf2
  6959   001C36                     
  6960                           ; BSR set to: 57
  6961   001C36  2A2C               	incf	_uart1TxHead^0,f,c	;volatile
  6962   001C38                     
  6963                           ; BSR set to: 57
  6964                           ;mcc_generated_files/uart1.c: 215:         if(sizeof(uart1TxBuffer) <= uart1TxHead)
  6965   001C38  0E07               	movlw	7
  6966   001C3A  642C               	cpfsgt	_uart1TxHead^0,c	;volatile
  6967   001C3C  EF22  F00E         	goto	u1511
  6968   001C40  EF24  F00E         	goto	u1510
  6969   001C44                     u1511:
  6970   001C44  EF25  F00E         	goto	l3032
  6971   001C48                     u1510:
  6972   001C48                     
  6973                           ; BSR set to: 57
  6974                           ;mcc_generated_files/uart1.c: 216:         {;mcc_generated_files/uart1.c: 217:          
      +                             uart1TxHead = 0;
  6975   001C48  6A2C               	clrf	_uart1TxHead^0,c	;volatile
  6976   001C4A                     l3032:
  6977                           
  6978                           ; BSR set to: 57
  6979                           ;mcc_generated_files/uart1.c: 219:         uart1TxBufferRemaining--;
  6980   001C4A  062A               	decf	_uart1TxBufferRemaining^0,f,c	;volatile
  6981   001C4C                     l3034:
  6982                           
  6983                           ; BSR set to: 57
  6984                           ;mcc_generated_files/uart1.c: 221:     PIE3bits.U1TXIE = 1;
  6985   001C4C  8993               	bsf	147,4,b	;volatile
  6986   001C4E                     
  6987                           ; BSR set to: 57
  6988   001C4E  0012               	return		;funcret
  6989   001C50                     __end_of_UART1_Write:
  6990                           	callstack 0
  6991                           
  6992 ;; *************** function _SYSTEM_Initialize *****************
  6993 ;; Defined at:
  6994 ;;		line 50 in file "mcc_generated_files/mcc.c"
  6995 ;; Parameters:    Size  Location     Type
  6996 ;;		None
  6997 ;; Auto vars:     Size  Location     Type
  6998 ;;		None
  6999 ;; Return value:  Size  Location     Type
  7000 ;;                  1    wreg      void 
  7001 ;; Registers used:
  7002 ;;		wreg, status,2, status,0, cstack
  7003 ;; Tracked objects:
  7004 ;;		On entry : 0/0
  7005 ;;		On exit  : 0/0
  7006 ;;		Unchanged: 0/0
  7007 ;; Data sizes:     COMRAM   BANK0   BANK1   BANK2   BANK3   BANK4   BANK5   BANK6   BANK7   BANK8   BANK9  BANK10  BANK1
      +1  BANK12  BANK13  BANK14  BANK15
  7008 ;;      Params:         0       0       0       0       0       0       0       0       0       0       0       0       
      +0       0       0       0       0
  7009 ;;      Locals:         0       0       0       0       0       0       0       0       0       0       0       0       
      +0       0       0       0       0
  7010 ;;      Temps:          0       0       0       0       0       0       0       0       0       0       0       0       
      +0       0       0       0       0
  7011 ;;      Totals:         0       0       0       0       0       0       0       0       0       0       0       0       
      +0       0       0       0       0
  7012 ;;Total ram usage:        0 bytes
  7013 ;; Hardware stack levels used: 1
  7014 ;; Hardware stack levels required when called: 6
  7015 ;; This function calls:
  7016 ;;		_INTERRUPT_Initialize
  7017 ;;		_OSCILLATOR_Initialize
  7018 ;;		_PIN_MANAGER_Initialize
  7019 ;;		_PMD_Initialize
  7020 ;;		_UART1_Initialize
  7021 ;; This function is called by:
  7022 ;;		_main
  7023 ;; This function uses a non-reentrant model
  7024 ;;
  7025                           
  7026                           	psect	text3
  7027   001D9C                     __ptext3:
  7028                           	callstack 0
  7029   001D9C                     _SYSTEM_Initialize:
  7030                           	callstack 24
  7031   001D9C                     
  7032                           ;mcc_generated_files/mcc.c: 52:     INTERRUPT_Initialize();
  7033   001D9C  EC17  F00F         	call	_INTERRUPT_Initialize	;wreg free
  7034                           
  7035                           ;mcc_generated_files/mcc.c: 53:     PMD_Initialize();
  7036   001DA0  ECE4  F00E         	call	_PMD_Initialize	;wreg free
  7037   001DA4                     
  7038                           ;mcc_generated_files/mcc.c: 54:     PIN_MANAGER_Initialize();
  7039   001DA4  EC4E  F00E         	call	_PIN_MANAGER_Initialize	;wreg free
  7040   001DA8                     
  7041                           ;mcc_generated_files/mcc.c: 55:     OSCILLATOR_Initialize();
  7042   001DA8  ECA4  F00E         	call	_OSCILLATOR_Initialize	;wreg free
  7043   001DAC                     
  7044                           ;mcc_generated_files/mcc.c: 56:     UART1_Initialize();
  7045   001DAC  EC85  F00D         	call	_UART1_Initialize	;wreg free
  7046   001DB0  0012               	return		;funcret
  7047   001DB2                     __end_of_SYSTEM_Initialize:
  7048                           	callstack 0
  7049                           
  7050 ;; *************** function _UART1_Initialize *****************
  7051 ;; Defined at:
  7052 ;;		line 86 in file "mcc_generated_files/uart1.c"
  7053 ;; Parameters:    Size  Location     Type
  7054 ;;		None
  7055 ;; Auto vars:     Size  Location     Type
  7056 ;;		None
  7057 ;; Return value:  Size  Location     Type
  7058 ;;                  1    wreg      void 
  7059 ;; Registers used:
  7060 ;;		wreg, status,2, status,0, cstack
  7061 ;; Tracked objects:
  7062 ;;		On entry : 0/0
  7063 ;;		On exit  : 0/0
  7064 ;;		Unchanged: 0/0
  7065 ;; Data sizes:     COMRAM   BANK0   BANK1   BANK2   BANK3   BANK4   BANK5   BANK6   BANK7   BANK8   BANK9  BANK10  BANK1
      +1  BANK12  BANK13  BANK14  BANK15
  7066 ;;      Params:         0       0       0       0       0       0       0       0       0       0       0       0       
      +0       0       0       0       0
  7067 ;;      Locals:         0       0       0       0       0       0       0       0       0       0       0       0       
      +0       0       0       0       0
  7068 ;;      Temps:          0       0       0       0       0       0       0       0       0       0       0       0       
      +0       0       0       0       0
  7069 ;;      Totals:         0       0       0       0       0       0       0       0       0       0       0       0       
      +0       0       0       0       0
  7070 ;;Total ram usage:        0 bytes
  7071 ;; Hardware stack levels used: 1
  7072 ;; Hardware stack levels required when called: 5
  7073 ;; This function calls:
  7074 ;;		_UART1_SetErrorHandler
  7075 ;;		_UART1_SetFramingErrorHandler
  7076 ;;		_UART1_SetOverrunErrorHandler
  7077 ;;		_UART1_SetRxInterruptHandler
  7078 ;;		_UART1_SetTxInterruptHandler
  7079 ;; This function is called by:
  7080 ;;		_SYSTEM_Initialize
  7081 ;; This function uses a non-reentrant model
  7082 ;;
  7083                           
  7084                           	psect	text4
  7085   001B0A                     __ptext4:
  7086                           	callstack 0
  7087   001B0A                     _UART1_Initialize:
  7088                           	callstack 24
  7089   001B0A                     
  7090                           ;mcc_generated_files/uart1.c: 89:     PIE3bits.U1RXIE = 0;
  7091   001B0A  0139               	movlb	57	; () banked
  7092   001B0C  9793               	bcf	147,3,b	;volatile
  7093   001B0E                     
  7094                           ; BSR set to: 57
  7095                           ;mcc_generated_files/uart1.c: 90:     UART1_SetRxInterruptHandler(UART1_Receive_ISR);
  7096   001B0E  0E38               	movlw	low _UART1_Receive_ISR
  7097   001B10  0100               	movlb	0	; () banked
  7098   001B12  6F60               	movwf	UART1_SetRxInterruptHandler@InterruptHandler& (0+255),b
  7099   001B14  0E19               	movlw	high _UART1_Receive_ISR
  7100   001B16  6F61               	movwf	(UART1_SetRxInterruptHandler@InterruptHandler+1)& (0+255),b
  7101   001B18  ECFB  F00E         	call	_UART1_SetRxInterruptHandler	;wreg free
  7102   001B1C                     
  7103                           ;mcc_generated_files/uart1.c: 91:     PIE3bits.U1TXIE = 0;
  7104   001B1C  0139               	movlb	57	; () banked
  7105   001B1E  9993               	bcf	147,4,b	;volatile
  7106                           
  7107                           ;mcc_generated_files/uart1.c: 92:     UART1_SetTxInterruptHandler(UART1_Transmit_ISR);
  7108   001B20  0EE4               	movlw	low _UART1_Transmit_ISR
  7109   001B22  0100               	movlb	0	; () banked
  7110   001B24  6F60               	movwf	UART1_SetTxInterruptHandler@InterruptHandler& (0+255),b
  7111   001B26  0E1C               	movlw	high _UART1_Transmit_ISR
  7112   001B28  6F61               	movwf	(UART1_SetTxInterruptHandler@InterruptHandler+1)& (0+255),b
  7113   001B2A  ECF6  F00E         	call	_UART1_SetTxInterruptHandler	;wreg free
  7114   001B2E                     
  7115                           ;mcc_generated_files/uart1.c: 97:     U1P1L = 0x00;
  7116   001B2E  013D               	movlb	61	; () banked
  7117   001B30  6BEC               	clrf	236,b	;volatile
  7118   001B32                     
  7119                           ; BSR set to: 61
  7120                           ;mcc_generated_files/uart1.c: 100:     U1P1H = 0x00;
  7121   001B32  6BED               	clrf	237,b	;volatile
  7122   001B34                     
  7123                           ; BSR set to: 61
  7124                           ;mcc_generated_files/uart1.c: 103:     U1P2L = 0x00;
  7125   001B34  6BEE               	clrf	238,b	;volatile
  7126   001B36                     
  7127                           ; BSR set to: 61
  7128                           ;mcc_generated_files/uart1.c: 106:     U1P2H = 0x00;
  7129   001B36  6BEF               	clrf	239,b	;volatile
  7130   001B38                     
  7131                           ; BSR set to: 61
  7132                           ;mcc_generated_files/uart1.c: 109:     U1P3L = 0x00;
  7133   001B38  6BF0               	clrf	240,b	;volatile
  7134   001B3A                     
  7135                           ; BSR set to: 61
  7136                           ;mcc_generated_files/uart1.c: 112:     U1P3H = 0x00;
  7137   001B3A  6BF1               	clrf	241,b	;volatile
  7138   001B3C                     
  7139                           ; BSR set to: 61
  7140                           ;mcc_generated_files/uart1.c: 115:     U1CON0 = 0xB0;
  7141   001B3C  0EB0               	movlw	176
  7142   001B3E  6FF2               	movwf	242,b	;volatile
  7143   001B40                     
  7144                           ; BSR set to: 61
  7145                           ;mcc_generated_files/uart1.c: 118:     U1CON1 = 0x80;
  7146   001B40  0E80               	movlw	128
  7147   001B42  6FF3               	movwf	243,b	;volatile
  7148   001B44                     
  7149                           ; BSR set to: 61
  7150                           ;mcc_generated_files/uart1.c: 121:     U1CON2 = 0x00;
  7151   001B44  6BF4               	clrf	244,b	;volatile
  7152   001B46                     
  7153                           ; BSR set to: 61
  7154                           ;mcc_generated_files/uart1.c: 124:     U1BRGL = 0x44;
  7155   001B46  0E44               	movlw	68
  7156   001B48  6FF5               	movwf	245,b	;volatile
  7157   001B4A                     
  7158                           ; BSR set to: 61
  7159                           ;mcc_generated_files/uart1.c: 127:     U1BRGH = 0x00;
  7160   001B4A  6BF6               	clrf	246,b	;volatile
  7161   001B4C                     
  7162                           ; BSR set to: 61
  7163                           ;mcc_generated_files/uart1.c: 130:     U1FIFO = 0x00;
  7164   001B4C  6BF7               	clrf	247,b	;volatile
  7165   001B4E                     
  7166                           ; BSR set to: 61
  7167                           ;mcc_generated_files/uart1.c: 133:     U1UIR = 0x00;
  7168   001B4E  6BF8               	clrf	248,b	;volatile
  7169   001B50                     
  7170                           ; BSR set to: 61
  7171                           ;mcc_generated_files/uart1.c: 136:     U1ERRIR = 0x00;
  7172   001B50  6BF9               	clrf	249,b	;volatile
  7173   001B52                     
  7174                           ; BSR set to: 61
  7175                           ;mcc_generated_files/uart1.c: 139:     U1ERRIE = 0x00;
  7176   001B52  6BFA               	clrf	250,b	;volatile
  7177   001B54                     
  7178                           ; BSR set to: 61
  7179                           ;mcc_generated_files/uart1.c: 142:     UART1_SetFramingErrorHandler(UART1_DefaultFraming
      +                          ErrorHandler);
  7180   001B54  0E34               	movlw	low _UART1_DefaultFramingErrorHandler
  7181   001B56  0100               	movlb	0	; () banked
  7182   001B58  6F60               	movwf	UART1_SetFramingErrorHandler@interruptHandler& (0+255),b
  7183   001B5A  0E1E               	movlw	high _UART1_DefaultFramingErrorHandler
  7184   001B5C  6F61               	movwf	(UART1_SetFramingErrorHandler@interruptHandler+1)& (0+255),b
  7185   001B5E  EC05  F00F         	call	_UART1_SetFramingErrorHandler	;wreg free
  7186   001B62                     
  7187                           ;mcc_generated_files/uart1.c: 143:     UART1_SetOverrunErrorHandler(UART1_DefaultOverrun
      +                          ErrorHandler);
  7188   001B62  0E32               	movlw	low _UART1_DefaultOverrunErrorHandler
  7189   001B64  0100               	movlb	0	; () banked
  7190   001B66  6F60               	movwf	UART1_SetOverrunErrorHandler@interruptHandler& (0+255),b
  7191   001B68  0E1E               	movlw	high _UART1_DefaultOverrunErrorHandler
  7192   001B6A  6F61               	movwf	(UART1_SetOverrunErrorHandler@interruptHandler+1)& (0+255),b
  7193   001B6C  EC00  F00F         	call	_UART1_SetOverrunErrorHandler	;wreg free
  7194   001B70                     
  7195                           ;mcc_generated_files/uart1.c: 144:     UART1_SetErrorHandler(UART1_DefaultErrorHandler);
  7196   001B70  0E28               	movlw	low _UART1_DefaultErrorHandler
  7197   001B72  0100               	movlb	0	; () banked
  7198   001B74  6F60               	movwf	UART1_SetErrorHandler@interruptHandler& (0+255),b
  7199   001B76  0E1E               	movlw	high _UART1_DefaultErrorHandler
  7200   001B78  6F61               	movwf	(UART1_SetErrorHandler@interruptHandler+1)& (0+255),b
  7201   001B7A  EC0A  F00F         	call	_UART1_SetErrorHandler	;wreg free
  7202   001B7E                     
  7203                           ;mcc_generated_files/uart1.c: 146:     uart1RxLastError.status = 0;
  7204   001B7E  6A26               	clrf	_uart1RxLastError^0,c	;volatile
  7205   001B80                     
  7206                           ;mcc_generated_files/uart1.c: 149:     uart1TxHead = 0;
  7207   001B80  6A2C               	clrf	_uart1TxHead^0,c	;volatile
  7208   001B82                     
  7209                           ;mcc_generated_files/uart1.c: 150:     uart1TxTail = 0;
  7210   001B82  6A2B               	clrf	_uart1TxTail^0,c	;volatile
  7211                           
  7212                           ;mcc_generated_files/uart1.c: 151:     uart1TxBufferRemaining = sizeof(uart1TxBuffer);
  7213   001B84  0E08               	movlw	8
  7214   001B86  6E2A               	movwf	_uart1TxBufferRemaining^0,c	;volatile
  7215   001B88                     
  7216                           ;mcc_generated_files/uart1.c: 152:     uart1RxHead = 0;
  7217   001B88  6A29               	clrf	_uart1RxHead^0,c	;volatile
  7218   001B8A                     
  7219                           ;mcc_generated_files/uart1.c: 153:     uart1RxTail = 0;
  7220   001B8A  6A28               	clrf	_uart1RxTail^0,c	;volatile
  7221   001B8C                     
  7222                           ;mcc_generated_files/uart1.c: 154:     uart1RxCount = 0;
  7223   001B8C  6A27               	clrf	_uart1RxCount^0,c	;volatile
  7224   001B8E                     
  7225                           ;mcc_generated_files/uart1.c: 157:     PIE3bits.U1RXIE = 1;
  7226   001B8E  0139               	movlb	57	; () banked
  7227   001B90  8793               	bsf	147,3,b	;volatile
  7228   001B92                     
  7229                           ; BSR set to: 57
  7230   001B92  0012               	return		;funcret
  7231   001B94                     __end_of_UART1_Initialize:
  7232                           	callstack 0
  7233                           
  7234 ;; *************** function _UART1_SetTxInterruptHandler *****************
  7235 ;; Defined at:
  7236 ;;		line 308 in file "mcc_generated_files/uart1.c"
  7237 ;; Parameters:    Size  Location     Type
  7238 ;;  InterruptHan    2    0[BANK0 ] PTR FTN()void 
  7239 ;;		 -> UART1_Transmit_ISR(1), 
  7240 ;; Auto vars:     Size  Location     Type
  7241 ;;		None
  7242 ;; Return value:  Size  Location     Type
  7243 ;;                  1    wreg      void 
  7244 ;; Registers used:
  7245 ;;		wreg, status,2, status,0
  7246 ;; Tracked objects:
  7247 ;;		On entry : 0/0
  7248 ;;		On exit  : 0/0
  7249 ;;		Unchanged: 0/0
  7250 ;; Data sizes:     COMRAM   BANK0   BANK1   BANK2   BANK3   BANK4   BANK5   BANK6   BANK7   BANK8   BANK9  BANK10  BANK1
      +1  BANK12  BANK13  BANK14  BANK15
  7251 ;;      Params:         0       2       0       0       0       0       0       0       0       0       0       0       
      +0       0       0       0       0
  7252 ;;      Locals:         0       0       0       0       0       0       0       0       0       0       0       0       
      +0       0       0       0       0
  7253 ;;      Temps:          0       0       0       0       0       0       0       0       0       0       0       0       
      +0       0       0       0       0
  7254 ;;      Totals:         0       2       0       0       0       0       0       0       0       0       0       0       
      +0       0       0       0       0
  7255 ;;Total ram usage:        2 bytes
  7256 ;; Hardware stack levels used: 1
  7257 ;; Hardware stack levels required when called: 4
  7258 ;; This function calls:
  7259 ;;		Nothing
  7260 ;; This function is called by:
  7261 ;;		_UART1_Initialize
  7262 ;; This function uses a non-reentrant model
  7263 ;;
  7264                           
  7265                           	psect	text5
  7266   001DEC                     __ptext5:
  7267                           	callstack 0
  7268   001DEC                     _UART1_SetTxInterruptHandler:
  7269                           	callstack 24
  7270   001DEC                     
  7271                           ;mcc_generated_files/uart1.c: 309:     UART1_TxInterruptHandler = InterruptHandler;
  7272   001DEC  C060  F01F         	movff	UART1_SetTxInterruptHandler@InterruptHandler,_UART1_TxInterruptHandler
  7273   001DF0  C061  F020         	movff	UART1_SetTxInterruptHandler@InterruptHandler+1,_UART1_TxInterruptHandler+1
  7274   001DF4  0012               	return		;funcret
  7275   001DF6                     __end_of_UART1_SetTxInterruptHandler:
  7276                           	callstack 0
  7277                           
  7278 ;; *************** function _UART1_SetRxInterruptHandler *****************
  7279 ;; Defined at:
  7280 ;;		line 304 in file "mcc_generated_files/uart1.c"
  7281 ;; Parameters:    Size  Location     Type
  7282 ;;  InterruptHan    2    0[BANK0 ] PTR FTN()void 
  7283 ;;		 -> UART1_Receive_ISR(1), 
  7284 ;; Auto vars:     Size  Location     Type
  7285 ;;		None
  7286 ;; Return value:  Size  Location     Type
  7287 ;;                  1    wreg      void 
  7288 ;; Registers used:
  7289 ;;		wreg, status,2, status,0
  7290 ;; Tracked objects:
  7291 ;;		On entry : 0/0
  7292 ;;		On exit  : 0/0
  7293 ;;		Unchanged: 0/0
  7294 ;; Data sizes:     COMRAM   BANK0   BANK1   BANK2   BANK3   BANK4   BANK5   BANK6   BANK7   BANK8   BANK9  BANK10  BANK1
      +1  BANK12  BANK13  BANK14  BANK15
  7295 ;;      Params:         0       2       0       0       0       0       0       0       0       0       0       0       
      +0       0       0       0       0
  7296 ;;      Locals:         0       0       0       0       0       0       0       0       0       0       0       0       
      +0       0       0       0       0
  7297 ;;      Temps:          0       0       0       0       0       0       0       0       0       0       0       0       
      +0       0       0       0       0
  7298 ;;      Totals:         0       2       0       0       0       0       0       0       0       0       0       0       
      +0       0       0       0       0
  7299 ;;Total ram usage:        2 bytes
  7300 ;; Hardware stack levels used: 1
  7301 ;; Hardware stack levels required when called: 4
  7302 ;; This function calls:
  7303 ;;		Nothing
  7304 ;; This function is called by:
  7305 ;;		_UART1_Initialize
  7306 ;; This function uses a non-reentrant model
  7307 ;;
  7308                           
  7309                           	psect	text6
  7310   001DF6                     __ptext6:
  7311                           	callstack 0
  7312   001DF6                     _UART1_SetRxInterruptHandler:
  7313                           	callstack 24
  7314   001DF6                     
  7315                           ;mcc_generated_files/uart1.c: 305:     UART1_RxInterruptHandler = InterruptHandler;
  7316   001DF6  C060  F021         	movff	UART1_SetRxInterruptHandler@InterruptHandler,_UART1_RxInterruptHandler
  7317   001DFA  C061  F022         	movff	UART1_SetRxInterruptHandler@InterruptHandler+1,_UART1_RxInterruptHandler+1
  7318   001DFE  0012               	return		;funcret
  7319   001E00                     __end_of_UART1_SetRxInterruptHandler:
  7320                           	callstack 0
  7321                           
  7322 ;; *************** function _UART1_SetOverrunErrorHandler *****************
  7323 ;; Defined at:
  7324 ;;		line 294 in file "mcc_generated_files/uart1.c"
  7325 ;; Parameters:    Size  Location     Type
  7326 ;;  interruptHan    2    0[BANK0 ] PTR FTN()void 
  7327 ;;		 -> UART1_DefaultOverrunErrorHandler(1), 
  7328 ;; Auto vars:     Size  Location     Type
  7329 ;;		None
  7330 ;; Return value:  Size  Location     Type
  7331 ;;                  1    wreg      void 
  7332 ;; Registers used:
  7333 ;;		wreg, status,2, status,0
  7334 ;; Tracked objects:
  7335 ;;		On entry : 0/0
  7336 ;;		On exit  : 0/0
  7337 ;;		Unchanged: 0/0
  7338 ;; Data sizes:     COMRAM   BANK0   BANK1   BANK2   BANK3   BANK4   BANK5   BANK6   BANK7   BANK8   BANK9  BANK10  BANK1
      +1  BANK12  BANK13  BANK14  BANK15
  7339 ;;      Params:         0       2       0       0       0       0       0       0       0       0       0       0       
      +0       0       0       0       0
  7340 ;;      Locals:         0       0       0       0       0       0       0       0       0       0       0       0       
      +0       0       0       0       0
  7341 ;;      Temps:          0       0       0       0       0       0       0       0       0       0       0       0       
      +0       0       0       0       0
  7342 ;;      Totals:         0       2       0       0       0       0       0       0       0       0       0       0       
      +0       0       0       0       0
  7343 ;;Total ram usage:        2 bytes
  7344 ;; Hardware stack levels used: 1
  7345 ;; Hardware stack levels required when called: 4
  7346 ;; This function calls:
  7347 ;;		Nothing
  7348 ;; This function is called by:
  7349 ;;		_UART1_Initialize
  7350 ;; This function uses a non-reentrant model
  7351 ;;
  7352                           
  7353                           	psect	text7
  7354   001E00                     __ptext7:
  7355                           	callstack 0
  7356   001E00                     _UART1_SetOverrunErrorHandler:
  7357                           	callstack 24
  7358   001E00                     
  7359                           ;mcc_generated_files/uart1.c: 295:     UART1_OverrunErrorHandler = interruptHandler;
  7360   001E00  C060  F01B         	movff	UART1_SetOverrunErrorHandler@interruptHandler,_UART1_OverrunErrorHandler
  7361   001E04  C061  F01C         	movff	UART1_SetOverrunErrorHandler@interruptHandler+1,_UART1_OverrunErrorHandler+1
  7362   001E08  0012               	return		;funcret
  7363   001E0A                     __end_of_UART1_SetOverrunErrorHandler:
  7364                           	callstack 0
  7365                           
  7366 ;; *************** function _UART1_SetFramingErrorHandler *****************
  7367 ;; Defined at:
  7368 ;;		line 290 in file "mcc_generated_files/uart1.c"
  7369 ;; Parameters:    Size  Location     Type
  7370 ;;  interruptHan    2    0[BANK0 ] PTR FTN()void 
  7371 ;;		 -> UART1_DefaultFramingErrorHandler(1), 
  7372 ;; Auto vars:     Size  Location     Type
  7373 ;;		None
  7374 ;; Return value:  Size  Location     Type
  7375 ;;                  1    wreg      void 
  7376 ;; Registers used:
  7377 ;;		wreg, status,2, status,0
  7378 ;; Tracked objects:
  7379 ;;		On entry : 0/0
  7380 ;;		On exit  : 0/0
  7381 ;;		Unchanged: 0/0
  7382 ;; Data sizes:     COMRAM   BANK0   BANK1   BANK2   BANK3   BANK4   BANK5   BANK6   BANK7   BANK8   BANK9  BANK10  BANK1
      +1  BANK12  BANK13  BANK14  BANK15
  7383 ;;      Params:         0       2       0       0       0       0       0       0       0       0       0       0       
      +0       0       0       0       0
  7384 ;;      Locals:         0       0       0       0       0       0       0       0       0       0       0       0       
      +0       0       0       0       0
  7385 ;;      Temps:          0       0       0       0       0       0       0       0       0       0       0       0       
      +0       0       0       0       0
  7386 ;;      Totals:         0       2       0       0       0       0       0       0       0       0       0       0       
      +0       0       0       0       0
  7387 ;;Total ram usage:        2 bytes
  7388 ;; Hardware stack levels used: 1
  7389 ;; Hardware stack levels required when called: 4
  7390 ;; This function calls:
  7391 ;;		Nothing
  7392 ;; This function is called by:
  7393 ;;		_UART1_Initialize
  7394 ;; This function uses a non-reentrant model
  7395 ;;
  7396                           
  7397                           	psect	text8
  7398   001E0A                     __ptext8:
  7399                           	callstack 0
  7400   001E0A                     _UART1_SetFramingErrorHandler:
  7401                           	callstack 24
  7402   001E0A                     
  7403                           ;mcc_generated_files/uart1.c: 291:     UART1_FramingErrorHandler = interruptHandler;
  7404   001E0A  C060  F01D         	movff	UART1_SetFramingErrorHandler@interruptHandler,_UART1_FramingErrorHandler
  7405   001E0E  C061  F01E         	movff	UART1_SetFramingErrorHandler@interruptHandler+1,_UART1_FramingErrorHandler+1
  7406   001E12  0012               	return		;funcret
  7407   001E14                     __end_of_UART1_SetFramingErrorHandler:
  7408                           	callstack 0
  7409                           
  7410 ;; *************** function _UART1_SetErrorHandler *****************
  7411 ;; Defined at:
  7412 ;;		line 298 in file "mcc_generated_files/uart1.c"
  7413 ;; Parameters:    Size  Location     Type
  7414 ;;  interruptHan    2    0[BANK0 ] PTR FTN()void 
  7415 ;;		 -> UART1_DefaultErrorHandler(1), 
  7416 ;; Auto vars:     Size  Location     Type
  7417 ;;		None
  7418 ;; Return value:  Size  Location     Type
  7419 ;;                  1    wreg      void 
  7420 ;; Registers used:
  7421 ;;		wreg, status,2, status,0
  7422 ;; Tracked objects:
  7423 ;;		On entry : 0/0
  7424 ;;		On exit  : 0/0
  7425 ;;		Unchanged: 0/0
  7426 ;; Data sizes:     COMRAM   BANK0   BANK1   BANK2   BANK3   BANK4   BANK5   BANK6   BANK7   BANK8   BANK9  BANK10  BANK1
      +1  BANK12  BANK13  BANK14  BANK15
  7427 ;;      Params:         0       2       0       0       0       0       0       0       0       0       0       0       
      +0       0       0       0       0
  7428 ;;      Locals:         0       0       0       0       0       0       0       0       0       0       0       0       
      +0       0       0       0       0
  7429 ;;      Temps:          0       0       0       0       0       0       0       0       0       0       0       0       
      +0       0       0       0       0
  7430 ;;      Totals:         0       2       0       0       0       0       0       0       0       0       0       0       
      +0       0       0       0       0
  7431 ;;Total ram usage:        2 bytes
  7432 ;; Hardware stack levels used: 1
  7433 ;; Hardware stack levels required when called: 4
  7434 ;; This function calls:
  7435 ;;		Nothing
  7436 ;; This function is called by:
  7437 ;;		_UART1_Initialize
  7438 ;; This function uses a non-reentrant model
  7439 ;;
  7440                           
  7441                           	psect	text9
  7442   001E14                     __ptext9:
  7443                           	callstack 0
  7444   001E14                     _UART1_SetErrorHandler:
  7445                           	callstack 24
  7446   001E14                     
  7447                           ;mcc_generated_files/uart1.c: 299:     UART1_ErrorHandler = interruptHandler;
  7448   001E14  C060  F019         	movff	UART1_SetErrorHandler@interruptHandler,_UART1_ErrorHandler
  7449   001E18  C061  F01A         	movff	UART1_SetErrorHandler@interruptHandler+1,_UART1_ErrorHandler+1
  7450   001E1C  0012               	return		;funcret
  7451   001E1E                     __end_of_UART1_SetErrorHandler:
  7452                           	callstack 0
  7453                           
  7454 ;; *************** function _PMD_Initialize *****************
  7455 ;; Defined at:
  7456 ;;		line 78 in file "mcc_generated_files/mcc.c"
  7457 ;; Parameters:    Size  Location     Type
  7458 ;;		None
  7459 ;; Auto vars:     Size  Location     Type
  7460 ;;		None
  7461 ;; Return value:  Size  Location     Type
  7462 ;;                  1    wreg      void 
  7463 ;; Registers used:
  7464 ;;		None
  7465 ;; Tracked objects:
  7466 ;;		On entry : 0/0
  7467 ;;		On exit  : 0/0
  7468 ;;		Unchanged: 0/0
  7469 ;; Data sizes:     COMRAM   BANK0   BANK1   BANK2   BANK3   BANK4   BANK5   BANK6   BANK7   BANK8   BANK9  BANK10  BANK1
      +1  BANK12  BANK13  BANK14  BANK15
  7470 ;;      Params:         0       0       0       0       0       0       0       0       0       0       0       0       
      +0       0       0       0       0
  7471 ;;      Locals:         0       0       0       0       0       0       0       0       0       0       0       0       
      +0       0       0       0       0
  7472 ;;      Temps:          0       0       0       0       0       0       0       0       0       0       0       0       
      +0       0       0       0       0
  7473 ;;      Totals:         0       0       0       0       0       0       0       0       0       0       0       0       
      +0       0       0       0       0
  7474 ;;Total ram usage:        0 bytes
  7475 ;; Hardware stack levels used: 1
  7476 ;; Hardware stack levels required when called: 4
  7477 ;; This function calls:
  7478 ;;		Nothing
  7479 ;; This function is called by:
  7480 ;;		_SYSTEM_Initialize
  7481 ;; This function uses a non-reentrant model
  7482 ;;
  7483                           
  7484                           	psect	text10
  7485   001DC8                     __ptext10:
  7486                           	callstack 0
  7487   001DC8                     _PMD_Initialize:
  7488                           	callstack 25
  7489   001DC8                     
  7490                           ;mcc_generated_files/mcc.c: 81:     PMD0 = 0x00;
  7491   001DC8  0139               	movlb	57	; () banked
  7492   001DCA  6BC0               	clrf	192,b	;volatile
  7493                           
  7494                           ;mcc_generated_files/mcc.c: 83:     PMD1 = 0x00;
  7495   001DCC  6BC1               	clrf	193,b	;volatile
  7496                           
  7497                           ;mcc_generated_files/mcc.c: 85:     PMD2 = 0x00;
  7498   001DCE  6BC2               	clrf	194,b	;volatile
  7499                           
  7500                           ;mcc_generated_files/mcc.c: 87:     PMD3 = 0x00;
  7501   001DD0  6BC3               	clrf	195,b	;volatile
  7502                           
  7503                           ;mcc_generated_files/mcc.c: 89:     PMD4 = 0x00;
  7504   001DD2  6BC4               	clrf	196,b	;volatile
  7505                           
  7506                           ;mcc_generated_files/mcc.c: 91:     PMD5 = 0x00;
  7507   001DD4  6BC5               	clrf	197,b	;volatile
  7508                           
  7509                           ;mcc_generated_files/mcc.c: 93:     PMD6 = 0x00;
  7510   001DD6  6BC6               	clrf	198,b	;volatile
  7511                           
  7512                           ;mcc_generated_files/mcc.c: 95:     PMD7 = 0x00;
  7513   001DD8  6BC7               	clrf	199,b	;volatile
  7514   001DDA                     
  7515                           ; BSR set to: 57
  7516   001DDA  0012               	return		;funcret
  7517   001DDC                     __end_of_PMD_Initialize:
  7518                           	callstack 0
  7519                           
  7520 ;; *************** function _PIN_MANAGER_Initialize *****************
  7521 ;; Defined at:
  7522 ;;		line 55 in file "mcc_generated_files/pin_manager.c"
  7523 ;; Parameters:    Size  Location     Type
  7524 ;;		None
  7525 ;; Auto vars:     Size  Location     Type
  7526 ;;		None
  7527 ;; Return value:  Size  Location     Type
  7528 ;;                  1    wreg      void 
  7529 ;; Registers used:
  7530 ;;		wreg, status,2
  7531 ;; Tracked objects:
  7532 ;;		On entry : 0/0
  7533 ;;		On exit  : 0/0
  7534 ;;		Unchanged: 0/0
  7535 ;; Data sizes:     COMRAM   BANK0   BANK1   BANK2   BANK3   BANK4   BANK5   BANK6   BANK7   BANK8   BANK9  BANK10  BANK1
      +1  BANK12  BANK13  BANK14  BANK15
  7536 ;;      Params:         0       0       0       0       0       0       0       0       0       0       0       0       
      +0       0       0       0       0
  7537 ;;      Locals:         0       0       0       0       0       0       0       0       0       0       0       0       
      +0       0       0       0       0
  7538 ;;      Temps:          0       0       0       0       0       0       0       0       0       0       0       0       
      +0       0       0       0       0
  7539 ;;      Totals:         0       0       0       0       0       0       0       0       0       0       0       0       
      +0       0       0       0       0
  7540 ;;Total ram usage:        0 bytes
  7541 ;; Hardware stack levels used: 1
  7542 ;; Hardware stack levels required when called: 4
  7543 ;; This function calls:
  7544 ;;		Nothing
  7545 ;; This function is called by:
  7546 ;;		_SYSTEM_Initialize
  7547 ;; This function uses a non-reentrant model
  7548 ;;
  7549                           
  7550                           	psect	text11
  7551   001C9C                     __ptext11:
  7552                           	callstack 0
  7553   001C9C                     _PIN_MANAGER_Initialize:
  7554                           	callstack 25
  7555   001C9C                     
  7556                           ;mcc_generated_files/pin_manager.c: 60:     LATA = 0x00;
  7557   001C9C  6ABA               	clrf	186,c	;volatile
  7558                           
  7559                           ;mcc_generated_files/pin_manager.c: 61:     LATB = 0x00;
  7560   001C9E  6ABB               	clrf	187,c	;volatile
  7561                           
  7562                           ;mcc_generated_files/pin_manager.c: 62:     LATC = 0x00;
  7563   001CA0  6ABC               	clrf	188,c	;volatile
  7564                           
  7565                           ;mcc_generated_files/pin_manager.c: 67:     TRISA = 0xFF;
  7566   001CA2  68C2               	setf	194,c	;volatile
  7567   001CA4                     
  7568                           ;mcc_generated_files/pin_manager.c: 68:     TRISB = 0xEA;
  7569   001CA4  0EEA               	movlw	234
  7570   001CA6  6EC3               	movwf	195,c	;volatile
  7571   001CA8                     
  7572                           ;mcc_generated_files/pin_manager.c: 69:     TRISC = 0xFF;
  7573   001CA8  68C4               	setf	196,c	;volatile
  7574   001CAA                     
  7575                           ;mcc_generated_files/pin_manager.c: 74:     ANSELC = 0xFF;
  7576   001CAA  013A               	movlb	58	; () banked
  7577   001CAC  6960               	setf	96,b	;volatile
  7578                           
  7579                           ;mcc_generated_files/pin_manager.c: 75:     ANSELB = 0xF5;
  7580   001CAE  0EF5               	movlw	245
  7581   001CB0  6F50               	movwf	80,b	;volatile
  7582   001CB2                     
  7583                           ; BSR set to: 58
  7584                           ;mcc_generated_files/pin_manager.c: 76:     ANSELA = 0xFF;
  7585   001CB2  6940               	setf	64,b	;volatile
  7586   001CB4                     
  7587                           ; BSR set to: 58
  7588                           ;mcc_generated_files/pin_manager.c: 81:     WPUE = 0x00;
  7589   001CB4  6B81               	clrf	129,b	;volatile
  7590   001CB6                     
  7591                           ; BSR set to: 58
  7592                           ;mcc_generated_files/pin_manager.c: 82:     WPUB = 0x00;
  7593   001CB6  6B51               	clrf	81,b	;volatile
  7594   001CB8                     
  7595                           ; BSR set to: 58
  7596                           ;mcc_generated_files/pin_manager.c: 83:     WPUA = 0x00;
  7597   001CB8  6B41               	clrf	65,b	;volatile
  7598   001CBA                     
  7599                           ; BSR set to: 58
  7600                           ;mcc_generated_files/pin_manager.c: 84:     WPUC = 0x00;
  7601   001CBA  6B61               	clrf	97,b	;volatile
  7602   001CBC                     
  7603                           ; BSR set to: 58
  7604                           ;mcc_generated_files/pin_manager.c: 89:     ODCONA = 0x00;
  7605   001CBC  6B42               	clrf	66,b	;volatile
  7606   001CBE                     
  7607                           ; BSR set to: 58
  7608                           ;mcc_generated_files/pin_manager.c: 90:     ODCONB = 0x00;
  7609   001CBE  6B52               	clrf	82,b	;volatile
  7610   001CC0                     
  7611                           ; BSR set to: 58
  7612                           ;mcc_generated_files/pin_manager.c: 91:     ODCONC = 0x00;
  7613   001CC0  6B62               	clrf	98,b	;volatile
  7614   001CC2                     
  7615                           ; BSR set to: 58
  7616                           ;mcc_generated_files/pin_manager.c: 96:     SLRCONA = 0xFF;
  7617   001CC2  6943               	setf	67,b	;volatile
  7618   001CC4                     
  7619                           ; BSR set to: 58
  7620                           ;mcc_generated_files/pin_manager.c: 97:     SLRCONB = 0xFF;
  7621   001CC4  6953               	setf	83,b	;volatile
  7622   001CC6                     
  7623                           ; BSR set to: 58
  7624                           ;mcc_generated_files/pin_manager.c: 98:     SLRCONC = 0xFF;
  7625   001CC6  6963               	setf	99,b	;volatile
  7626   001CC8                     
  7627                           ; BSR set to: 58
  7628                           ;mcc_generated_files/pin_manager.c: 103:     INLVLA = 0xFF;
  7629   001CC8  6944               	setf	68,b	;volatile
  7630   001CCA                     
  7631                           ; BSR set to: 58
  7632                           ;mcc_generated_files/pin_manager.c: 104:     INLVLB = 0xFF;
  7633   001CCA  6954               	setf	84,b	;volatile
  7634   001CCC                     
  7635                           ; BSR set to: 58
  7636                           ;mcc_generated_files/pin_manager.c: 105:     INLVLC = 0xFF;
  7637   001CCC  6964               	setf	100,b	;volatile
  7638                           
  7639                           ;mcc_generated_files/pin_manager.c: 106:     INLVLE = 0x08;
  7640   001CCE  0E08               	movlw	8
  7641   001CD0  6F84               	movwf	132,b	;volatile
  7642                           
  7643                           ;mcc_generated_files/pin_manager.c: 115:     RB0PPS = 0x13;
  7644   001CD2  0E13               	movlw	19
  7645   001CD4  6F08               	movwf	8,b	;volatile
  7646                           
  7647                           ;mcc_generated_files/pin_manager.c: 116:     RB2PPS = 0x33;
  7648   001CD6  0E33               	movlw	51
  7649   001CD8  6F0A               	movwf	10,b	;volatile
  7650                           
  7651                           ;mcc_generated_files/pin_manager.c: 117:     CANRXPPS = 0x0B;
  7652   001CDA  0E0B               	movlw	11
  7653   001CDC  6FED               	movwf	237,b	;volatile
  7654                           
  7655                           ;mcc_generated_files/pin_manager.c: 118:     U1RXPPS = 0x09;
  7656   001CDE  0E09               	movlw	9
  7657   001CE0  6FE7               	movwf	231,b	;volatile
  7658   001CE2                     
  7659                           ; BSR set to: 58
  7660   001CE2  0012               	return		;funcret
  7661   001CE4                     __end_of_PIN_MANAGER_Initialize:
  7662                           	callstack 0
  7663                           
  7664 ;; *************** function _OSCILLATOR_Initialize *****************
  7665 ;; Defined at:
  7666 ;;		line 60 in file "mcc_generated_files/mcc.c"
  7667 ;; Parameters:    Size  Location     Type
  7668 ;;		None
  7669 ;; Auto vars:     Size  Location     Type
  7670 ;;		None
  7671 ;; Return value:  Size  Location     Type
  7672 ;;                  1    wreg      void 
  7673 ;; Registers used:
  7674 ;;		wreg, status,2
  7675 ;; Tracked objects:
  7676 ;;		On entry : 0/0
  7677 ;;		On exit  : 0/0
  7678 ;;		Unchanged: 0/0
  7679 ;; Data sizes:     COMRAM   BANK0   BANK1   BANK2   BANK3   BANK4   BANK5   BANK6   BANK7   BANK8   BANK9  BANK10  BANK1
      +1  BANK12  BANK13  BANK14  BANK15
  7680 ;;      Params:         0       0       0       0       0       0       0       0       0       0       0       0       
      +0       0       0       0       0
  7681 ;;      Locals:         0       0       0       0       0       0       0       0       0       0       0       0       
      +0       0       0       0       0
  7682 ;;      Temps:          0       0       0       0       0       0       0       0       0       0       0       0       
      +0       0       0       0       0
  7683 ;;      Totals:         0       0       0       0       0       0       0       0       0       0       0       0       
      +0       0       0       0       0
  7684 ;;Total ram usage:        0 bytes
  7685 ;; Hardware stack levels used: 1
  7686 ;; Hardware stack levels required when called: 4
  7687 ;; This function calls:
  7688 ;;		Nothing
  7689 ;; This function is called by:
  7690 ;;		_SYSTEM_Initialize
  7691 ;; This function uses a non-reentrant model
  7692 ;;
  7693                           
  7694                           	psect	text12
  7695   001D48                     __ptext12:
  7696                           	callstack 0
  7697   001D48                     _OSCILLATOR_Initialize:
  7698                           	callstack 25
  7699   001D48                     
  7700                           ;mcc_generated_files/mcc.c: 63:     OSCCON1 = 0x20;
  7701   001D48  0E20               	movlw	32
  7702   001D4A  0139               	movlb	57	; () banked
  7703   001D4C  6FD9               	movwf	217,b	;volatile
  7704   001D4E                     
  7705                           ; BSR set to: 57
  7706                           ;mcc_generated_files/mcc.c: 65:     OSCCON3 = 0x00;
  7707   001D4E  6BDB               	clrf	219,b	;volatile
  7708   001D50                     
  7709                           ; BSR set to: 57
  7710                           ;mcc_generated_files/mcc.c: 67:     OSCEN = 0x00;
  7711   001D50  6BDD               	clrf	221,b	;volatile
  7712                           
  7713                           ;mcc_generated_files/mcc.c: 69:     OSCFRQ = 0x02;
  7714   001D52  0E02               	movlw	2
  7715   001D54  6FDF               	movwf	223,b	;volatile
  7716   001D56                     
  7717                           ; BSR set to: 57
  7718                           ;mcc_generated_files/mcc.c: 71:     OSCTUNE = 0x00;
  7719   001D56  6BDE               	clrf	222,b	;volatile
  7720   001D58                     l108:
  7721                           
  7722                           ; BSR set to: 57
  7723                           ;mcc_generated_files/mcc.c: 73:     while(PLLR == 0)
  7724   001D58  A1DC               	btfss	220,0,b	;volatile
  7725   001D5A  EFB1  F00E         	goto	u81
  7726   001D5E  EFB3  F00E         	goto	u80
  7727   001D62                     u81:
  7728   001D62  EFAC  F00E         	goto	l108
  7729   001D66                     u80:
  7730   001D66                     
  7731                           ; BSR set to: 57
  7732   001D66  0012               	return		;funcret
  7733   001D68                     __end_of_OSCILLATOR_Initialize:
  7734                           	callstack 0
  7735                           
  7736 ;; *************** function _INTERRUPT_Initialize *****************
  7737 ;; Defined at:
  7738 ;;		line 52 in file "mcc_generated_files/interrupt_manager.c"
  7739 ;; Parameters:    Size  Location     Type
  7740 ;;		None
  7741 ;; Auto vars:     Size  Location     Type
  7742 ;;		None
  7743 ;; Return value:  Size  Location     Type
  7744 ;;                  1    wreg      void 
  7745 ;; Registers used:
  7746 ;;		None
  7747 ;; Tracked objects:
  7748 ;;		On entry : 0/0
  7749 ;;		On exit  : 0/0
  7750 ;;		Unchanged: 0/0
  7751 ;; Data sizes:     COMRAM   BANK0   BANK1   BANK2   BANK3   BANK4   BANK5   BANK6   BANK7   BANK8   BANK9  BANK10  BANK1
      +1  BANK12  BANK13  BANK14  BANK15
  7752 ;;      Params:         0       0       0       0       0       0       0       0       0       0       0       0       
      +0       0       0       0       0
  7753 ;;      Locals:         0       0       0       0       0       0       0       0       0       0       0       0       
      +0       0       0       0       0
  7754 ;;      Temps:          0       0       0       0       0       0       0       0       0       0       0       0       
      +0       0       0       0       0
  7755 ;;      Totals:         0       0       0       0       0       0       0       0       0       0       0       0       
      +0       0       0       0       0
  7756 ;;Total ram usage:        0 bytes
  7757 ;; Hardware stack levels used: 1
  7758 ;; Hardware stack levels required when called: 4
  7759 ;; This function calls:
  7760 ;;		Nothing
  7761 ;; This function is called by:
  7762 ;;		_SYSTEM_Initialize
  7763 ;; This function uses a non-reentrant model
  7764 ;;
  7765                           
  7766                           	psect	text13
  7767   001E2E                     __ptext13:
  7768                           	callstack 0
  7769   001E2E                     _INTERRUPT_Initialize:
  7770                           	callstack 25
  7771   001E2E                     
  7772                           ;mcc_generated_files/interrupt_manager.c: 55:     INTCON0bits.IPEN = 0;
  7773   001E2E  9AD2               	bcf	210,5,c	;volatile
  7774   001E30  0012               	return		;funcret
  7775   001E32                     __end_of_INTERRUPT_Initialize:
  7776                           	callstack 0
  7777                           
  7778 ;; *************** function _ECAN_buffer_add *****************
  7779 ;; Defined at:
  7780 ;;		line 99 in file "main.c"
  7781 ;; Parameters:    Size  Location     Type
  7782 ;;		None
  7783 ;; Auto vars:     Size  Location     Type
  7784 ;;		None
  7785 ;; Return value:  Size  Location     Type
  7786 ;;                  1    wreg      void 
  7787 ;; Registers used:
  7788 ;;		wreg, fsr2l, fsr2h, status,2, status,0, cstack
  7789 ;; Tracked objects:
  7790 ;;		On entry : 0/0
  7791 ;;		On exit  : 0/0
  7792 ;;		Unchanged: 0/0
  7793 ;; Data sizes:     COMRAM   BANK0   BANK1   BANK2   BANK3   BANK4   BANK5   BANK6   BANK7   BANK8   BANK9  BANK10  BANK1
      +1  BANK12  BANK13  BANK14  BANK15
  7794 ;;      Params:         0       0       0       0       0       0       0       0       0       0       0       0       
      +0       0       0       0       0
  7795 ;;      Locals:         0       0       0       0       0       0       0       0       0       0       0       0       
      +0       0       0       0       0
  7796 ;;      Temps:          0       5       0       0       0       0       0       0       0       0       0       0       
      +0       0       0       0       0
  7797 ;;      Totals:         0       5       0       0       0       0       0       0       0       0       0       0       
      +0       0       0       0       0
  7798 ;;Total ram usage:        5 bytes
  7799 ;; Hardware stack levels used: 1
  7800 ;; Hardware stack levels required when called: 6
  7801 ;; This function calls:
  7802 ;;		_CAN_transmit
  7803 ;;		_UART1_Read
  7804 ;;		_UART1_is_rx_ready
  7805 ;; This function is called by:
  7806 ;;		_main
  7807 ;; This function uses a non-reentrant model
  7808 ;;
  7809                           
  7810                           	psect	text14
  7811   001340                     __ptext14:
  7812                           	callstack 0
  7813   001340                     _ECAN_buffer_add:
  7814                           	callstack 24
  7815   001340                     
  7816                           ;main.c: 101:     static uCAN_MSG message;;main.c: 102:     static uint8_t frame_state =
      +                           RESET;;main.c: 103:     static uint8_t counter = 0;;main.c: 105:     if (frame_state ==
      +                           RESET)
  7817   001340  5024               	movf	ECAN_buffer_add@frame_state^0,w,c
  7818   001342  A4D8               	btfss	status,2,c
  7819   001344  EFA6  F009         	goto	u1521
  7820   001348  EFA8  F009         	goto	u1520
  7821   00134C                     u1521:
  7822   00134C  EFBD  F009         	goto	l3054
  7823   001350                     u1520:
  7824   001350                     
  7825                           ;main.c: 106:     {;main.c: 107:         for (counter = 0; counter < 14; counter++)
  7826   001350  6A23               	clrf	ECAN_buffer_add@counter^0,c
  7827   001352                     l3044:
  7828                           
  7829                           ;main.c: 108:             message.array[counter] = 0;
  7830   001352  5023               	movf	ECAN_buffer_add@counter^0,w,c
  7831   001354  0F82               	addlw	low ECAN_buffer_add@message
  7832   001356  6ED9               	movwf	fsr2l,c
  7833   001358  6ADA               	clrf	fsr2h,c
  7834   00135A  6ADF               	clrf	indf2,c
  7835   00135C  2A23               	incf	ECAN_buffer_add@counter^0,f,c
  7836   00135E  0E0D               	movlw	13
  7837   001360  6423               	cpfsgt	ECAN_buffer_add@counter^0,c
  7838   001362  EFB5  F009         	goto	u1531
  7839   001366  EFB7  F009         	goto	u1530
  7840   00136A                     u1531:
  7841   00136A  EFA9  F009         	goto	l3044
  7842   00136E                     u1530:
  7843   00136E                     
  7844                           ;main.c: 110:         message.frame.idType = 1;
  7845   00136E  0E01               	movlw	1
  7846   001370  0100               	movlb	0	; () banked
  7847   001372  6F82               	movwf	ECAN_buffer_add@message& (0+255),b
  7848   001374                     
  7849                           ; BSR set to: 0
  7850                           ;main.c: 111:         counter = 0;
  7851   001374  6A23               	clrf	ECAN_buffer_add@counter^0,c
  7852                           
  7853                           ;main.c: 112:         frame_state = SIGNATURE1;
  7854   001376  0E01               	movlw	1
  7855   001378  6E24               	movwf	ECAN_buffer_add@frame_state^0,c
  7856   00137A                     l3054:
  7857                           
  7858                           ;main.c: 114:     if ((frame_state == SIGNATURE1) && UART1_is_rx_ready())
  7859   00137A  0424               	decf	ECAN_buffer_add@frame_state^0,w,c
  7860   00137C  A4D8               	btfss	status,2,c
  7861   00137E  EFC3  F009         	goto	u1541
  7862   001382  EFC5  F009         	goto	u1540
  7863   001386                     u1541:
  7864   001386  EFDB  F009         	goto	l3062
  7865   00138A                     u1540:
  7866   00138A  ECD9  F00E         	call	_UART1_is_rx_ready	;wreg free
  7867   00138E  0900               	iorlw	0
  7868   001390  B4D8               	btfsc	status,2,c
  7869   001392  EFCD  F009         	goto	u1551
  7870   001396  EFCF  F009         	goto	u1550
  7871   00139A                     u1551:
  7872   00139A  EFDB  F009         	goto	l3062
  7873   00139E                     u1550:
  7874   00139E                     
  7875                           ;main.c: 115:     {;main.c: 116:         if (UART1_Read() == 0x55)
  7876   00139E  EC28  F00E         	call	_UART1_Read	;wreg free
  7877   0013A2  0A55               	xorlw	85
  7878   0013A4  A4D8               	btfss	status,2,c
  7879   0013A6  EFD7  F009         	goto	u1561
  7880   0013AA  EFD9  F009         	goto	u1560
  7881   0013AE                     u1561:
  7882   0013AE  EFDB  F009         	goto	l3062
  7883   0013B2                     u1560:
  7884   0013B2                     
  7885                           ;main.c: 117:             frame_state = SIGNATURE2;
  7886   0013B2  0E02               	movlw	2
  7887   0013B4  6E24               	movwf	ECAN_buffer_add@frame_state^0,c
  7888   0013B6                     l3062:
  7889                           
  7890                           ;main.c: 119:     if ((frame_state == SIGNATURE2) && UART1_is_rx_ready())
  7891   0013B6  0E02               	movlw	2
  7892   0013B8  1824               	xorwf	ECAN_buffer_add@frame_state^0,w,c
  7893   0013BA  A4D8               	btfss	status,2,c
  7894   0013BC  EFE2  F009         	goto	u1571
  7895   0013C0  EFE4  F009         	goto	u1570
  7896   0013C4                     u1571:
  7897   0013C4  EFFE  F009         	goto	l3072
  7898   0013C8                     u1570:
  7899   0013C8  ECD9  F00E         	call	_UART1_is_rx_ready	;wreg free
  7900   0013CC  0900               	iorlw	0
  7901   0013CE  B4D8               	btfsc	status,2,c
  7902   0013D0  EFEC  F009         	goto	u1581
  7903   0013D4  EFEE  F009         	goto	u1580
  7904   0013D8                     u1581:
  7905   0013D8  EFFE  F009         	goto	l3072
  7906   0013DC                     u1580:
  7907   0013DC                     
  7908                           ;main.c: 120:     {;main.c: 121:         if (UART1_Read() == 0xAA)
  7909   0013DC  EC28  F00E         	call	_UART1_Read	;wreg free
  7910   0013E0  0AAA               	xorlw	170
  7911   0013E2  A4D8               	btfss	status,2,c
  7912   0013E4  EFF6  F009         	goto	u1591
  7913   0013E8  EFF8  F009         	goto	u1590
  7914   0013EC                     u1591:
  7915   0013EC  EFFC  F009         	goto	l3070
  7916   0013F0                     u1590:
  7917   0013F0                     
  7918                           ;main.c: 122:             frame_state = IDH;
  7919   0013F0  0E03               	movlw	3
  7920   0013F2  6E24               	movwf	ECAN_buffer_add@frame_state^0,c
  7921   0013F4  EFFE  F009         	goto	l3072
  7922   0013F8                     l3070:
  7923                           
  7924                           ;main.c: 124:             frame_state = SIGNATURE1;
  7925   0013F8  0E01               	movlw	1
  7926   0013FA  6E24               	movwf	ECAN_buffer_add@frame_state^0,c
  7927   0013FC                     l3072:
  7928                           
  7929                           ;main.c: 126:     if ((frame_state == IDH) && UART1_is_rx_ready())
  7930   0013FC  0E03               	movlw	3
  7931   0013FE  1824               	xorwf	ECAN_buffer_add@frame_state^0,w,c
  7932   001400  A4D8               	btfss	status,2,c
  7933   001402  EF05  F00A         	goto	u1601
  7934   001406  EF07  F00A         	goto	u1600
  7935   00140A                     u1601:
  7936   00140A  EF2B  F00A         	goto	l3080
  7937   00140E                     u1600:
  7938   00140E  ECD9  F00E         	call	_UART1_is_rx_ready	;wreg free
  7939   001412  0900               	iorlw	0
  7940   001414  B4D8               	btfsc	status,2,c
  7941   001416  EF0F  F00A         	goto	u1611
  7942   00141A  EF11  F00A         	goto	u1610
  7943   00141E                     u1611:
  7944   00141E  EF2B  F00A         	goto	l3080
  7945   001422                     u1610:
  7946   001422                     
  7947                           ;main.c: 127:     {;main.c: 128:         message.frame.id = (uint32_t)UART1_Read()<<8;
  7948   001422  EC28  F00E         	call	_UART1_Read	;wreg free
  7949   001426  0100               	movlb	0	; () banked
  7950   001428  6F73               	movwf	??_ECAN_buffer_add& (0+255),b
  7951   00142A  C073  F074         	movff	??_ECAN_buffer_add,??_ECAN_buffer_add+1
  7952   00142E  6B75               	clrf	(??_ECAN_buffer_add+2)& (0+255),b
  7953   001430  6B76               	clrf	(??_ECAN_buffer_add+3)& (0+255),b
  7954   001432  6B77               	clrf	(??_ECAN_buffer_add+4)& (0+255),b
  7955   001434  C076  F077         	movff	??_ECAN_buffer_add+3,??_ECAN_buffer_add+4
  7956   001438  C075  F076         	movff	??_ECAN_buffer_add+2,??_ECAN_buffer_add+3
  7957   00143C  C074  F075         	movff	??_ECAN_buffer_add+1,??_ECAN_buffer_add+2
  7958   001440  6B74               	clrf	(??_ECAN_buffer_add+1)& (0+255),b
  7959   001442  C074  F083         	movff	??_ECAN_buffer_add+1,ECAN_buffer_add@message+1
  7960   001446  C075  F084         	movff	??_ECAN_buffer_add+2,ECAN_buffer_add@message+2
  7961   00144A  C076  F085         	movff	??_ECAN_buffer_add+3,ECAN_buffer_add@message+3
  7962   00144E  C077  F086         	movff	??_ECAN_buffer_add+4,ECAN_buffer_add@message+4
  7963   001452                     
  7964                           ; BSR set to: 0
  7965                           ;main.c: 129:         frame_state = IDL;
  7966   001452  0E04               	movlw	4
  7967   001454  6E24               	movwf	ECAN_buffer_add@frame_state^0,c
  7968   001456                     l3080:
  7969                           
  7970                           ;main.c: 132:     if ((frame_state == IDL) && UART1_is_rx_ready())
  7971   001456  0E04               	movlw	4
  7972   001458  1824               	xorwf	ECAN_buffer_add@frame_state^0,w,c
  7973   00145A  A4D8               	btfss	status,2,c
  7974   00145C  EF32  F00A         	goto	u1621
  7975   001460  EF34  F00A         	goto	u1620
  7976   001464                     u1621:
  7977   001464  EF46  F00A         	goto	l3088
  7978   001468                     u1620:
  7979   001468  ECD9  F00E         	call	_UART1_is_rx_ready	;wreg free
  7980   00146C  0900               	iorlw	0
  7981   00146E  B4D8               	btfsc	status,2,c
  7982   001470  EF3C  F00A         	goto	u1631
  7983   001474  EF3E  F00A         	goto	u1630
  7984   001478                     u1631:
  7985   001478  EF46  F00A         	goto	l3088
  7986   00147C                     u1630:
  7987   00147C                     
  7988                           ;main.c: 133:     {;main.c: 134:         message.frame.id |= UART1_Read();
  7989   00147C  EC28  F00E         	call	_UART1_Read	;wreg free
  7990   001480  0100               	movlb	0	; () banked
  7991   001482  6F73               	movwf	??_ECAN_buffer_add& (0+255),b
  7992   001484  5173               	movf	??_ECAN_buffer_add& (0+255),w,b
  7993   001486  1383               	iorwf	(ECAN_buffer_add@message+1)& (0+255),f,b
  7994   001488                     
  7995                           ; BSR set to: 0
  7996                           ;main.c: 135:         frame_state = DLC;
  7997   001488  0E05               	movlw	5
  7998   00148A  6E24               	movwf	ECAN_buffer_add@frame_state^0,c
  7999   00148C                     l3088:
  8000                           
  8001                           ;main.c: 137:     if ((frame_state == DLC) && UART1_is_rx_ready())
  8002   00148C  0E05               	movlw	5
  8003   00148E  1824               	xorwf	ECAN_buffer_add@frame_state^0,w,c
  8004   001490  A4D8               	btfss	status,2,c
  8005   001492  EF4D  F00A         	goto	u1641
  8006   001496  EF4F  F00A         	goto	u1640
  8007   00149A                     u1641:
  8008   00149A  EF6F  F00A         	goto	l3102
  8009   00149E                     u1640:
  8010   00149E  ECD9  F00E         	call	_UART1_is_rx_ready	;wreg free
  8011   0014A2  0900               	iorlw	0
  8012   0014A4  B4D8               	btfsc	status,2,c
  8013   0014A6  EF57  F00A         	goto	u1651
  8014   0014AA  EF59  F00A         	goto	u1650
  8015   0014AE                     u1651:
  8016   0014AE  EF6F  F00A         	goto	l3102
  8017   0014B2                     u1650:
  8018   0014B2                     
  8019                           ;main.c: 138:     {;main.c: 139:         message.frame.dlc = UART1_Read();
  8020   0014B2  EC28  F00E         	call	_UART1_Read	;wreg free
  8021   0014B6  0100               	movlb	0	; () banked
  8022   0014B8  6F87               	movwf	(ECAN_buffer_add@message+5)& (0+255),b
  8023   0014BA                     
  8024                           ; BSR set to: 0
  8025                           ;main.c: 140:         frame_state = DATA;
  8026   0014BA  0E06               	movlw	6
  8027   0014BC  6E24               	movwf	ECAN_buffer_add@frame_state^0,c
  8028   0014BE  EF6F  F00A         	goto	l3102
  8029   0014C2                     l3096:
  8030                           
  8031                           ; BSR set to: 0
  8032                           ;main.c: 143:     {;main.c: 144:         message.array[6+counter] = UART1_Read();
  8033   0014C2  EC28  F00E         	call	_UART1_Read	;wreg free
  8034   0014C6  0100               	movlb	0	; () banked
  8035   0014C8  6F73               	movwf	??_ECAN_buffer_add& (0+255),b
  8036   0014CA  5023               	movf	ECAN_buffer_add@counter^0,w,c
  8037   0014CC  0F88               	addlw	low (ECAN_buffer_add@message+6)
  8038   0014CE  6ED9               	movwf	fsr2l,c
  8039   0014D0  6ADA               	clrf	fsr2h,c
  8040   0014D2  0060  F1CF  FFDF   	movff	??_ECAN_buffer_add,indf2
  8041   0014D8                     
  8042                           ; BSR set to: 0
  8043                           ;main.c: 145:         counter++;
  8044   0014D8  2A23               	incf	ECAN_buffer_add@counter^0,f,c
  8045   0014DA                     
  8046                           ; BSR set to: 0
  8047                           ;main.c: 146:         frame_state = CONTROL;
  8048   0014DA  0E07               	movlw	7
  8049   0014DC  6E24               	movwf	ECAN_buffer_add@frame_state^0,c
  8050   0014DE                     l3102:
  8051                           
  8052                           ;main.c: 142:     while ((frame_state == DATA) && UART1_is_rx_ready() && (counter<(messa
      +                          ge.frame.dlc&0x07)))
  8053   0014DE  0E06               	movlw	6
  8054   0014E0  1824               	xorwf	ECAN_buffer_add@frame_state^0,w,c
  8055   0014E2  A4D8               	btfss	status,2,c
  8056   0014E4  EF76  F00A         	goto	u1661
  8057   0014E8  EF78  F00A         	goto	u1660
  8058   0014EC                     u1661:
  8059   0014EC  EF90  F00A         	goto	l3108
  8060   0014F0                     u1660:
  8061   0014F0  ECD9  F00E         	call	_UART1_is_rx_ready	;wreg free
  8062   0014F4  0900               	iorlw	0
  8063   0014F6  B4D8               	btfsc	status,2,c
  8064   0014F8  EF80  F00A         	goto	u1671
  8065   0014FC  EF82  F00A         	goto	u1670
  8066   001500                     u1671:
  8067   001500  EF90  F00A         	goto	l3108
  8068   001504                     u1670:
  8069   001504  C087  F073         	movff	ECAN_buffer_add@message+5,??_ECAN_buffer_add
  8070   001508  0E07               	movlw	7
  8071   00150A  0100               	movlb	0	; () banked
  8072   00150C  1773               	andwf	??_ECAN_buffer_add& (0+255),f,b
  8073   00150E  5173               	movf	??_ECAN_buffer_add& (0+255),w,b
  8074   001510  5C23               	subwf	ECAN_buffer_add@counter^0,w,c
  8075   001512  A0D8               	btfss	status,0,c
  8076   001514  EF8E  F00A         	goto	u1681
  8077   001518  EF90  F00A         	goto	u1680
  8078   00151C                     u1681:
  8079   00151C  EF61  F00A         	goto	l3096
  8080   001520                     u1680:
  8081   001520                     l3108:
  8082                           
  8083                           ;main.c: 148:     if ((frame_state == CONTROL) && UART1_is_rx_ready())
  8084   001520  0E07               	movlw	7
  8085   001522  1824               	xorwf	ECAN_buffer_add@frame_state^0,w,c
  8086   001524  A4D8               	btfss	status,2,c
  8087   001526  EF97  F00A         	goto	u1691
  8088   00152A  EF99  F00A         	goto	u1690
  8089   00152E                     u1691:
  8090   00152E  EFBD  F00A         	goto	l792
  8091   001532                     u1690:
  8092   001532  ECD9  F00E         	call	_UART1_is_rx_ready	;wreg free
  8093   001536  0900               	iorlw	0
  8094   001538  B4D8               	btfsc	status,2,c
  8095   00153A  EFA1  F00A         	goto	u1701
  8096   00153E  EFA3  F00A         	goto	u1700
  8097   001542                     u1701:
  8098   001542  EFBD  F00A         	goto	l792
  8099   001546                     u1700:
  8100   001546                     
  8101                           ;main.c: 149:     {;main.c: 150:         UART1_Read();
  8102   001546  EC28  F00E         	call	_UART1_Read	;wreg free
  8103                           
  8104                           ;main.c: 151:         CAN_transmit(&message);
  8105   00154A  0E82               	movlw	low ECAN_buffer_add@message
  8106   00154C  0100               	movlb	0	; () banked
  8107   00154E  6F6E               	movwf	CAN_transmit@tempCanMsg& (0+255),b
  8108   001550  EC01  F008         	call	_CAN_transmit	;wreg free
  8109   001554  B8BB               	btfsc	187,4,c	;volatile
  8110   001556  EFAF  F00A         	goto	u1711
  8111   00155A  EFB2  F00A         	goto	u1710
  8112   00155E                     u1711:
  8113   00155E  0E01               	movlw	1
  8114   001560  EFB3  F00A         	goto	u1716
  8115   001564                     u1710:
  8116   001564  0E00               	movlw	0
  8117   001566                     u1716:
  8118   001566  0AFF               	xorlw	255
  8119   001568  0100               	movlb	0	; () banked
  8120   00156A  6F73               	movwf	??_ECAN_buffer_add& (0+255),b
  8121   00156C  3B73               	swapf	??_ECAN_buffer_add& (0+255),f,b
  8122   00156E  50BB               	movf	187,w,c	;volatile
  8123   001570  1973               	xorwf	??_ECAN_buffer_add& (0+255),w,b
  8124   001572  0BEF               	andlw	-17
  8125   001574  1973               	xorwf	??_ECAN_buffer_add& (0+255),w,b
  8126   001576  6EBB               	movwf	187,c	;volatile
  8127   001578                     
  8128                           ; BSR set to: 0
  8129                           ;main.c: 153:         frame_state = RESET;
  8130   001578  6A24               	clrf	ECAN_buffer_add@frame_state^0,c
  8131   00157A                     l792:
  8132   00157A  0012               	return		;funcret
  8133   00157C                     __end_of_ECAN_buffer_add:
  8134                           	callstack 0
  8135                           
  8136 ;; *************** function _UART1_is_rx_ready *****************
  8137 ;; Defined at:
  8138 ;;		line 160 in file "mcc_generated_files/uart1.c"
  8139 ;; Parameters:    Size  Location     Type
  8140 ;;		None
  8141 ;; Auto vars:     Size  Location     Type
  8142 ;;		None
  8143 ;; Return value:  Size  Location     Type
  8144 ;;                  1    wreg      _Bool 
  8145 ;; Registers used:
  8146 ;;		wreg, status,2
  8147 ;; Tracked objects:
  8148 ;;		On entry : 0/0
  8149 ;;		On exit  : 0/0
  8150 ;;		Unchanged: 0/0
  8151 ;; Data sizes:     COMRAM   BANK0   BANK1   BANK2   BANK3   BANK4   BANK5   BANK6   BANK7   BANK8   BANK9  BANK10  BANK1
      +1  BANK12  BANK13  BANK14  BANK15
  8152 ;;      Params:         0       0       0       0       0       0       0       0       0       0       0       0       
      +0       0       0       0       0
  8153 ;;      Locals:         0       0       0       0       0       0       0       0       0       0       0       0       
      +0       0       0       0       0
  8154 ;;      Temps:          0       0       0       0       0       0       0       0       0       0       0       0       
      +0       0       0       0       0
  8155 ;;      Totals:         0       0       0       0       0       0       0       0       0       0       0       0       
      +0       0       0       0       0
  8156 ;;Total ram usage:        0 bytes
  8157 ;; Hardware stack levels used: 1
  8158 ;; Hardware stack levels required when called: 4
  8159 ;; This function calls:
  8160 ;;		Nothing
  8161 ;; This function is called by:
  8162 ;;		_ECAN_buffer_add
  8163 ;; This function uses a non-reentrant model
  8164 ;;
  8165                           
  8166                           	psect	text15
  8167   001DB2                     __ptext15:
  8168                           	callstack 0
  8169   001DB2                     _UART1_is_rx_ready:
  8170                           	callstack 25
  8171   001DB2                     
  8172                           ;mcc_generated_files/uart1.c: 162:     return (uart1RxCount ? 1 : 0);
  8173   001DB2  5027               	movf	_uart1RxCount^0,w,c	;volatile
  8174   001DB4  A4D8               	btfss	status,2,c
  8175   001DB6  EFDF  F00E         	goto	u881
  8176   001DBA  EFE2  F00E         	goto	u880
  8177   001DBE                     u881:
  8178   001DBE  0E01               	movlw	1
  8179   001DC0  EFE3  F00E         	goto	u890
  8180   001DC4                     u880:
  8181   001DC4  0E00               	movlw	0
  8182   001DC6                     u890:
  8183   001DC6  0012               	return		;funcret
  8184   001DC8                     __end_of_UART1_is_rx_ready:
  8185                           	callstack 0
  8186                           
  8187 ;; *************** function _UART1_Read *****************
  8188 ;; Defined at:
  8189 ;;		line 179 in file "mcc_generated_files/uart1.c"
  8190 ;; Parameters:    Size  Location     Type
  8191 ;;		None
  8192 ;; Auto vars:     Size  Location     Type
  8193 ;;  readValue       1    0[BANK0 ] unsigned char 
  8194 ;; Return value:  Size  Location     Type
  8195 ;;                  1    wreg      unsigned char 
  8196 ;; Registers used:
  8197 ;;		wreg, fsr2l, fsr2h, status,2, status,0
  8198 ;; Tracked objects:
  8199 ;;		On entry : 0/0
  8200 ;;		On exit  : 0/0
  8201 ;;		Unchanged: 0/0
  8202 ;; Data sizes:     COMRAM   BANK0   BANK1   BANK2   BANK3   BANK4   BANK5   BANK6   BANK7   BANK8   BANK9  BANK10  BANK1
      +1  BANK12  BANK13  BANK14  BANK15
  8203 ;;      Params:         0       0       0       0       0       0       0       0       0       0       0       0       
      +0       0       0       0       0
  8204 ;;      Locals:         0       1       0       0       0       0       0       0       0       0       0       0       
      +0       0       0       0       0
  8205 ;;      Temps:          0       0       0       0       0       0       0       0       0       0       0       0       
      +0       0       0       0       0
  8206 ;;      Totals:         0       1       0       0       0       0       0       0       0       0       0       0       
      +0       0       0       0       0
  8207 ;;Total ram usage:        1 bytes
  8208 ;; Hardware stack levels used: 1
  8209 ;; Hardware stack levels required when called: 4
  8210 ;; This function calls:
  8211 ;;		Nothing
  8212 ;; This function is called by:
  8213 ;;		_ECAN_buffer_add
  8214 ;; This function uses a non-reentrant model
  8215 ;;
  8216                           
  8217                           	psect	text16
  8218   001C50                     __ptext16:
  8219                           	callstack 0
  8220   001C50                     _UART1_Read:
  8221                           	callstack 25
  8222   001C50                     l2890:
  8223                           
  8224                           ;mcc_generated_files/uart1.c: 183:     while(0 == uart1RxCount)
  8225   001C50  5027               	movf	_uart1RxCount^0,w,c	;volatile
  8226   001C52  B4D8               	btfsc	status,2,c
  8227   001C54  EF2E  F00E         	goto	u1441
  8228   001C58  EF30  F00E         	goto	u1440
  8229   001C5C                     u1441:
  8230   001C5C  EF28  F00E         	goto	l2890
  8231   001C60                     u1440:
  8232   001C60                     
  8233                           ;mcc_generated_files/uart1.c: 187:     uart1RxLastError = uart1RxStatusBuffer[uart1RxTai
      +                          l];
  8234   001C60  5028               	movf	_uart1RxTail^0,w,c
  8235   001C62  0F01               	addlw	low _uart1RxStatusBuffer
  8236   001C64  6ED9               	movwf	fsr2l,c
  8237   001C66  6ADA               	clrf	fsr2h,c
  8238   001C68  50DF               	movf	indf2,w,c
  8239   001C6A  6E26               	movwf	_uart1RxLastError^0,c	;volatile
  8240                           
  8241                           ;mcc_generated_files/uart1.c: 189:     readValue = uart1RxBuffer[uart1RxTail++];
  8242   001C6C  5028               	movf	_uart1RxTail^0,w,c
  8243   001C6E  0F7A               	addlw	low _uart1RxBuffer
  8244   001C70  6ED9               	movwf	fsr2l,c
  8245   001C72  6ADA               	clrf	fsr2h,c
  8246   001C74  50DF               	movf	indf2,w,c
  8247   001C76  0100               	movlb	0	; () banked
  8248   001C78  6F60               	movwf	UART1_Read@readValue& (0+255),b
  8249   001C7A                     
  8250                           ; BSR set to: 0
  8251   001C7A  2A28               	incf	_uart1RxTail^0,f,c	;volatile
  8252   001C7C                     
  8253                           ; BSR set to: 0
  8254                           ;mcc_generated_files/uart1.c: 190:     if(sizeof(uart1RxBuffer) <= uart1RxTail)
  8255   001C7C  0E07               	movlw	7
  8256   001C7E  6428               	cpfsgt	_uart1RxTail^0,c	;volatile
  8257   001C80  EF44  F00E         	goto	u1451
  8258   001C84  EF46  F00E         	goto	u1450
  8259   001C88                     u1451:
  8260   001C88  EF47  F00E         	goto	l225
  8261   001C8C                     u1450:
  8262   001C8C                     
  8263                           ; BSR set to: 0
  8264                           ;mcc_generated_files/uart1.c: 191:     {;mcc_generated_files/uart1.c: 192:         uart1
      +                          RxTail = 0;
  8265   001C8C  6A28               	clrf	_uart1RxTail^0,c	;volatile
  8266   001C8E                     l225:
  8267                           
  8268                           ; BSR set to: 0
  8269                           ;mcc_generated_files/uart1.c: 194:     PIE3bits.U1RXIE = 0;
  8270   001C8E  0139               	movlb	57	; () banked
  8271   001C90  9793               	bcf	147,3,b	;volatile
  8272   001C92                     
  8273                           ; BSR set to: 57
  8274                           ;mcc_generated_files/uart1.c: 195:     uart1RxCount--;
  8275   001C92  0627               	decf	_uart1RxCount^0,f,c	;volatile
  8276   001C94                     
  8277                           ; BSR set to: 57
  8278                           ;mcc_generated_files/uart1.c: 196:     PIE3bits.U1RXIE = 1;
  8279   001C94  8793               	bsf	147,3,b	;volatile
  8280   001C96                     
  8281                           ; BSR set to: 57
  8282                           ;mcc_generated_files/uart1.c: 198:     return readValue;
  8283   001C96  0100               	movlb	0	; () banked
  8284   001C98  5160               	movf	UART1_Read@readValue& (0+255),w,b
  8285   001C9A                     
  8286                           ; BSR set to: 0
  8287   001C9A  0012               	return		;funcret
  8288   001C9C                     __end_of_UART1_Read:
  8289                           	callstack 0
  8290                           
  8291 ;; *************** function _CAN_transmit *****************
  8292 ;; Defined at:
  8293 ;;		line 165 in file "mcc_generated_files/ecan.c"
  8294 ;; Parameters:    Size  Location     Type
  8295 ;;  tempCanMsg      1   14[BANK0 ] PTR struct .
  8296 ;;		 -> ECAN_buffer_add@message(14), 
  8297 ;; Auto vars:     Size  Location     Type
  8298 ;;  tempSIDL        1   18[BANK0 ] unsigned char 
  8299 ;;  tempSIDH        1   17[BANK0 ] unsigned char 
  8300 ;;  tempEIDL        1   16[BANK0 ] unsigned char 
  8301 ;;  tempEIDH        1   15[BANK0 ] unsigned char 
  8302 ;;  returnValue     1    0        unsigned char 
  8303 ;; Return value:  Size  Location     Type
  8304 ;;                  1    wreg      unsigned char 
  8305 ;; Registers used:
  8306 ;;		wreg, fsr2l, fsr2h, status,2, status,0, cstack
  8307 ;; Tracked objects:
  8308 ;;		On entry : 0/0
  8309 ;;		On exit  : 0/0
  8310 ;;		Unchanged: 0/0
  8311 ;; Data sizes:     COMRAM   BANK0   BANK1   BANK2   BANK3   BANK4   BANK5   BANK6   BANK7   BANK8   BANK9  BANK10  BANK1
      +1  BANK12  BANK13  BANK14  BANK15
  8312 ;;      Params:         0       1       0       0       0       0       0       0       0       0       0       0       
      +0       0       0       0       0
  8313 ;;      Locals:         0       4       0       0       0       0       0       0       0       0       0       0       
      +0       0       0       0       0
  8314 ;;      Temps:          0       0       0       0       0       0       0       0       0       0       0       0       
      +0       0       0       0       0
  8315 ;;      Totals:         0       5       0       0       0       0       0       0       0       0       0       0       
      +0       0       0       0       0
  8316 ;;Total ram usage:        5 bytes
  8317 ;; Hardware stack levels used: 1
  8318 ;; Hardware stack levels required when called: 5
  8319 ;; This function calls:
  8320 ;;		_convertCANid2Reg
  8321 ;; This function is called by:
  8322 ;;		_ECAN_buffer_add
  8323 ;; This function uses a non-reentrant model
  8324 ;;
  8325                           
  8326                           	psect	text17
  8327   001002                     __ptext17:
  8328                           	callstack 0
  8329   001002                     _CAN_transmit:
  8330                           	callstack 24
  8331   001002                     
  8332                           ;mcc_generated_files/ecan.c: 166:     uint8_t tempEIDH = 0;
  8333   001002  0100               	movlb	0	; () banked
  8334   001004  6B6F               	clrf	CAN_transmit@tempEIDH& (0+255),b
  8335                           
  8336                           ;mcc_generated_files/ecan.c: 167:     uint8_t tempEIDL = 0;
  8337   001006  6B70               	clrf	CAN_transmit@tempEIDL& (0+255),b
  8338                           
  8339                           ;mcc_generated_files/ecan.c: 168:     uint8_t tempSIDH = 0;
  8340   001008  6B71               	clrf	CAN_transmit@tempSIDH& (0+255),b
  8341                           
  8342                           ;mcc_generated_files/ecan.c: 169:     uint8_t tempSIDL = 0;
  8343   00100A  6B72               	clrf	CAN_transmit@tempSIDL& (0+255),b
  8344                           
  8345                           ;mcc_generated_files/ecan.c: 173:     if (TXB0CONbits.TXREQ != 1)
  8346   00100C  0137               	movlb	55	; () banked
  8347   00100E  B7E0               	btfsc	224,3,b	;volatile
  8348   001010  EF0C  F008         	goto	u1461
  8349   001014  EF0E  F008         	goto	u1460
  8350   001018                     u1461:
  8351   001018  EF8F  F008         	goto	l561
  8352   00101C                     u1460:
  8353   00101C                     
  8354                           ; BSR set to: 55
  8355                           ;mcc_generated_files/ecan.c: 174:     {;mcc_generated_files/ecan.c: 175:         convert
      +                          CANid2Reg(tempCanMsg->frame.id, tempCanMsg->frame.idType, &tempEIDH, &tempEIDL, &tempSID
      +                          H, &tempSIDL);
  8356   00101C  0100               	movlb	0	; () banked
  8357   00101E  516E               	movf	CAN_transmit@tempCanMsg& (0+255),w,b
  8358   001020  6ED9               	movwf	fsr2l,c
  8359   001022  6ADA               	clrf	fsr2h,c
  8360   001024  0E01               	movlw	1
  8361   001026  26D9               	addwf	fsr2l,f,c
  8362   001028  006F FF78  F060    	movff	postinc2,convertCANid2Reg@tempPassedInID
  8363   00102E  006F FF78  F061    	movff	postinc2,convertCANid2Reg@tempPassedInID+1
  8364   001034  006F FF78  F062    	movff	postinc2,convertCANid2Reg@tempPassedInID+2
  8365   00103A  006F FF78  F063    	movff	postinc2,convertCANid2Reg@tempPassedInID+3
  8366   001040  516E               	movf	CAN_transmit@tempCanMsg& (0+255),w,b
  8367   001042  6ED9               	movwf	fsr2l,c
  8368   001044  6ADA               	clrf	fsr2h,c
  8369   001046  50DF               	movf	indf2,w,c
  8370   001048  6F64               	movwf	convertCANid2Reg@canIdType& (0+255),b
  8371   00104A  0E6F               	movlw	low CAN_transmit@tempEIDH
  8372   00104C  6F65               	movwf	convertCANid2Reg@passedInEIDH& (0+255),b
  8373   00104E  0E70               	movlw	low CAN_transmit@tempEIDL
  8374   001050  6F66               	movwf	convertCANid2Reg@passedInEIDL& (0+255),b
  8375   001052  0E71               	movlw	low CAN_transmit@tempSIDH
  8376   001054  6F67               	movwf	convertCANid2Reg@passedInSIDH& (0+255),b
  8377   001056  0E72               	movlw	low CAN_transmit@tempSIDL
  8378   001058  6F68               	movwf	convertCANid2Reg@passedInSIDL& (0+255),b
  8379   00105A  ECBE  F00A         	call	_convertCANid2Reg	;wreg free
  8380   00105E                     
  8381                           ;mcc_generated_files/ecan.c: 177:         TXB0EIDH = tempEIDH;
  8382   00105E  0060  F1BF  F7E3   	movff	CAN_transmit@tempEIDH,14307	;volatile
  8383   001064                     
  8384                           ;mcc_generated_files/ecan.c: 178:         TXB0EIDL = tempEIDL;
  8385   001064  0060  F1C3  F7E4   	movff	CAN_transmit@tempEIDL,14308	;volatile
  8386   00106A                     
  8387                           ;mcc_generated_files/ecan.c: 179:         TXB0SIDH = tempSIDH;
  8388   00106A  0060  F1C7  F7E1   	movff	CAN_transmit@tempSIDH,14305	;volatile
  8389   001070                     
  8390                           ;mcc_generated_files/ecan.c: 180:         TXB0SIDL = tempSIDL;
  8391   001070  0060  F1CB  F7E2   	movff	CAN_transmit@tempSIDL,14306	;volatile
  8392   001076                     
  8393                           ;mcc_generated_files/ecan.c: 181:         TXB0DLC = tempCanMsg->frame.dlc;
  8394   001076  0100               	movlb	0	; () banked
  8395   001078  516E               	movf	CAN_transmit@tempCanMsg& (0+255),w,b
  8396   00107A  6ED9               	movwf	fsr2l,c
  8397   00107C  6ADA               	clrf	fsr2h,c
  8398   00107E  0E05               	movlw	5
  8399   001080  26D9               	addwf	fsr2l,f,c
  8400   001082  50DF               	movf	indf2,w,c
  8401   001084  0137               	movlb	55	; () banked
  8402   001086  6FE5               	movwf	229,b	;volatile
  8403   001088                     
  8404                           ; BSR set to: 55
  8405                           ;mcc_generated_files/ecan.c: 182:         TXB0D0 = tempCanMsg->frame.data0;
  8406   001088  0100               	movlb	0	; () banked
  8407   00108A  516E               	movf	CAN_transmit@tempCanMsg& (0+255),w,b
  8408   00108C  6ED9               	movwf	fsr2l,c
  8409   00108E  6ADA               	clrf	fsr2h,c
  8410   001090  0E06               	movlw	6
  8411   001092  26D9               	addwf	fsr2l,f,c
  8412   001094  50DF               	movf	indf2,w,c
  8413   001096  0137               	movlb	55	; () banked
  8414   001098  6FE6               	movwf	230,b	;volatile
  8415   00109A                     
  8416                           ; BSR set to: 55
  8417                           ;mcc_generated_files/ecan.c: 183:         TXB0D1 = tempCanMsg->frame.data1;
  8418   00109A  0100               	movlb	0	; () banked
  8419   00109C  516E               	movf	CAN_transmit@tempCanMsg& (0+255),w,b
  8420   00109E  6ED9               	movwf	fsr2l,c
  8421   0010A0  6ADA               	clrf	fsr2h,c
  8422   0010A2  0E07               	movlw	7
  8423   0010A4  26D9               	addwf	fsr2l,f,c
  8424   0010A6  50DF               	movf	indf2,w,c
  8425   0010A8  0137               	movlb	55	; () banked
  8426   0010AA  6FE7               	movwf	231,b	;volatile
  8427   0010AC                     
  8428                           ; BSR set to: 55
  8429                           ;mcc_generated_files/ecan.c: 184:         TXB0D2 = tempCanMsg->frame.data2;
  8430   0010AC  0100               	movlb	0	; () banked
  8431   0010AE  516E               	movf	CAN_transmit@tempCanMsg& (0+255),w,b
  8432   0010B0  6ED9               	movwf	fsr2l,c
  8433   0010B2  6ADA               	clrf	fsr2h,c
  8434   0010B4  0E08               	movlw	8
  8435   0010B6  26D9               	addwf	fsr2l,f,c
  8436   0010B8  50DF               	movf	indf2,w,c
  8437   0010BA  0137               	movlb	55	; () banked
  8438   0010BC  6FE8               	movwf	232,b	;volatile
  8439   0010BE                     
  8440                           ; BSR set to: 55
  8441                           ;mcc_generated_files/ecan.c: 185:         TXB0D3 = tempCanMsg->frame.data3;
  8442   0010BE  0100               	movlb	0	; () banked
  8443   0010C0  516E               	movf	CAN_transmit@tempCanMsg& (0+255),w,b
  8444   0010C2  6ED9               	movwf	fsr2l,c
  8445   0010C4  6ADA               	clrf	fsr2h,c
  8446   0010C6  0E09               	movlw	9
  8447   0010C8  26D9               	addwf	fsr2l,f,c
  8448   0010CA  50DF               	movf	indf2,w,c
  8449   0010CC  0137               	movlb	55	; () banked
  8450   0010CE  6FE9               	movwf	233,b	;volatile
  8451   0010D0                     
  8452                           ; BSR set to: 55
  8453                           ;mcc_generated_files/ecan.c: 186:         TXB0D4 = tempCanMsg->frame.data4;
  8454   0010D0  0100               	movlb	0	; () banked
  8455   0010D2  516E               	movf	CAN_transmit@tempCanMsg& (0+255),w,b
  8456   0010D4  6ED9               	movwf	fsr2l,c
  8457   0010D6  6ADA               	clrf	fsr2h,c
  8458   0010D8  0E0A               	movlw	10
  8459   0010DA  26D9               	addwf	fsr2l,f,c
  8460   0010DC  50DF               	movf	indf2,w,c
  8461   0010DE  0137               	movlb	55	; () banked
  8462   0010E0  6FEA               	movwf	234,b	;volatile
  8463   0010E2                     
  8464                           ; BSR set to: 55
  8465                           ;mcc_generated_files/ecan.c: 187:         TXB0D5 = tempCanMsg->frame.data5;
  8466   0010E2  0100               	movlb	0	; () banked
  8467   0010E4  516E               	movf	CAN_transmit@tempCanMsg& (0+255),w,b
  8468   0010E6  6ED9               	movwf	fsr2l,c
  8469   0010E8  6ADA               	clrf	fsr2h,c
  8470   0010EA  0E0B               	movlw	11
  8471   0010EC  26D9               	addwf	fsr2l,f,c
  8472   0010EE  50DF               	movf	indf2,w,c
  8473   0010F0  0137               	movlb	55	; () banked
  8474   0010F2  6FEB               	movwf	235,b	;volatile
  8475   0010F4                     
  8476                           ; BSR set to: 55
  8477                           ;mcc_generated_files/ecan.c: 188:         TXB0D6 = tempCanMsg->frame.data6;
  8478   0010F4  0100               	movlb	0	; () banked
  8479   0010F6  516E               	movf	CAN_transmit@tempCanMsg& (0+255),w,b
  8480   0010F8  6ED9               	movwf	fsr2l,c
  8481   0010FA  6ADA               	clrf	fsr2h,c
  8482   0010FC  0E0C               	movlw	12
  8483   0010FE  26D9               	addwf	fsr2l,f,c
  8484   001100  50DF               	movf	indf2,w,c
  8485   001102  0137               	movlb	55	; () banked
  8486   001104  6FEC               	movwf	236,b	;volatile
  8487   001106                     
  8488                           ; BSR set to: 55
  8489                           ;mcc_generated_files/ecan.c: 189:         TXB0D7 = tempCanMsg->frame.data7;
  8490   001106  0100               	movlb	0	; () banked
  8491   001108  516E               	movf	CAN_transmit@tempCanMsg& (0+255),w,b
  8492   00110A  6ED9               	movwf	fsr2l,c
  8493   00110C  6ADA               	clrf	fsr2h,c
  8494   00110E  0E0D               	movlw	13
  8495   001110  26D9               	addwf	fsr2l,f,c
  8496   001112  50DF               	movf	indf2,w,c
  8497   001114  0137               	movlb	55	; () banked
  8498   001116  6FED               	movwf	237,b	;volatile
  8499   001118                     
  8500                           ; BSR set to: 55
  8501                           ;mcc_generated_files/ecan.c: 191:         TXB0CONbits.TXREQ = 1;
  8502   001118  87E0               	bsf	224,3,b	;volatile
  8503   00111A                     l2942:
  8504                           
  8505                           ; BSR set to: 55
  8506                           ;mcc_generated_files/ecan.c: 194:     }
  8507   00111A  EF9F  F009         	goto	l566
  8508   00111E                     l561:
  8509                           
  8510                           ; BSR set to: 55
  8511   00111E  B7D0               	btfsc	208,3,b	;volatile
  8512   001120  EF94  F008         	goto	u1471
  8513   001124  EF96  F008         	goto	u1470
  8514   001128                     u1471:
  8515   001128  EF17  F009         	goto	l563
  8516   00112C                     u1470:
  8517   00112C                     
  8518                           ; BSR set to: 55
  8519                           ;mcc_generated_files/ecan.c: 196:     {;mcc_generated_files/ecan.c: 198:         convert
      +                          CANid2Reg(tempCanMsg->frame.id, tempCanMsg->frame.idType, &tempEIDH, &tempEIDL, &tempSID
      +                          H, &tempSIDL);
  8520   00112C  0100               	movlb	0	; () banked
  8521   00112E  516E               	movf	CAN_transmit@tempCanMsg& (0+255),w,b
  8522   001130  6ED9               	movwf	fsr2l,c
  8523   001132  6ADA               	clrf	fsr2h,c
  8524   001134  0E01               	movlw	1
  8525   001136  26D9               	addwf	fsr2l,f,c
  8526   001138  006F FF78  F060    	movff	postinc2,convertCANid2Reg@tempPassedInID
  8527   00113E  006F FF78  F061    	movff	postinc2,convertCANid2Reg@tempPassedInID+1
  8528   001144  006F FF78  F062    	movff	postinc2,convertCANid2Reg@tempPassedInID+2
  8529   00114A  006F FF78  F063    	movff	postinc2,convertCANid2Reg@tempPassedInID+3
  8530   001150  516E               	movf	CAN_transmit@tempCanMsg& (0+255),w,b
  8531   001152  6ED9               	movwf	fsr2l,c
  8532   001154  6ADA               	clrf	fsr2h,c
  8533   001156  50DF               	movf	indf2,w,c
  8534   001158  6F64               	movwf	convertCANid2Reg@canIdType& (0+255),b
  8535   00115A  0E6F               	movlw	low CAN_transmit@tempEIDH
  8536   00115C  6F65               	movwf	convertCANid2Reg@passedInEIDH& (0+255),b
  8537   00115E  0E70               	movlw	low CAN_transmit@tempEIDL
  8538   001160  6F66               	movwf	convertCANid2Reg@passedInEIDL& (0+255),b
  8539   001162  0E71               	movlw	low CAN_transmit@tempSIDH
  8540   001164  6F67               	movwf	convertCANid2Reg@passedInSIDH& (0+255),b
  8541   001166  0E72               	movlw	low CAN_transmit@tempSIDL
  8542   001168  6F68               	movwf	convertCANid2Reg@passedInSIDL& (0+255),b
  8543   00116A  ECBE  F00A         	call	_convertCANid2Reg	;wreg free
  8544   00116E                     
  8545                           ;mcc_generated_files/ecan.c: 200:         TXB1EIDH = tempEIDH;
  8546   00116E  0060  F1BF  F7D3   	movff	CAN_transmit@tempEIDH,14291	;volatile
  8547   001174                     
  8548                           ;mcc_generated_files/ecan.c: 201:         TXB1EIDL = tempEIDL;
  8549   001174  0060  F1C3  F7D4   	movff	CAN_transmit@tempEIDL,14292	;volatile
  8550   00117A                     
  8551                           ;mcc_generated_files/ecan.c: 202:         TXB1SIDH = tempSIDH;
  8552   00117A  0060  F1C7  F7D1   	movff	CAN_transmit@tempSIDH,14289	;volatile
  8553   001180                     
  8554                           ;mcc_generated_files/ecan.c: 203:         TXB1SIDL = tempSIDL;
  8555   001180  0060  F1CB  F7D2   	movff	CAN_transmit@tempSIDL,14290	;volatile
  8556   001186                     
  8557                           ;mcc_generated_files/ecan.c: 204:         TXB1DLC = tempCanMsg->frame.dlc;
  8558   001186  0100               	movlb	0	; () banked
  8559   001188  516E               	movf	CAN_transmit@tempCanMsg& (0+255),w,b
  8560   00118A  6ED9               	movwf	fsr2l,c
  8561   00118C  6ADA               	clrf	fsr2h,c
  8562   00118E  0E05               	movlw	5
  8563   001190  26D9               	addwf	fsr2l,f,c
  8564   001192  50DF               	movf	indf2,w,c
  8565   001194  0137               	movlb	55	; () banked
  8566   001196  6FD5               	movwf	213,b	;volatile
  8567   001198                     
  8568                           ; BSR set to: 55
  8569                           ;mcc_generated_files/ecan.c: 205:         TXB1D0 = tempCanMsg->frame.data0;
  8570   001198  0100               	movlb	0	; () banked
  8571   00119A  516E               	movf	CAN_transmit@tempCanMsg& (0+255),w,b
  8572   00119C  6ED9               	movwf	fsr2l,c
  8573   00119E  6ADA               	clrf	fsr2h,c
  8574   0011A0  0E06               	movlw	6
  8575   0011A2  26D9               	addwf	fsr2l,f,c
  8576   0011A4  50DF               	movf	indf2,w,c
  8577   0011A6  0137               	movlb	55	; () banked
  8578   0011A8  6FD6               	movwf	214,b	;volatile
  8579   0011AA                     
  8580                           ; BSR set to: 55
  8581                           ;mcc_generated_files/ecan.c: 206:         TXB1D1 = tempCanMsg->frame.data1;
  8582   0011AA  0100               	movlb	0	; () banked
  8583   0011AC  516E               	movf	CAN_transmit@tempCanMsg& (0+255),w,b
  8584   0011AE  6ED9               	movwf	fsr2l,c
  8585   0011B0  6ADA               	clrf	fsr2h,c
  8586   0011B2  0E07               	movlw	7
  8587   0011B4  26D9               	addwf	fsr2l,f,c
  8588   0011B6  50DF               	movf	indf2,w,c
  8589   0011B8  0137               	movlb	55	; () banked
  8590   0011BA  6FD7               	movwf	215,b	;volatile
  8591   0011BC                     
  8592                           ; BSR set to: 55
  8593                           ;mcc_generated_files/ecan.c: 207:         TXB1D2 = tempCanMsg->frame.data2;
  8594   0011BC  0100               	movlb	0	; () banked
  8595   0011BE  516E               	movf	CAN_transmit@tempCanMsg& (0+255),w,b
  8596   0011C0  6ED9               	movwf	fsr2l,c
  8597   0011C2  6ADA               	clrf	fsr2h,c
  8598   0011C4  0E08               	movlw	8
  8599   0011C6  26D9               	addwf	fsr2l,f,c
  8600   0011C8  50DF               	movf	indf2,w,c
  8601   0011CA  0137               	movlb	55	; () banked
  8602   0011CC  6FD8               	movwf	216,b	;volatile
  8603   0011CE                     
  8604                           ; BSR set to: 55
  8605                           ;mcc_generated_files/ecan.c: 208:         TXB1D3 = tempCanMsg->frame.data3;
  8606   0011CE  0100               	movlb	0	; () banked
  8607   0011D0  516E               	movf	CAN_transmit@tempCanMsg& (0+255),w,b
  8608   0011D2  6ED9               	movwf	fsr2l,c
  8609   0011D4  6ADA               	clrf	fsr2h,c
  8610   0011D6  0E09               	movlw	9
  8611   0011D8  26D9               	addwf	fsr2l,f,c
  8612   0011DA  50DF               	movf	indf2,w,c
  8613   0011DC  0137               	movlb	55	; () banked
  8614   0011DE  6FD9               	movwf	217,b	;volatile
  8615   0011E0                     
  8616                           ; BSR set to: 55
  8617                           ;mcc_generated_files/ecan.c: 209:         TXB1D4 = tempCanMsg->frame.data4;
  8618   0011E0  0100               	movlb	0	; () banked
  8619   0011E2  516E               	movf	CAN_transmit@tempCanMsg& (0+255),w,b
  8620   0011E4  6ED9               	movwf	fsr2l,c
  8621   0011E6  6ADA               	clrf	fsr2h,c
  8622   0011E8  0E0A               	movlw	10
  8623   0011EA  26D9               	addwf	fsr2l,f,c
  8624   0011EC  50DF               	movf	indf2,w,c
  8625   0011EE  0137               	movlb	55	; () banked
  8626   0011F0  6FDA               	movwf	218,b	;volatile
  8627   0011F2                     
  8628                           ; BSR set to: 55
  8629                           ;mcc_generated_files/ecan.c: 210:         TXB1D5 = tempCanMsg->frame.data5;
  8630   0011F2  0100               	movlb	0	; () banked
  8631   0011F4  516E               	movf	CAN_transmit@tempCanMsg& (0+255),w,b
  8632   0011F6  6ED9               	movwf	fsr2l,c
  8633   0011F8  6ADA               	clrf	fsr2h,c
  8634   0011FA  0E0B               	movlw	11
  8635   0011FC  26D9               	addwf	fsr2l,f,c
  8636   0011FE  50DF               	movf	indf2,w,c
  8637   001200  0137               	movlb	55	; () banked
  8638   001202  6FDB               	movwf	219,b	;volatile
  8639   001204                     
  8640                           ; BSR set to: 55
  8641                           ;mcc_generated_files/ecan.c: 211:         TXB1D6 = tempCanMsg->frame.data6;
  8642   001204  0100               	movlb	0	; () banked
  8643   001206  516E               	movf	CAN_transmit@tempCanMsg& (0+255),w,b
  8644   001208  6ED9               	movwf	fsr2l,c
  8645   00120A  6ADA               	clrf	fsr2h,c
  8646   00120C  0E0C               	movlw	12
  8647   00120E  26D9               	addwf	fsr2l,f,c
  8648   001210  50DF               	movf	indf2,w,c
  8649   001212  0137               	movlb	55	; () banked
  8650   001214  6FDC               	movwf	220,b	;volatile
  8651   001216                     
  8652                           ; BSR set to: 55
  8653                           ;mcc_generated_files/ecan.c: 212:         TXB1D7 = tempCanMsg->frame.data7;
  8654   001216  0100               	movlb	0	; () banked
  8655   001218  516E               	movf	CAN_transmit@tempCanMsg& (0+255),w,b
  8656   00121A  6ED9               	movwf	fsr2l,c
  8657   00121C  6ADA               	clrf	fsr2h,c
  8658   00121E  0E0D               	movlw	13
  8659   001220  26D9               	addwf	fsr2l,f,c
  8660   001222  50DF               	movf	indf2,w,c
  8661   001224  0137               	movlb	55	; () banked
  8662   001226  6FDD               	movwf	221,b	;volatile
  8663   001228                     
  8664                           ; BSR set to: 55
  8665                           ;mcc_generated_files/ecan.c: 214:         TXB1CONbits.TXREQ = 1;
  8666   001228  87D0               	bsf	208,3,b	;volatile
  8667   00122A  EF8D  F008         	goto	l2942
  8668   00122E                     l563:
  8669                           
  8670                           ; BSR set to: 55
  8671   00122E  B7C0               	btfsc	192,3,b	;volatile
  8672   001230  EF1C  F009         	goto	u1481
  8673   001234  EF1E  F009         	goto	u1480
  8674   001238                     u1481:
  8675   001238  EF9F  F009         	goto	l566
  8676   00123C                     u1480:
  8677   00123C                     
  8678                           ; BSR set to: 55
  8679                           ;mcc_generated_files/ecan.c: 218:     {;mcc_generated_files/ecan.c: 220:         convert
      +                          CANid2Reg(tempCanMsg->frame.id, tempCanMsg->frame.idType, &tempEIDH, &tempEIDL, &tempSID
      +                          H, &tempSIDL);
  8680   00123C  0100               	movlb	0	; () banked
  8681   00123E  516E               	movf	CAN_transmit@tempCanMsg& (0+255),w,b
  8682   001240  6ED9               	movwf	fsr2l,c
  8683   001242  6ADA               	clrf	fsr2h,c
  8684   001244  0E01               	movlw	1
  8685   001246  26D9               	addwf	fsr2l,f,c
  8686   001248  006F FF78  F060    	movff	postinc2,convertCANid2Reg@tempPassedInID
  8687   00124E  006F FF78  F061    	movff	postinc2,convertCANid2Reg@tempPassedInID+1
  8688   001254  006F FF78  F062    	movff	postinc2,convertCANid2Reg@tempPassedInID+2
  8689   00125A  006F FF78  F063    	movff	postinc2,convertCANid2Reg@tempPassedInID+3
  8690   001260  516E               	movf	CAN_transmit@tempCanMsg& (0+255),w,b
  8691   001262  6ED9               	movwf	fsr2l,c
  8692   001264  6ADA               	clrf	fsr2h,c
  8693   001266  50DF               	movf	indf2,w,c
  8694   001268  6F64               	movwf	convertCANid2Reg@canIdType& (0+255),b
  8695   00126A  0E6F               	movlw	low CAN_transmit@tempEIDH
  8696   00126C  6F65               	movwf	convertCANid2Reg@passedInEIDH& (0+255),b
  8697   00126E  0E70               	movlw	low CAN_transmit@tempEIDL
  8698   001270  6F66               	movwf	convertCANid2Reg@passedInEIDL& (0+255),b
  8699   001272  0E71               	movlw	low CAN_transmit@tempSIDH
  8700   001274  6F67               	movwf	convertCANid2Reg@passedInSIDH& (0+255),b
  8701   001276  0E72               	movlw	low CAN_transmit@tempSIDL
  8702   001278  6F68               	movwf	convertCANid2Reg@passedInSIDL& (0+255),b
  8703   00127A  ECBE  F00A         	call	_convertCANid2Reg	;wreg free
  8704   00127E                     
  8705                           ;mcc_generated_files/ecan.c: 222:         TXB2EIDH = tempEIDH;
  8706   00127E  0060  F1BF  F7C3   	movff	CAN_transmit@tempEIDH,14275	;volatile
  8707   001284                     
  8708                           ;mcc_generated_files/ecan.c: 223:         TXB2EIDL = tempEIDL;
  8709   001284  0060  F1C3  F7C4   	movff	CAN_transmit@tempEIDL,14276	;volatile
  8710   00128A                     
  8711                           ;mcc_generated_files/ecan.c: 224:         TXB2SIDH = tempSIDH;
  8712   00128A  0060  F1C7  F7C1   	movff	CAN_transmit@tempSIDH,14273	;volatile
  8713   001290                     
  8714                           ;mcc_generated_files/ecan.c: 225:         TXB2SIDL = tempSIDL;
  8715   001290  0060  F1CB  F7C2   	movff	CAN_transmit@tempSIDL,14274	;volatile
  8716   001296                     
  8717                           ;mcc_generated_files/ecan.c: 226:         TXB2DLC = tempCanMsg->frame.dlc;
  8718   001296  0100               	movlb	0	; () banked
  8719   001298  516E               	movf	CAN_transmit@tempCanMsg& (0+255),w,b
  8720   00129A  6ED9               	movwf	fsr2l,c
  8721   00129C  6ADA               	clrf	fsr2h,c
  8722   00129E  0E05               	movlw	5
  8723   0012A0  26D9               	addwf	fsr2l,f,c
  8724   0012A2  50DF               	movf	indf2,w,c
  8725   0012A4  0137               	movlb	55	; () banked
  8726   0012A6  6FC5               	movwf	197,b	;volatile
  8727   0012A8                     
  8728                           ; BSR set to: 55
  8729                           ;mcc_generated_files/ecan.c: 227:         TXB2D0 = tempCanMsg->frame.data0;
  8730   0012A8  0100               	movlb	0	; () banked
  8731   0012AA  516E               	movf	CAN_transmit@tempCanMsg& (0+255),w,b
  8732   0012AC  6ED9               	movwf	fsr2l,c
  8733   0012AE  6ADA               	clrf	fsr2h,c
  8734   0012B0  0E06               	movlw	6
  8735   0012B2  26D9               	addwf	fsr2l,f,c
  8736   0012B4  50DF               	movf	indf2,w,c
  8737   0012B6  0137               	movlb	55	; () banked
  8738   0012B8  6FC6               	movwf	198,b	;volatile
  8739   0012BA                     
  8740                           ; BSR set to: 55
  8741                           ;mcc_generated_files/ecan.c: 228:         TXB2D1 = tempCanMsg->frame.data1;
  8742   0012BA  0100               	movlb	0	; () banked
  8743   0012BC  516E               	movf	CAN_transmit@tempCanMsg& (0+255),w,b
  8744   0012BE  6ED9               	movwf	fsr2l,c
  8745   0012C0  6ADA               	clrf	fsr2h,c
  8746   0012C2  0E07               	movlw	7
  8747   0012C4  26D9               	addwf	fsr2l,f,c
  8748   0012C6  50DF               	movf	indf2,w,c
  8749   0012C8  0137               	movlb	55	; () banked
  8750   0012CA  6FC7               	movwf	199,b	;volatile
  8751   0012CC                     
  8752                           ; BSR set to: 55
  8753                           ;mcc_generated_files/ecan.c: 229:         TXB2D2 = tempCanMsg->frame.data2;
  8754   0012CC  0100               	movlb	0	; () banked
  8755   0012CE  516E               	movf	CAN_transmit@tempCanMsg& (0+255),w,b
  8756   0012D0  6ED9               	movwf	fsr2l,c
  8757   0012D2  6ADA               	clrf	fsr2h,c
  8758   0012D4  0E08               	movlw	8
  8759   0012D6  26D9               	addwf	fsr2l,f,c
  8760   0012D8  50DF               	movf	indf2,w,c
  8761   0012DA  0137               	movlb	55	; () banked
  8762   0012DC  6FC8               	movwf	200,b	;volatile
  8763   0012DE                     
  8764                           ; BSR set to: 55
  8765                           ;mcc_generated_files/ecan.c: 230:         TXB2D3 = tempCanMsg->frame.data3;
  8766   0012DE  0100               	movlb	0	; () banked
  8767   0012E0  516E               	movf	CAN_transmit@tempCanMsg& (0+255),w,b
  8768   0012E2  6ED9               	movwf	fsr2l,c
  8769   0012E4  6ADA               	clrf	fsr2h,c
  8770   0012E6  0E09               	movlw	9
  8771   0012E8  26D9               	addwf	fsr2l,f,c
  8772   0012EA  50DF               	movf	indf2,w,c
  8773   0012EC  0137               	movlb	55	; () banked
  8774   0012EE  6FC9               	movwf	201,b	;volatile
  8775   0012F0                     
  8776                           ; BSR set to: 55
  8777                           ;mcc_generated_files/ecan.c: 231:         TXB2D4 = tempCanMsg->frame.data4;
  8778   0012F0  0100               	movlb	0	; () banked
  8779   0012F2  516E               	movf	CAN_transmit@tempCanMsg& (0+255),w,b
  8780   0012F4  6ED9               	movwf	fsr2l,c
  8781   0012F6  6ADA               	clrf	fsr2h,c
  8782   0012F8  0E0A               	movlw	10
  8783   0012FA  26D9               	addwf	fsr2l,f,c
  8784   0012FC  50DF               	movf	indf2,w,c
  8785   0012FE  0137               	movlb	55	; () banked
  8786   001300  6FCA               	movwf	202,b	;volatile
  8787   001302                     
  8788                           ; BSR set to: 55
  8789                           ;mcc_generated_files/ecan.c: 232:         TXB2D5 = tempCanMsg->frame.data5;
  8790   001302  0100               	movlb	0	; () banked
  8791   001304  516E               	movf	CAN_transmit@tempCanMsg& (0+255),w,b
  8792   001306  6ED9               	movwf	fsr2l,c
  8793   001308  6ADA               	clrf	fsr2h,c
  8794   00130A  0E0B               	movlw	11
  8795   00130C  26D9               	addwf	fsr2l,f,c
  8796   00130E  50DF               	movf	indf2,w,c
  8797   001310  0137               	movlb	55	; () banked
  8798   001312  6FCB               	movwf	203,b	;volatile
  8799   001314                     
  8800                           ; BSR set to: 55
  8801                           ;mcc_generated_files/ecan.c: 233:         TXB2D6 = tempCanMsg->frame.data6;
  8802   001314  0100               	movlb	0	; () banked
  8803   001316  516E               	movf	CAN_transmit@tempCanMsg& (0+255),w,b
  8804   001318  6ED9               	movwf	fsr2l,c
  8805   00131A  6ADA               	clrf	fsr2h,c
  8806   00131C  0E0C               	movlw	12
  8807   00131E  26D9               	addwf	fsr2l,f,c
  8808   001320  50DF               	movf	indf2,w,c
  8809   001322  0137               	movlb	55	; () banked
  8810   001324  6FCC               	movwf	204,b	;volatile
  8811   001326                     
  8812                           ; BSR set to: 55
  8813                           ;mcc_generated_files/ecan.c: 234:         TXB2D7 = tempCanMsg->frame.data7;
  8814   001326  0100               	movlb	0	; () banked
  8815   001328  516E               	movf	CAN_transmit@tempCanMsg& (0+255),w,b
  8816   00132A  6ED9               	movwf	fsr2l,c
  8817   00132C  6ADA               	clrf	fsr2h,c
  8818   00132E  0E0D               	movlw	13
  8819   001330  26D9               	addwf	fsr2l,f,c
  8820   001332  50DF               	movf	indf2,w,c
  8821   001334  0137               	movlb	55	; () banked
  8822   001336  6FCD               	movwf	205,b	;volatile
  8823   001338                     
  8824                           ; BSR set to: 55
  8825                           ;mcc_generated_files/ecan.c: 236:         TXB2CONbits.TXREQ = 1;
  8826   001338  87C0               	bsf	192,3,b	;volatile
  8827   00133A  EF8D  F008         	goto	l2942
  8828   00133E                     l566:
  8829                           
  8830                           ; BSR set to: 55
  8831   00133E  0012               	return		;funcret
  8832   001340                     __end_of_CAN_transmit:
  8833                           	callstack 0
  8834                           
  8835 ;; *************** function _convertCANid2Reg *****************
  8836 ;; Defined at:
  8837 ;;		line 402 in file "mcc_generated_files/ecan.c"
  8838 ;; Parameters:    Size  Location     Type
  8839 ;;  tempPassedIn    4    0[BANK0 ] unsigned long 
  8840 ;;  canIdType       1    4[BANK0 ] unsigned char 
  8841 ;;  passedInEIDH    1    5[BANK0 ] PTR unsigned char 
  8842 ;;		 -> CAN_transmit@tempEIDH(1), 
  8843 ;;  passedInEIDL    1    6[BANK0 ] PTR unsigned char 
  8844 ;;		 -> CAN_transmit@tempEIDL(1), 
  8845 ;;  passedInSIDH    1    7[BANK0 ] PTR unsigned char 
  8846 ;;		 -> CAN_transmit@tempSIDH(1), 
  8847 ;;  passedInSIDL    1    8[BANK0 ] PTR unsigned char 
  8848 ;;		 -> CAN_transmit@tempSIDL(1), 
  8849 ;; Auto vars:     Size  Location     Type
  8850 ;;  wipSIDL         1   13[BANK0 ] unsigned char 
  8851 ;; Return value:  Size  Location     Type
  8852 ;;                  1    wreg      void 
  8853 ;; Registers used:
  8854 ;;		wreg, fsr2l, fsr2h, status,2, status,0
  8855 ;; Tracked objects:
  8856 ;;		On entry : 0/0
  8857 ;;		On exit  : 0/0
  8858 ;;		Unchanged: 0/0
  8859 ;; Data sizes:     COMRAM   BANK0   BANK1   BANK2   BANK3   BANK4   BANK5   BANK6   BANK7   BANK8   BANK9  BANK10  BANK1
      +1  BANK12  BANK13  BANK14  BANK15
  8860 ;;      Params:         0       9       0       0       0       0       0       0       0       0       0       0       
      +0       0       0       0       0
  8861 ;;      Locals:         0       1       0       0       0       0       0       0       0       0       0       0       
      +0       0       0       0       0
  8862 ;;      Temps:          0       4       0       0       0       0       0       0       0       0       0       0       
      +0       0       0       0       0
  8863 ;;      Totals:         0      14       0       0       0       0       0       0       0       0       0       0       
      +0       0       0       0       0
  8864 ;;Total ram usage:       14 bytes
  8865 ;; Hardware stack levels used: 1
  8866 ;; Hardware stack levels required when called: 4
  8867 ;; This function calls:
  8868 ;;		Nothing
  8869 ;; This function is called by:
  8870 ;;		_CAN_transmit
  8871 ;; This function uses a non-reentrant model
  8872 ;;
  8873                           
  8874                           	psect	text18
  8875   00157C                     __ptext18:
  8876                           	callstack 0
  8877   00157C                     _convertCANid2Reg:
  8878                           	callstack 24
  8879   00157C                     
  8880                           ;mcc_generated_files/ecan.c: 406:     if (canIdType == 2) {
  8881   00157C  0E02               	movlw	2
  8882   00157E  0100               	movlb	0	; () banked
  8883   001580  1964               	xorwf	convertCANid2Reg@canIdType& (0+255),w,b
  8884   001582  A4D8               	btfss	status,2,c
  8885   001584  EFC6  F00A         	goto	u1411
  8886   001588  EFC8  F00A         	goto	u1410
  8887   00158C                     u1411:
  8888   00158C  EF4A  F00B         	goto	l2822
  8889   001590                     u1410:
  8890   001590                     
  8891                           ; BSR set to: 0
  8892                           ;mcc_generated_files/ecan.c: 409:         *passedInEIDL = 0xFF & tempPassedInID;
  8893   001590  5166               	movf	convertCANid2Reg@passedInEIDL& (0+255),w,b
  8894   001592  6ED9               	movwf	fsr2l,c
  8895   001594  6ADA               	clrf	fsr2h,c
  8896   001596  0060  F183  FFDF   	movff	convertCANid2Reg@tempPassedInID,indf2
  8897   00159C                     
  8898                           ; BSR set to: 0
  8899                           ;mcc_generated_files/ecan.c: 410:         tempPassedInID = tempPassedInID >> 8;
  8900   00159C  C060  F069         	movff	convertCANid2Reg@tempPassedInID,??_convertCANid2Reg
  8901   0015A0  C061  F06A         	movff	convertCANid2Reg@tempPassedInID+1,??_convertCANid2Reg+1
  8902   0015A4  C062  F06B         	movff	convertCANid2Reg@tempPassedInID+2,??_convertCANid2Reg+2
  8903   0015A8  C063  F06C         	movff	convertCANid2Reg@tempPassedInID+3,??_convertCANid2Reg+3
  8904   0015AC  C06A  F069         	movff	??_convertCANid2Reg+1,??_convertCANid2Reg
  8905   0015B0  C06B  F06A         	movff	??_convertCANid2Reg+2,??_convertCANid2Reg+1
  8906   0015B4  C06C  F06B         	movff	??_convertCANid2Reg+3,??_convertCANid2Reg+2
  8907   0015B8  6B6C               	clrf	(??_convertCANid2Reg+3)& (0+255),b
  8908   0015BA  C069  F060         	movff	??_convertCANid2Reg,convertCANid2Reg@tempPassedInID
  8909   0015BE  C06A  F061         	movff	??_convertCANid2Reg+1,convertCANid2Reg@tempPassedInID+1
  8910   0015C2  C06B  F062         	movff	??_convertCANid2Reg+2,convertCANid2Reg@tempPassedInID+2
  8911   0015C6  C06C  F063         	movff	??_convertCANid2Reg+3,convertCANid2Reg@tempPassedInID+3
  8912   0015CA                     
  8913                           ; BSR set to: 0
  8914                           ;mcc_generated_files/ecan.c: 413:         *passedInEIDH = 0xFF & tempPassedInID;
  8915   0015CA  5165               	movf	convertCANid2Reg@passedInEIDH& (0+255),w,b
  8916   0015CC  6ED9               	movwf	fsr2l,c
  8917   0015CE  6ADA               	clrf	fsr2h,c
  8918   0015D0  0060  F183  FFDF   	movff	convertCANid2Reg@tempPassedInID,indf2
  8919                           
  8920                           ;mcc_generated_files/ecan.c: 414:         tempPassedInID = tempPassedInID >> 8;
  8921   0015D6  C060  F069         	movff	convertCANid2Reg@tempPassedInID,??_convertCANid2Reg
  8922   0015DA  C061  F06A         	movff	convertCANid2Reg@tempPassedInID+1,??_convertCANid2Reg+1
  8923   0015DE  C062  F06B         	movff	convertCANid2Reg@tempPassedInID+2,??_convertCANid2Reg+2
  8924   0015E2  C063  F06C         	movff	convertCANid2Reg@tempPassedInID+3,??_convertCANid2Reg+3
  8925   0015E6  C06A  F069         	movff	??_convertCANid2Reg+1,??_convertCANid2Reg
  8926   0015EA  C06B  F06A         	movff	??_convertCANid2Reg+2,??_convertCANid2Reg+1
  8927   0015EE  C06C  F06B         	movff	??_convertCANid2Reg+3,??_convertCANid2Reg+2
  8928   0015F2  6B6C               	clrf	(??_convertCANid2Reg+3)& (0+255),b
  8929   0015F4  C069  F060         	movff	??_convertCANid2Reg,convertCANid2Reg@tempPassedInID
  8930   0015F8  C06A  F061         	movff	??_convertCANid2Reg+1,convertCANid2Reg@tempPassedInID+1
  8931   0015FC  C06B  F062         	movff	??_convertCANid2Reg+2,convertCANid2Reg@tempPassedInID+2
  8932   001600  C06C  F063         	movff	??_convertCANid2Reg+3,convertCANid2Reg@tempPassedInID+3
  8933   001604                     
  8934                           ; BSR set to: 0
  8935                           ;mcc_generated_files/ecan.c: 418:         wipSIDL = 0x03 & tempPassedInID;
  8936   001604  5160               	movf	convertCANid2Reg@tempPassedInID& (0+255),w,b
  8937   001606  0B03               	andlw	3
  8938   001608  6F6D               	movwf	convertCANid2Reg@wipSIDL& (0+255),b
  8939   00160A                     
  8940                           ; BSR set to: 0
  8941                           ;mcc_generated_files/ecan.c: 419:         tempPassedInID = tempPassedInID << 3;
  8942   00160A  C060  F069         	movff	convertCANid2Reg@tempPassedInID,??_convertCANid2Reg
  8943   00160E  C061  F06A         	movff	convertCANid2Reg@tempPassedInID+1,??_convertCANid2Reg+1
  8944   001612  C062  F06B         	movff	convertCANid2Reg@tempPassedInID+2,??_convertCANid2Reg+2
  8945   001616  C063  F06C         	movff	convertCANid2Reg@tempPassedInID+3,??_convertCANid2Reg+3
  8946   00161A  0E03               	movlw	3
  8947   00161C                     u1425:
  8948   00161C  90D8               	bcf	status,0,c
  8949   00161E  3769               	rlcf	??_convertCANid2Reg& (0+255),f,b
  8950   001620  376A               	rlcf	(??_convertCANid2Reg+1)& (0+255),f,b
  8951   001622  376B               	rlcf	(??_convertCANid2Reg+2)& (0+255),f,b
  8952   001624  376C               	rlcf	(??_convertCANid2Reg+3)& (0+255),f,b
  8953   001626  2EE8               	decfsz	wreg,f,c
  8954   001628  EF0E  F00B         	goto	u1425
  8955   00162C  C069  F060         	movff	??_convertCANid2Reg,convertCANid2Reg@tempPassedInID
  8956   001630  C06A  F061         	movff	??_convertCANid2Reg+1,convertCANid2Reg@tempPassedInID+1
  8957   001634  C06B  F062         	movff	??_convertCANid2Reg+2,convertCANid2Reg@tempPassedInID+2
  8958   001638  C06C  F063         	movff	??_convertCANid2Reg+3,convertCANid2Reg@tempPassedInID+3
  8959   00163C                     
  8960                           ; BSR set to: 0
  8961                           ;mcc_generated_files/ecan.c: 420:         wipSIDL = (0xE0 & tempPassedInID) + wipSIDL;
  8962   00163C  5160               	movf	convertCANid2Reg@tempPassedInID& (0+255),w,b
  8963   00163E  0BE0               	andlw	224
  8964   001640  256D               	addwf	convertCANid2Reg@wipSIDL& (0+255),w,b
  8965   001642  6F6D               	movwf	convertCANid2Reg@wipSIDL& (0+255),b
  8966   001644                     
  8967                           ; BSR set to: 0
  8968                           ;mcc_generated_files/ecan.c: 421:         wipSIDL = (uint8_t)(wipSIDL + 0x08);
  8969   001644  516D               	movf	convertCANid2Reg@wipSIDL& (0+255),w,b
  8970   001646  0F08               	addlw	8
  8971   001648  6F6D               	movwf	convertCANid2Reg@wipSIDL& (0+255),b
  8972   00164A                     
  8973                           ; BSR set to: 0
  8974                           ;mcc_generated_files/ecan.c: 422:         *passedInSIDL = (uint8_t)(0xEB & wipSIDL);
  8975   00164A  5168               	movf	convertCANid2Reg@passedInSIDL& (0+255),w,b
  8976   00164C  6ED9               	movwf	fsr2l,c
  8977   00164E  6ADA               	clrf	fsr2h,c
  8978   001650  516D               	movf	convertCANid2Reg@wipSIDL& (0+255),w,b
  8979   001652  0BEB               	andlw	235
  8980   001654  6EDF               	movwf	indf2,c
  8981   001656                     l2818:
  8982                           
  8983                           ; BSR set to: 0
  8984                           ;mcc_generated_files/ecan.c: 425:         tempPassedInID = tempPassedInID >> 8;
  8985   001656  C060  F069         	movff	convertCANid2Reg@tempPassedInID,??_convertCANid2Reg
  8986   00165A  C061  F06A         	movff	convertCANid2Reg@tempPassedInID+1,??_convertCANid2Reg+1
  8987   00165E  C062  F06B         	movff	convertCANid2Reg@tempPassedInID+2,??_convertCANid2Reg+2
  8988   001662  C063  F06C         	movff	convertCANid2Reg@tempPassedInID+3,??_convertCANid2Reg+3
  8989   001666  C06A  F069         	movff	??_convertCANid2Reg+1,??_convertCANid2Reg
  8990   00166A  C06B  F06A         	movff	??_convertCANid2Reg+2,??_convertCANid2Reg+1
  8991   00166E  C06C  F06B         	movff	??_convertCANid2Reg+3,??_convertCANid2Reg+2
  8992   001672  6B6C               	clrf	(??_convertCANid2Reg+3)& (0+255),b
  8993   001674  C069  F060         	movff	??_convertCANid2Reg,convertCANid2Reg@tempPassedInID
  8994   001678  C06A  F061         	movff	??_convertCANid2Reg+1,convertCANid2Reg@tempPassedInID+1
  8995   00167C  C06B  F062         	movff	??_convertCANid2Reg+2,convertCANid2Reg@tempPassedInID+2
  8996   001680  C06C  F063         	movff	??_convertCANid2Reg+3,convertCANid2Reg@tempPassedInID+3
  8997   001684                     
  8998                           ; BSR set to: 0
  8999                           ;mcc_generated_files/ecan.c: 426:         *passedInSIDH = 0xFF & tempPassedInID;
  9000   001684  5167               	movf	convertCANid2Reg@passedInSIDH& (0+255),w,b
  9001   001686  6ED9               	movwf	fsr2l,c
  9002   001688  6ADA               	clrf	fsr2h,c
  9003   00168A  0060  F183  FFDF   	movff	convertCANid2Reg@tempPassedInID,indf2
  9004                           
  9005                           ;mcc_generated_files/ecan.c: 427:     }
  9006   001690  EF73  F00B         	goto	l604
  9007   001694                     l2822:
  9008                           
  9009                           ; BSR set to: 0
  9010                           ;mcc_generated_files/ecan.c: 429:     {;mcc_generated_files/ecan.c: 430:         *passed
      +                          InEIDH = 0;
  9011   001694  5165               	movf	convertCANid2Reg@passedInEIDH& (0+255),w,b
  9012   001696  6ED9               	movwf	fsr2l,c
  9013   001698  6ADA               	clrf	fsr2h,c
  9014   00169A  6ADF               	clrf	indf2,c
  9015                           
  9016                           ;mcc_generated_files/ecan.c: 431:         *passedInEIDL = 0;
  9017   00169C  5166               	movf	convertCANid2Reg@passedInEIDL& (0+255),w,b
  9018   00169E  6ED9               	movwf	fsr2l,c
  9019   0016A0  6ADA               	clrf	fsr2h,c
  9020   0016A2  6ADF               	clrf	indf2,c
  9021   0016A4                     
  9022                           ; BSR set to: 0
  9023                           ;mcc_generated_files/ecan.c: 432:         tempPassedInID = tempPassedInID << 5;
  9024   0016A4  C060  F069         	movff	convertCANid2Reg@tempPassedInID,??_convertCANid2Reg
  9025   0016A8  C061  F06A         	movff	convertCANid2Reg@tempPassedInID+1,??_convertCANid2Reg+1
  9026   0016AC  C062  F06B         	movff	convertCANid2Reg@tempPassedInID+2,??_convertCANid2Reg+2
  9027   0016B0  C063  F06C         	movff	convertCANid2Reg@tempPassedInID+3,??_convertCANid2Reg+3
  9028   0016B4  0E05               	movlw	5
  9029   0016B6                     u1435:
  9030   0016B6  90D8               	bcf	status,0,c
  9031   0016B8  3769               	rlcf	??_convertCANid2Reg& (0+255),f,b
  9032   0016BA  376A               	rlcf	(??_convertCANid2Reg+1)& (0+255),f,b
  9033   0016BC  376B               	rlcf	(??_convertCANid2Reg+2)& (0+255),f,b
  9034   0016BE  376C               	rlcf	(??_convertCANid2Reg+3)& (0+255),f,b
  9035   0016C0  2EE8               	decfsz	wreg,f,c
  9036   0016C2  EF5B  F00B         	goto	u1435
  9037   0016C6  C069  F060         	movff	??_convertCANid2Reg,convertCANid2Reg@tempPassedInID
  9038   0016CA  C06A  F061         	movff	??_convertCANid2Reg+1,convertCANid2Reg@tempPassedInID+1
  9039   0016CE  C06B  F062         	movff	??_convertCANid2Reg+2,convertCANid2Reg@tempPassedInID+2
  9040   0016D2  C06C  F063         	movff	??_convertCANid2Reg+3,convertCANid2Reg@tempPassedInID+3
  9041   0016D6                     
  9042                           ; BSR set to: 0
  9043                           ;mcc_generated_files/ecan.c: 433:         *passedInSIDL = 0xFF & tempPassedInID;
  9044   0016D6  5168               	movf	convertCANid2Reg@passedInSIDL& (0+255),w,b
  9045   0016D8  6ED9               	movwf	fsr2l,c
  9046   0016DA  6ADA               	clrf	fsr2h,c
  9047   0016DC  0060  F183  FFDF   	movff	convertCANid2Reg@tempPassedInID,indf2
  9048   0016E2  EF2B  F00B         	goto	l2818
  9049   0016E6                     l604:
  9050                           
  9051                           ; BSR set to: 0
  9052   0016E6  0012               	return		;funcret
  9053   0016E8                     __end_of_convertCANid2Reg:
  9054                           	callstack 0
  9055                           
  9056 ;; *************** function _ECAN_Initialize_user *****************
  9057 ;; Defined at:
  9058 ;;		line 199 in file "main.c"
  9059 ;; Parameters:    Size  Location     Type
  9060 ;;		None
  9061 ;; Auto vars:     Size  Location     Type
  9062 ;;		None
  9063 ;; Return value:  Size  Location     Type
  9064 ;;                  1    wreg      void 
  9065 ;; Registers used:
  9066 ;;		wreg, status,2, status,0, cstack
  9067 ;; Tracked objects:
  9068 ;;		On entry : 0/0
  9069 ;;		On exit  : 0/0
  9070 ;;		Unchanged: 0/0
  9071 ;; Data sizes:     COMRAM   BANK0   BANK1   BANK2   BANK3   BANK4   BANK5   BANK6   BANK7   BANK8   BANK9  BANK10  BANK1
      +1  BANK12  BANK13  BANK14  BANK15
  9072 ;;      Params:         0       0       0       0       0       0       0       0       0       0       0       0       
      +0       0       0       0       0
  9073 ;;      Locals:         0       0       0       0       0       0       0       0       0       0       0       0       
      +0       0       0       0       0
  9074 ;;      Temps:          0       0       0       0       0       0       0       0       0       0       0       0       
      +0       0       0       0       0
  9075 ;;      Totals:         0       0       0       0       0       0       0       0       0       0       0       0       
      +0       0       0       0       0
  9076 ;;Total ram usage:        0 bytes
  9077 ;; Hardware stack levels used: 1
  9078 ;; Hardware stack levels required when called: 5
  9079 ;; This function calls:
  9080 ;;		_ECAN_SetRXB0InterruptHandler
  9081 ;; This function is called by:
  9082 ;;		_main
  9083 ;; This function uses a non-reentrant model
  9084 ;;
  9085                           
  9086                           	psect	text19
  9087   0019E0                     __ptext19:
  9088                           	callstack 0
  9089   0019E0                     _ECAN_Initialize_user:
  9090                           	callstack 25
  9091   0019E0                     
  9092                           ;main.c: 201:     CANCON = 0x80;
  9093   0019E0  0E80               	movlw	128
  9094   0019E2  6E8F               	movwf	143,c	;volatile
  9095   0019E4                     l3120:
  9096   0019E4  508E               	movf	142,w,c	;volatile
  9097   0019E6  0BE0               	andlw	224
  9098   0019E8  0A80               	xorlw	128
  9099   0019EA  A4D8               	btfss	status,2,c
  9100   0019EC  EFFA  F00C         	goto	u1721
  9101   0019F0  EFFC  F00C         	goto	u1720
  9102   0019F4                     u1721:
  9103   0019F4  EFF2  F00C         	goto	l3120
  9104   0019F8                     u1720:
  9105   0019F8                     
  9106                           ;main.c: 207:     ECANCON = 0x00;
  9107   0019F8  6A91               	clrf	145,c	;volatile
  9108                           
  9109                           ;main.c: 212:     CIOCON = 0x00;
  9110   0019FA  0137               	movlb	55	; () banked
  9111   0019FC  6B00               	clrf	0,b	;volatile
  9112                           
  9113                           ;main.c: 225:     RXM0EIDH = 0x00;
  9114   0019FE  6BBA               	clrf	186,b	;volatile
  9115                           
  9116                           ;main.c: 226:     RXM0EIDL = 0x00;
  9117   001A00  6BBB               	clrf	187,b	;volatile
  9118                           
  9119                           ;main.c: 227:     RXM0SIDH = 0x00;
  9120   001A02  6BB8               	clrf	184,b	;volatile
  9121                           
  9122                           ;main.c: 228:     RXM0SIDL = 0x00;
  9123   001A04  6BB9               	clrf	185,b	;volatile
  9124                           
  9125                           ;main.c: 229:     RXM1EIDH = 0x00;
  9126   001A06  6BBE               	clrf	190,b	;volatile
  9127                           
  9128                           ;main.c: 230:     RXM1EIDL = 0x00;
  9129   001A08  6BBF               	clrf	191,b	;volatile
  9130                           
  9131                           ;main.c: 231:     RXM1SIDH = 0x00;
  9132   001A0A  6BBC               	clrf	188,b	;volatile
  9133                           
  9134                           ;main.c: 232:     RXM1SIDL = 0x00;
  9135   001A0C  6BBD               	clrf	189,b	;volatile
  9136                           
  9137                           ;main.c: 237:     RXF0EIDH = 0x00;
  9138   001A0E  6BA2               	clrf	162,b	;volatile
  9139                           
  9140                           ;main.c: 238:     RXF0EIDL = 0x00;
  9141   001A10  6BA3               	clrf	163,b	;volatile
  9142                           
  9143                           ;main.c: 239:     RXF0SIDH = 0x00;
  9144   001A12  6BA0               	clrf	160,b	;volatile
  9145                           
  9146                           ;main.c: 240:     RXF0SIDL = 0x00;
  9147   001A14  6BA1               	clrf	161,b	;volatile
  9148                           
  9149                           ;main.c: 241:     RXF1EIDH = 0x00;
  9150   001A16  6BA6               	clrf	166,b	;volatile
  9151                           
  9152                           ;main.c: 242:     RXF1EIDL = 0x00;
  9153   001A18  6BA7               	clrf	167,b	;volatile
  9154                           
  9155                           ;main.c: 243:     RXF1SIDH = 0x00;
  9156   001A1A  6BA4               	clrf	164,b	;volatile
  9157                           
  9158                           ;main.c: 244:     RXF1SIDL = 0x00;
  9159   001A1C  6BA5               	clrf	165,b	;volatile
  9160                           
  9161                           ;main.c: 245:     RXF2EIDH = 0x00;
  9162   001A1E  6BAA               	clrf	170,b	;volatile
  9163                           
  9164                           ;main.c: 246:     RXF2EIDL = 0x00;
  9165   001A20  6BAB               	clrf	171,b	;volatile
  9166                           
  9167                           ;main.c: 247:     RXF2SIDH = 0x00;
  9168   001A22  6BA8               	clrf	168,b	;volatile
  9169                           
  9170                           ;main.c: 248:     RXF2SIDL = 0x00;
  9171   001A24  6BA9               	clrf	169,b	;volatile
  9172                           
  9173                           ;main.c: 249:     RXF3EIDH = 0x00;
  9174   001A26  6BAE               	clrf	174,b	;volatile
  9175                           
  9176                           ;main.c: 250:     RXF3EIDL = 0x00;
  9177   001A28  6BAF               	clrf	175,b	;volatile
  9178                           
  9179                           ;main.c: 251:     RXF3SIDH = 0x00;
  9180   001A2A  6BAC               	clrf	172,b	;volatile
  9181                           
  9182                           ;main.c: 252:     RXF3SIDL = 0x00;
  9183   001A2C  6BAD               	clrf	173,b	;volatile
  9184                           
  9185                           ;main.c: 253:     RXF4EIDH = 0x00;
  9186   001A2E  6BB2               	clrf	178,b	;volatile
  9187                           
  9188                           ;main.c: 254:     RXF4EIDL = 0x00;
  9189   001A30  6BB3               	clrf	179,b	;volatile
  9190                           
  9191                           ;main.c: 255:     RXF4SIDH = 0x00;
  9192   001A32  6BB0               	clrf	176,b	;volatile
  9193                           
  9194                           ;main.c: 256:     RXF4SIDL = 0x00;
  9195   001A34  6BB1               	clrf	177,b	;volatile
  9196                           
  9197                           ;main.c: 257:     RXF5EIDH = 0x00;
  9198   001A36  6BB6               	clrf	182,b	;volatile
  9199                           
  9200                           ;main.c: 258:     RXF5EIDL = 0x00;
  9201   001A38  6BB7               	clrf	183,b	;volatile
  9202                           
  9203                           ;main.c: 259:     RXF5SIDH = 0x00;
  9204   001A3A  6BB4               	clrf	180,b	;volatile
  9205                           
  9206                           ;main.c: 260:     RXF5SIDL = 0x00;
  9207   001A3C  6BB5               	clrf	181,b	;volatile
  9208   001A3E                     
  9209                           ; BSR set to: 55
  9210                           ;main.c: 275:     BRGCON1 = 0x27;
  9211   001A3E  0E27               	movlw	39
  9212   001A40  6F03               	movwf	3,b	;volatile
  9213                           
  9214                           ;main.c: 276:     BRGCON2 = 0x98;
  9215   001A42  0E98               	movlw	152
  9216   001A44  6F04               	movwf	4,b	;volatile
  9217                           
  9218                           ;main.c: 277:     BRGCON3 = 0x81;
  9219   001A46  0E81               	movlw	129
  9220   001A48  6F05               	movwf	5,b	;volatile
  9221   001A4A                     
  9222                           ; BSR set to: 55
  9223                           ;main.c: 279:     ECAN_SetRXB0InterruptHandler(RXB0InterruptHandler);
  9224   001A4A  0EE8               	movlw	low _RXB0InterruptHandler@main$F1340
  9225   001A4C  0100               	movlb	0	; () banked
  9226   001A4E  6F60               	movwf	ECAN_SetRXB0InterruptHandler@handler& (0+255),b
  9227   001A50  0E16               	movlw	high _RXB0InterruptHandler@main$F1340
  9228   001A52  6F61               	movwf	(ECAN_SetRXB0InterruptHandler@handler+1)& (0+255),b
  9229   001A54  EC0F  F00F         	call	_ECAN_SetRXB0InterruptHandler	;wreg free
  9230   001A58                     
  9231                           ;main.c: 280:     PIR5bits.RXB0IF = 0;
  9232   001A58  0139               	movlb	57	; () banked
  9233   001A5A  91A5               	bcf	165,0,b	;volatile
  9234   001A5C                     
  9235                           ; BSR set to: 57
  9236                           ;main.c: 281:     PIE5bits.RXB0IE = 1;
  9237   001A5C  8195               	bsf	149,0,b	;volatile
  9238   001A5E                     
  9239                           ; BSR set to: 57
  9240                           ;main.c: 283:     CANCON = 0x60;
  9241   001A5E  0E60               	movlw	96
  9242   001A60  6E8F               	movwf	143,c	;volatile
  9243   001A62                     l3132:
  9244   001A62  508E               	movf	142,w,c	;volatile
  9245   001A64  0BE0               	andlw	224
  9246   001A66  0A60               	xorlw	96
  9247   001A68  A4D8               	btfss	status,2,c
  9248   001A6A  EF39  F00D         	goto	u1731
  9249   001A6E  EF3B  F00D         	goto	u1730
  9250   001A72                     u1731:
  9251   001A72  EF31  F00D         	goto	l3132
  9252   001A76                     u1730:
  9253   001A76  0012               	return		;funcret
  9254   001A78                     __end_of_ECAN_Initialize_user:
  9255                           	callstack 0
  9256                           
  9257 ;; *************** function _ECAN_SetRXB0InterruptHandler *****************
  9258 ;; Defined at:
  9259 ;;		line 439 in file "mcc_generated_files/ecan.c"
  9260 ;; Parameters:    Size  Location     Type
  9261 ;;  handler         2    0[BANK0 ] PTR FTN()void 
  9262 ;;		 -> RXB0InterruptHandler@main$F1340(1), RXB0DefaultInterruptHandler(1), 
  9263 ;; Auto vars:     Size  Location     Type
  9264 ;;		None
  9265 ;; Return value:  Size  Location     Type
  9266 ;;                  1    wreg      void 
  9267 ;; Registers used:
  9268 ;;		wreg, status,2, status,0
  9269 ;; Tracked objects:
  9270 ;;		On entry : 0/0
  9271 ;;		On exit  : 0/0
  9272 ;;		Unchanged: 0/0
  9273 ;; Data sizes:     COMRAM   BANK0   BANK1   BANK2   BANK3   BANK4   BANK5   BANK6   BANK7   BANK8   BANK9  BANK10  BANK1
      +1  BANK12  BANK13  BANK14  BANK15
  9274 ;;      Params:         0       2       0       0       0       0       0       0       0       0       0       0       
      +0       0       0       0       0
  9275 ;;      Locals:         0       0       0       0       0       0       0       0       0       0       0       0       
      +0       0       0       0       0
  9276 ;;      Temps:          0       0       0       0       0       0       0       0       0       0       0       0       
      +0       0       0       0       0
  9277 ;;      Totals:         0       2       0       0       0       0       0       0       0       0       0       0       
      +0       0       0       0       0
  9278 ;;Total ram usage:        2 bytes
  9279 ;; Hardware stack levels used: 1
  9280 ;; Hardware stack levels required when called: 4
  9281 ;; This function calls:
  9282 ;;		Nothing
  9283 ;; This function is called by:
  9284 ;;		_ECAN_Initialize_user
  9285 ;;		_ECAN_Initialize
  9286 ;; This function uses a non-reentrant model
  9287 ;;
  9288                           
  9289                           	psect	text20
  9290   001E1E                     __ptext20:
  9291                           	callstack 0
  9292   001E1E                     _ECAN_SetRXB0InterruptHandler:
  9293                           	callstack 25
  9294   001E1E                     
  9295                           ;mcc_generated_files/ecan.c: 439: void ECAN_SetRXB0InterruptHandler(void (*handler)(void
      +                          ));mcc_generated_files/ecan.c: 440: {;mcc_generated_files/ecan.c: 441:     RXB0Interrupt
      +                          Handler = handler;
  9296   001E1E  C060  F017         	movff	ECAN_SetRXB0InterruptHandler@handler,_RXB0InterruptHandler
  9297   001E22  C061  F018         	movff	ECAN_SetRXB0InterruptHandler@handler+1,_RXB0InterruptHandler+1
  9298   001E26  0012               	return		;funcret
  9299   001E28                     __end_of_ECAN_SetRXB0InterruptHandler:
  9300                           	callstack 0
  9301                           
  9302 ;; *************** function _INTERRUPT_InterruptManager *****************
  9303 ;; Defined at:
  9304 ;;		line 58 in file "mcc_generated_files/interrupt_manager.c"
  9305 ;; Parameters:    Size  Location     Type
  9306 ;;		None
  9307 ;; Auto vars:     Size  Location     Type
  9308 ;;		None
  9309 ;; Return value:  Size  Location     Type
  9310 ;;                  1    wreg      void 
  9311 ;; Registers used:
  9312 ;;		wreg, fsr1l, fsr1h, fsr2l, fsr2h, status,2, status,0, pcl, pclath, pclatu, tosl, prodl, prodh, cstack
  9313 ;; Tracked objects:
  9314 ;;		On entry : 0/0
  9315 ;;		On exit  : 0/0
  9316 ;;		Unchanged: 0/0
  9317 ;; Data sizes:     COMRAM   BANK0   BANK1   BANK2   BANK3   BANK4   BANK5   BANK6   BANK7   BANK8   BANK9  BANK10  BANK1
      +1  BANK12  BANK13  BANK14  BANK15
  9318 ;;      Params:         0       0       0       0       0       0       0       0       0       0       0       0       
      +0       0       0       0       0
  9319 ;;      Locals:         0       0       0       0       0       0       0       0       0       0       0       0       
      +0       0       0       0       0
  9320 ;;      Temps:          2       0       0       0       0       0       0       0       0       0       0       0       
      +0       0       0       0       0
  9321 ;;      Totals:         2       0       0       0       0       0       0       0       0       0       0       0       
      +0       0       0       0       0
  9322 ;;Total ram usage:        2 bytes
  9323 ;; Hardware stack levels used: 1
  9324 ;; Hardware stack levels required when called: 3
  9325 ;; This function calls:
  9326 ;;		NULL
  9327 ;;		_ECAN_RXB0I_ISR
  9328 ;;		_UART1_Receive_ISR
  9329 ;;		_UART1_Transmit_ISR
  9330 ;; This function is called by:
  9331 ;;		Interrupt level 2
  9332 ;; This function uses a non-reentrant model
  9333 ;;
  9334                           
  9335                           	psect	text21
  9336   00188C                     __ptext21:
  9337                           	callstack 0
  9338   00188C                     _INTERRUPT_InterruptManager:
  9339                           	callstack 24
  9340                           
  9341                           ;incstack = 0
  9342   00188C  006F FFE8  F057    	movff	pclath,??_INTERRUPT_InterruptManager
  9343   001892  006F FFEC  F058    	movff	pclatu,??_INTERRUPT_InterruptManager+1
  9344   001898                     
  9345                           ;mcc_generated_files/interrupt_manager.c: 61:     if(PIE5bits.RXB0IE == 1 && PIR5bits.RX
      +                          B0IF == 1)
  9346   001898  0139               	movlb	57	; () banked
  9347   00189A  A195               	btfss	149,0,b	;volatile
  9348   00189C  EF52  F00C         	goto	i2u127_41
  9349   0018A0  EF54  F00C         	goto	i2u127_40
  9350   0018A4                     i2u127_41:
  9351   0018A4  EF5F  F00C         	goto	i2l300
  9352   0018A8                     i2u127_40:
  9353   0018A8                     
  9354                           ; BSR set to: 57
  9355   0018A8  A1A5               	btfss	165,0,b	;volatile
  9356   0018AA  EF59  F00C         	goto	i2u128_41
  9357   0018AE  EF5B  F00C         	goto	i2u128_40
  9358   0018B2                     i2u128_41:
  9359   0018B2  EF5F  F00C         	goto	i2l300
  9360   0018B6                     i2u128_40:
  9361   0018B6                     
  9362                           ; BSR set to: 57
  9363                           ;mcc_generated_files/interrupt_manager.c: 62:     {;mcc_generated_files/interrupt_manage
      +                          r.c: 63:         ECAN_RXB0I_ISR();
  9364   0018B6  ECB4  F00E         	call	_ECAN_RXB0I_ISR	;wreg free
  9365                           
  9366                           ;mcc_generated_files/interrupt_manager.c: 64:     }
  9367   0018BA  EF95  F00C         	goto	i2l306
  9368   0018BE                     i2l300:
  9369                           
  9370                           ; BSR set to: 57
  9371   0018BE  A993               	btfss	147,4,b	;volatile
  9372   0018C0  EF64  F00C         	goto	i2u129_41
  9373   0018C4  EF66  F00C         	goto	i2u129_40
  9374   0018C8                     i2u129_41:
  9375   0018C8  EF7B  F00C         	goto	i2l302
  9376   0018CC                     i2u129_40:
  9377   0018CC                     
  9378                           ; BSR set to: 57
  9379   0018CC  A9A3               	btfss	163,4,b	;volatile
  9380   0018CE  EF6B  F00C         	goto	i2u130_41
  9381   0018D2  EF6D  F00C         	goto	i2u130_40
  9382   0018D6                     i2u130_41:
  9383   0018D6  EF7B  F00C         	goto	i2l302
  9384   0018DA                     i2u130_40:
  9385   0018DA                     
  9386                           ; BSR set to: 57
  9387                           ;mcc_generated_files/interrupt_manager.c: 66:     {;mcc_generated_files/interrupt_manage
      +                          r.c: 67:         UART1_TxInterruptHandler();
  9388   0018DA  D802               	call	i2u131_48
  9389   0018DC  EF79  F00C         	goto	i2u131_49
  9390   0018E0                     i2u131_48:
  9391   0018E0  0005               	push	
  9392   0018E2  6EFA               	movwf	pclath,c
  9393   0018E4  501F               	movf	_UART1_TxInterruptHandler^0,w,c
  9394   0018E6  6EFD               	movwf	tosl,c
  9395   0018E8  5020               	movf	(_UART1_TxInterruptHandler+1)^0,w,c
  9396   0018EA  6EFE               	movwf	tosh,c
  9397   0018EC  6AFF               	clrf	tosu,c
  9398   0018EE  50FA               	movf	pclath,w,c
  9399   0018F0  0012               	return		;indir
  9400   0018F2                     i2u131_49:
  9401                           
  9402                           ;mcc_generated_files/interrupt_manager.c: 68:     }
  9403   0018F2  EF95  F00C         	goto	i2l306
  9404   0018F6                     i2l302:
  9405                           
  9406                           ; BSR set to: 57
  9407   0018F6  A793               	btfss	147,3,b	;volatile
  9408   0018F8  EF80  F00C         	goto	i2u132_41
  9409   0018FC  EF82  F00C         	goto	i2u132_40
  9410   001900                     i2u132_41:
  9411   001900  EF95  F00C         	goto	i2l306
  9412   001904                     i2u132_40:
  9413   001904                     
  9414                           ; BSR set to: 57
  9415   001904  A7A3               	btfss	163,3,b	;volatile
  9416   001906  EF87  F00C         	goto	i2u133_41
  9417   00190A  EF89  F00C         	goto	i2u133_40
  9418   00190E                     i2u133_41:
  9419   00190E  EF95  F00C         	goto	i2l306
  9420   001912                     i2u133_40:
  9421   001912                     
  9422                           ; BSR set to: 57
  9423                           ;mcc_generated_files/interrupt_manager.c: 70:     {;mcc_generated_files/interrupt_manage
      +                          r.c: 71:         UART1_RxInterruptHandler();
  9424   001912  D802               	call	i2u134_48
  9425   001914  EF95  F00C         	goto	i2u134_49
  9426   001918                     i2u134_48:
  9427   001918  0005               	push	
  9428   00191A  6EFA               	movwf	pclath,c
  9429   00191C  5021               	movf	_UART1_RxInterruptHandler^0,w,c
  9430   00191E  6EFD               	movwf	tosl,c
  9431   001920  5022               	movf	(_UART1_RxInterruptHandler+1)^0,w,c
  9432   001922  6EFE               	movwf	tosh,c
  9433   001924  6AFF               	clrf	tosu,c
  9434   001926  50FA               	movf	pclath,w,c
  9435   001928  0012               	return		;indir
  9436   00192A                     i2u134_49:
  9437   00192A                     i2l306:
  9438   00192A  0060  F163  FFFB   	movff	??_INTERRUPT_InterruptManager+1,pclatu
  9439   001930  0060  F15F  FFFA   	movff	??_INTERRUPT_InterruptManager,pclath
  9440   001936  0011               	retfie		f
  9441   001938                     __end_of_INTERRUPT_InterruptManager:
  9442                           	callstack 0
  9443                           
  9444 ;; *************** function _UART1_Transmit_ISR *****************
  9445 ;; Defined at:
  9446 ;;		line 228 in file "mcc_generated_files/uart1.c"
  9447 ;; Parameters:    Size  Location     Type
  9448 ;;		None
  9449 ;; Auto vars:     Size  Location     Type
  9450 ;;		None
  9451 ;; Return value:  Size  Location     Type
  9452 ;;                  1    wreg      void 
  9453 ;; Registers used:
  9454 ;;		wreg, fsr2l, fsr2h, status,2, status,0
  9455 ;; Tracked objects:
  9456 ;;		On entry : 0/0
  9457 ;;		On exit  : 0/0
  9458 ;;		Unchanged: 0/0
  9459 ;; Data sizes:     COMRAM   BANK0   BANK1   BANK2   BANK3   BANK4   BANK5   BANK6   BANK7   BANK8   BANK9  BANK10  BANK1
      +1  BANK12  BANK13  BANK14  BANK15
  9460 ;;      Params:         0       0       0       0       0       0       0       0       0       0       0       0       
      +0       0       0       0       0
  9461 ;;      Locals:         0       0       0       0       0       0       0       0       0       0       0       0       
      +0       0       0       0       0
  9462 ;;      Temps:          0       0       0       0       0       0       0       0       0       0       0       0       
      +0       0       0       0       0
  9463 ;;      Totals:         0       0       0       0       0       0       0       0       0       0       0       0       
      +0       0       0       0       0
  9464 ;;Total ram usage:        0 bytes
  9465 ;; Hardware stack levels used: 1
  9466 ;; This function calls:
  9467 ;;		Nothing
  9468 ;; This function is called by:
  9469 ;;		_UART1_Initialize
  9470 ;;		_INTERRUPT_InterruptManager
  9471 ;; This function uses a non-reentrant model
  9472 ;;
  9473                           
  9474                           	psect	text22
  9475   001CE4                     __ptext22:
  9476                           	callstack 0
  9477   001CE4                     _UART1_Transmit_ISR:
  9478                           	callstack 26
  9479   001CE4                     
  9480                           ;mcc_generated_files/uart1.c: 231:     if(sizeof(uart1TxBuffer) > uart1TxBufferRemaining
      +                          )
  9481   001CE4  0E08               	movlw	8
  9482   001CE6  602A               	cpfslt	_uart1TxBufferRemaining^0,c	;volatile
  9483   001CE8  EF78  F00E         	goto	i2u24_41
  9484   001CEC  EF7A  F00E         	goto	i2u24_40
  9485   001CF0                     i2u24_41:
  9486   001CF0  EF8E  F00E         	goto	i2l238
  9487   001CF4                     i2u24_40:
  9488   001CF4                     
  9489                           ;mcc_generated_files/uart1.c: 232:     {;mcc_generated_files/uart1.c: 233:         U1TXB
      +                           = uart1TxBuffer[uart1TxTail++];
  9490   001CF4  502B               	movf	_uart1TxTail^0,w,c
  9491   001CF6  0F09               	addlw	low _uart1TxBuffer
  9492   001CF8  6ED9               	movwf	fsr2l,c
  9493   001CFA  6ADA               	clrf	fsr2h,c
  9494   001CFC  50DF               	movf	indf2,w,c
  9495   001CFE  013D               	movlb	61	; () banked
  9496   001D00  6FEA               	movwf	234,b	;volatile
  9497   001D02                     
  9498                           ; BSR set to: 61
  9499   001D02  2A2B               	incf	_uart1TxTail^0,f,c	;volatile
  9500   001D04                     
  9501                           ; BSR set to: 61
  9502                           ;mcc_generated_files/uart1.c: 234:        if(sizeof(uart1TxBuffer) <= uart1TxTail)
  9503   001D04  0E07               	movlw	7
  9504   001D06  642B               	cpfsgt	_uart1TxTail^0,c	;volatile
  9505   001D08  EF88  F00E         	goto	i2u25_41
  9506   001D0C  EF8A  F00E         	goto	i2u25_40
  9507   001D10                     i2u25_41:
  9508   001D10  EF8B  F00E         	goto	i2l1996
  9509   001D14                     i2u25_40:
  9510   001D14                     
  9511                           ; BSR set to: 61
  9512                           ;mcc_generated_files/uart1.c: 235:         {;mcc_generated_files/uart1.c: 236:          
      +                             uart1TxTail = 0;
  9513   001D14  6A2B               	clrf	_uart1TxTail^0,c	;volatile
  9514   001D16                     i2l1996:
  9515                           
  9516                           ; BSR set to: 61
  9517                           ;mcc_generated_files/uart1.c: 238:         uart1TxBufferRemaining++;
  9518   001D16  2A2A               	incf	_uart1TxBufferRemaining^0,f,c	;volatile
  9519                           
  9520                           ;mcc_generated_files/uart1.c: 239:     }
  9521   001D18  EF90  F00E         	goto	i2l241
  9522   001D1C                     i2l238:
  9523                           
  9524                           ;mcc_generated_files/uart1.c: 241:     {;mcc_generated_files/uart1.c: 242:         PIE3b
      +                          its.U1TXIE = 0;
  9525   001D1C  0139               	movlb	57	; () banked
  9526   001D1E  9993               	bcf	147,4,b	;volatile
  9527   001D20                     i2l241:
  9528   001D20  0012               	return		;funcret
  9529   001D22                     __end_of_UART1_Transmit_ISR:
  9530                           	callstack 0
  9531                           
  9532 ;; *************** function _UART1_Receive_ISR *****************
  9533 ;; Defined at:
  9534 ;;		line 248 in file "mcc_generated_files/uart1.c"
  9535 ;; Parameters:    Size  Location     Type
  9536 ;;		None
  9537 ;; Auto vars:     Size  Location     Type
  9538 ;;		None
  9539 ;; Return value:  Size  Location     Type
  9540 ;;                  1    wreg      void 
  9541 ;; Registers used:
  9542 ;;		wreg, fsr2l, fsr2h, status,2, status,0, pcl, pclath, pclatu, tosl, cstack
  9543 ;; Tracked objects:
  9544 ;;		On entry : 0/0
  9545 ;;		On exit  : 0/0
  9546 ;;		Unchanged: 0/0
  9547 ;; Data sizes:     COMRAM   BANK0   BANK1   BANK2   BANK3   BANK4   BANK5   BANK6   BANK7   BANK8   BANK9  BANK10  BANK1
      +1  BANK12  BANK13  BANK14  BANK15
  9548 ;;      Params:         0       0       0       0       0       0       0       0       0       0       0       0       
      +0       0       0       0       0
  9549 ;;      Locals:         0       0       0       0       0       0       0       0       0       0       0       0       
      +0       0       0       0       0
  9550 ;;      Temps:          0       0       0       0       0       0       0       0       0       0       0       0       
      +0       0       0       0       0
  9551 ;;      Totals:         0       0       0       0       0       0       0       0       0       0       0       0       
      +0       0       0       0       0
  9552 ;;Total ram usage:        0 bytes
  9553 ;; Hardware stack levels used: 1
  9554 ;; Hardware stack levels required when called: 2
  9555 ;; This function calls:
  9556 ;;		NULL
  9557 ;;		_UART1_DefaultErrorHandler
  9558 ;;		_UART1_DefaultFramingErrorHandler
  9559 ;;		_UART1_DefaultOverrunErrorHandler
  9560 ;;		_UART1_RxDataHandler
  9561 ;; This function is called by:
  9562 ;;		_UART1_Initialize
  9563 ;;		_INTERRUPT_InterruptManager
  9564 ;; This function uses a non-reentrant model
  9565 ;;
  9566                           
  9567                           	psect	text23
  9568   001938                     __ptext23:
  9569                           	callstack 0
  9570   001938                     _UART1_Receive_ISR:
  9571                           	callstack 24
  9572   001938                     
  9573                           ;mcc_generated_files/uart1.c: 251:     uart1RxStatusBuffer[uart1RxHead].status = 0;
  9574   001938  5029               	movf	_uart1RxHead^0,w,c
  9575   00193A  0F01               	addlw	low _uart1RxStatusBuffer
  9576   00193C  6ED9               	movwf	fsr2l,c
  9577   00193E  6ADA               	clrf	fsr2h,c
  9578   001940  6ADF               	clrf	indf2,c
  9579   001942                     
  9580                           ;mcc_generated_files/uart1.c: 253:     if(U1ERRIRbits.FERIF){
  9581   001942  013D               	movlb	61	; () banked
  9582   001944  A7F9               	btfss	249,3,b	;volatile
  9583   001946  EFA7  F00C         	goto	i2u98_41
  9584   00194A  EFA9  F00C         	goto	i2u98_40
  9585   00194E                     i2u98_41:
  9586   00194E  EFBA  F00C         	goto	i2l2622
  9587   001952                     i2u98_40:
  9588   001952                     
  9589                           ; BSR set to: 61
  9590                           ;mcc_generated_files/uart1.c: 254:         uart1RxStatusBuffer[uart1RxHead].ferr = 1;
  9591   001952  5029               	movf	_uart1RxHead^0,w,c
  9592   001954  0F01               	addlw	low _uart1RxStatusBuffer
  9593   001956  6ED9               	movwf	fsr2l,c
  9594   001958  6ADA               	clrf	fsr2h,c
  9595   00195A  82DF               	bsf	indf2,1,c
  9596   00195C                     
  9597                           ; BSR set to: 61
  9598                           ;mcc_generated_files/uart1.c: 255:         UART1_FramingErrorHandler();
  9599   00195C  D802               	call	i2u99_48
  9600   00195E  EFBA  F00C         	goto	i2u99_49
  9601   001962                     i2u99_48:
  9602   001962  0005               	push	
  9603   001964  6EFA               	movwf	pclath,c
  9604   001966  501D               	movf	_UART1_FramingErrorHandler^0,w,c
  9605   001968  6EFD               	movwf	tosl,c
  9606   00196A  501E               	movf	(_UART1_FramingErrorHandler+1)^0,w,c
  9607   00196C  6EFE               	movwf	tosh,c
  9608   00196E  6AFF               	clrf	tosu,c
  9609   001970  50FA               	movf	pclath,w,c
  9610   001972  0012               	return		;indir
  9611   001974                     i2u99_49:
  9612   001974                     i2l2622:
  9613                           
  9614                           ;mcc_generated_files/uart1.c: 258:     if(U1ERRIRbits.RXFOIF){
  9615   001974  013D               	movlb	61	; () banked
  9616   001976  A3F9               	btfss	249,1,b	;volatile
  9617   001978  EFC0  F00C         	goto	i2u100_41
  9618   00197C  EFC2  F00C         	goto	i2u100_40
  9619   001980                     i2u100_41:
  9620   001980  EFD3  F00C         	goto	i2l2628
  9621   001984                     i2u100_40:
  9622   001984                     
  9623                           ; BSR set to: 61
  9624                           ;mcc_generated_files/uart1.c: 259:         uart1RxStatusBuffer[uart1RxHead].oerr = 1;
  9625   001984  5029               	movf	_uart1RxHead^0,w,c
  9626   001986  0F01               	addlw	low _uart1RxStatusBuffer
  9627   001988  6ED9               	movwf	fsr2l,c
  9628   00198A  6ADA               	clrf	fsr2h,c
  9629   00198C  84DF               	bsf	indf2,2,c
  9630   00198E                     
  9631                           ; BSR set to: 61
  9632                           ;mcc_generated_files/uart1.c: 260:         UART1_OverrunErrorHandler();
  9633   00198E  D802               	call	i2u101_48
  9634   001990  EFD3  F00C         	goto	i2u101_49
  9635   001994                     i2u101_48:
  9636   001994  0005               	push	
  9637   001996  6EFA               	movwf	pclath,c
  9638   001998  501B               	movf	_UART1_OverrunErrorHandler^0,w,c
  9639   00199A  6EFD               	movwf	tosl,c
  9640   00199C  501C               	movf	(_UART1_OverrunErrorHandler+1)^0,w,c
  9641   00199E  6EFE               	movwf	tosh,c
  9642   0019A0  6AFF               	clrf	tosu,c
  9643   0019A2  50FA               	movf	pclath,w,c
  9644   0019A4  0012               	return		;indir
  9645   0019A6                     i2u101_49:
  9646   0019A6                     i2l2628:
  9647                           
  9648                           ;mcc_generated_files/uart1.c: 263:     if(uart1RxStatusBuffer[uart1RxHead].status){
  9649   0019A6  5029               	movf	_uart1RxHead^0,w,c
  9650   0019A8  0F01               	addlw	low _uart1RxStatusBuffer
  9651   0019AA  6ED9               	movwf	fsr2l,c
  9652   0019AC  6ADA               	clrf	fsr2h,c
  9653   0019AE  50DF               	movf	indf2,w,c
  9654   0019B0  B4D8               	btfsc	status,2,c
  9655   0019B2  EFDD  F00C         	goto	i2u102_41
  9656   0019B6  EFDF  F00C         	goto	i2u102_40
  9657   0019BA                     i2u102_41:
  9658   0019BA  EFED  F00C         	goto	i2l2632
  9659   0019BE                     i2u102_40:
  9660   0019BE                     
  9661                           ;mcc_generated_files/uart1.c: 264:         UART1_ErrorHandler();
  9662   0019BE  D802               	call	i2u103_48
  9663   0019C0  EFEB  F00C         	goto	i2u103_49
  9664   0019C4                     i2u103_48:
  9665   0019C4  0005               	push	
  9666   0019C6  6EFA               	movwf	pclath,c
  9667   0019C8  5019               	movf	_UART1_ErrorHandler^0,w,c
  9668   0019CA  6EFD               	movwf	tosl,c
  9669   0019CC  501A               	movf	(_UART1_ErrorHandler+1)^0,w,c
  9670   0019CE  6EFE               	movwf	tosh,c
  9671   0019D0  6AFF               	clrf	tosu,c
  9672   0019D2  50FA               	movf	pclath,w,c
  9673   0019D4  0012               	return		;indir
  9674   0019D6                     i2u103_49:
  9675                           
  9676                           ;mcc_generated_files/uart1.c: 265:     } else {
  9677   0019D6  EFEF  F00C         	goto	i2l248
  9678   0019DA                     i2l2632:
  9679                           
  9680                           ;mcc_generated_files/uart1.c: 266:         UART1_RxDataHandler();
  9681   0019DA  EC91  F00E         	call	_UART1_RxDataHandler	;wreg free
  9682   0019DE                     i2l248:
  9683   0019DE  0012               	return		;funcret
  9684   0019E0                     __end_of_UART1_Receive_ISR:
  9685                           	callstack 0
  9686                           
  9687 ;; *************** function _UART1_DefaultOverrunErrorHandler *****************
  9688 ;; Defined at:
  9689 ;;		line 284 in file "mcc_generated_files/uart1.c"
  9690 ;; Parameters:    Size  Location     Type
  9691 ;;		None
  9692 ;; Auto vars:     Size  Location     Type
  9693 ;;		None
  9694 ;; Return value:  Size  Location     Type
  9695 ;;                  1    wreg      void 
  9696 ;; Registers used:
  9697 ;;		None
  9698 ;; Tracked objects:
  9699 ;;		On entry : 0/0
  9700 ;;		On exit  : 0/0
  9701 ;;		Unchanged: 0/0
  9702 ;; Data sizes:     COMRAM   BANK0   BANK1   BANK2   BANK3   BANK4   BANK5   BANK6   BANK7   BANK8   BANK9  BANK10  BANK1
      +1  BANK12  BANK13  BANK14  BANK15
  9703 ;;      Params:         0       0       0       0       0       0       0       0       0       0       0       0       
      +0       0       0       0       0
  9704 ;;      Locals:         0       0       0       0       0       0       0       0       0       0       0       0       
      +0       0       0       0       0
  9705 ;;      Temps:          0       0       0       0       0       0       0       0       0       0       0       0       
      +0       0       0       0       0
  9706 ;;      Totals:         0       0       0       0       0       0       0       0       0       0       0       0       
      +0       0       0       0       0
  9707 ;;Total ram usage:        0 bytes
  9708 ;; Hardware stack levels used: 1
  9709 ;; This function calls:
  9710 ;;		Nothing
  9711 ;; This function is called by:
  9712 ;;		_UART1_Initialize
  9713 ;;		_UART1_Receive_ISR
  9714 ;; This function uses a non-reentrant model
  9715 ;;
  9716                           
  9717                           	psect	text24
  9718   001E32                     __ptext24:
  9719                           	callstack 0
  9720   001E32                     _UART1_DefaultOverrunErrorHandler:
  9721                           	callstack 25
  9722   001E32  0012               	return		;funcret
  9723   001E34                     __end_of_UART1_DefaultOverrunErrorHandler:
  9724                           	callstack 0
  9725                           
  9726 ;; *************** function _UART1_DefaultFramingErrorHandler *****************
  9727 ;; Defined at:
  9728 ;;		line 282 in file "mcc_generated_files/uart1.c"
  9729 ;; Parameters:    Size  Location     Type
  9730 ;;		None
  9731 ;; Auto vars:     Size  Location     Type
  9732 ;;		None
  9733 ;; Return value:  Size  Location     Type
  9734 ;;                  1    wreg      void 
  9735 ;; Registers used:
  9736 ;;		None
  9737 ;; Tracked objects:
  9738 ;;		On entry : 0/0
  9739 ;;		On exit  : 0/0
  9740 ;;		Unchanged: 0/0
  9741 ;; Data sizes:     COMRAM   BANK0   BANK1   BANK2   BANK3   BANK4   BANK5   BANK6   BANK7   BANK8   BANK9  BANK10  BANK1
      +1  BANK12  BANK13  BANK14  BANK15
  9742 ;;      Params:         0       0       0       0       0       0       0       0       0       0       0       0       
      +0       0       0       0       0
  9743 ;;      Locals:         0       0       0       0       0       0       0       0       0       0       0       0       
      +0       0       0       0       0
  9744 ;;      Temps:          0       0       0       0       0       0       0       0       0       0       0       0       
      +0       0       0       0       0
  9745 ;;      Totals:         0       0       0       0       0       0       0       0       0       0       0       0       
      +0       0       0       0       0
  9746 ;;Total ram usage:        0 bytes
  9747 ;; Hardware stack levels used: 1
  9748 ;; This function calls:
  9749 ;;		Nothing
  9750 ;; This function is called by:
  9751 ;;		_UART1_Initialize
  9752 ;;		_UART1_Receive_ISR
  9753 ;; This function uses a non-reentrant model
  9754 ;;
  9755                           
  9756                           	psect	text25
  9757   001E34                     __ptext25:
  9758                           	callstack 0
  9759   001E34                     _UART1_DefaultFramingErrorHandler:
  9760                           	callstack 25
  9761   001E34  0012               	return		;funcret
  9762   001E36                     __end_of_UART1_DefaultFramingErrorHandler:
  9763                           	callstack 0
  9764                           
  9765 ;; *************** function _UART1_DefaultErrorHandler *****************
  9766 ;; Defined at:
  9767 ;;		line 286 in file "mcc_generated_files/uart1.c"
  9768 ;; Parameters:    Size  Location     Type
  9769 ;;		None
  9770 ;; Auto vars:     Size  Location     Type
  9771 ;;		None
  9772 ;; Return value:  Size  Location     Type
  9773 ;;                  1    wreg      void 
  9774 ;; Registers used:
  9775 ;;		wreg, fsr2l, fsr2h, status,2, status,0, cstack
  9776 ;; Tracked objects:
  9777 ;;		On entry : 0/0
  9778 ;;		On exit  : 0/0
  9779 ;;		Unchanged: 0/0
  9780 ;; Data sizes:     COMRAM   BANK0   BANK1   BANK2   BANK3   BANK4   BANK5   BANK6   BANK7   BANK8   BANK9  BANK10  BANK1
      +1  BANK12  BANK13  BANK14  BANK15
  9781 ;;      Params:         0       0       0       0       0       0       0       0       0       0       0       0       
      +0       0       0       0       0
  9782 ;;      Locals:         0       0       0       0       0       0       0       0       0       0       0       0       
      +0       0       0       0       0
  9783 ;;      Temps:          0       0       0       0       0       0       0       0       0       0       0       0       
      +0       0       0       0       0
  9784 ;;      Totals:         0       0       0       0       0       0       0       0       0       0       0       0       
      +0       0       0       0       0
  9785 ;;Total ram usage:        0 bytes
  9786 ;; Hardware stack levels used: 1
  9787 ;; Hardware stack levels required when called: 1
  9788 ;; This function calls:
  9789 ;;		_UART1_RxDataHandler
  9790 ;; This function is called by:
  9791 ;;		_UART1_Initialize
  9792 ;;		_UART1_Receive_ISR
  9793 ;; This function uses a non-reentrant model
  9794 ;;
  9795                           
  9796                           	psect	text26
  9797   001E28                     __ptext26:
  9798                           	callstack 0
  9799   001E28                     _UART1_DefaultErrorHandler:
  9800                           	callstack 24
  9801   001E28                     
  9802                           ;mcc_generated_files/uart1.c: 287:     UART1_RxDataHandler();
  9803   001E28  EC91  F00E         	call	_UART1_RxDataHandler	;wreg free
  9804   001E2C  0012               	return		;funcret
  9805   001E2E                     __end_of_UART1_DefaultErrorHandler:
  9806                           	callstack 0
  9807                           
  9808 ;; *************** function _UART1_RxDataHandler *****************
  9809 ;; Defined at:
  9810 ;;		line 272 in file "mcc_generated_files/uart1.c"
  9811 ;; Parameters:    Size  Location     Type
  9812 ;;		None
  9813 ;; Auto vars:     Size  Location     Type
  9814 ;;		None
  9815 ;; Return value:  Size  Location     Type
  9816 ;;                  1    wreg      void 
  9817 ;; Registers used:
  9818 ;;		wreg, fsr2l, fsr2h, status,2, status,0
  9819 ;; Tracked objects:
  9820 ;;		On entry : 0/0
  9821 ;;		On exit  : 0/0
  9822 ;;		Unchanged: 0/0
  9823 ;; Data sizes:     COMRAM   BANK0   BANK1   BANK2   BANK3   BANK4   BANK5   BANK6   BANK7   BANK8   BANK9  BANK10  BANK1
      +1  BANK12  BANK13  BANK14  BANK15
  9824 ;;      Params:         0       0       0       0       0       0       0       0       0       0       0       0       
      +0       0       0       0       0
  9825 ;;      Locals:         0       0       0       0       0       0       0       0       0       0       0       0       
      +0       0       0       0       0
  9826 ;;      Temps:          0       0       0       0       0       0       0       0       0       0       0       0       
      +0       0       0       0       0
  9827 ;;      Totals:         0       0       0       0       0       0       0       0       0       0       0       0       
      +0       0       0       0       0
  9828 ;;Total ram usage:        0 bytes
  9829 ;; Hardware stack levels used: 1
  9830 ;; This function calls:
  9831 ;;		Nothing
  9832 ;; This function is called by:
  9833 ;;		_UART1_Receive_ISR
  9834 ;;		_UART1_DefaultErrorHandler
  9835 ;; This function uses a non-reentrant model
  9836 ;;
  9837                           
  9838                           	psect	text27
  9839   001D22                     __ptext27:
  9840                           	callstack 0
  9841   001D22                     _UART1_RxDataHandler:
  9842                           	callstack 24
  9843   001D22                     
  9844                           ;mcc_generated_files/uart1.c: 274:     uart1RxBuffer[uart1RxHead++] = U1RXB;
  9845   001D22  5029               	movf	_uart1RxHead^0,w,c
  9846   001D24  0F7A               	addlw	low _uart1RxBuffer
  9847   001D26  6ED9               	movwf	fsr2l,c
  9848   001D28  6ADA               	clrf	fsr2h,c
  9849   001D2A  006F F7A3 FFDF     	movff	15848,indf2	;volatile
  9850   001D30  2A29               	incf	_uart1RxHead^0,f,c	;volatile
  9851   001D32                     
  9852                           ;mcc_generated_files/uart1.c: 275:     if(sizeof(uart1RxBuffer) <= uart1RxHead)
  9853   001D32  0E07               	movlw	7
  9854   001D34  6429               	cpfsgt	_uart1RxHead^0,c	;volatile
  9855   001D36  EF9F  F00E         	goto	i2u81_41
  9856   001D3A  EFA1  F00E         	goto	i2u81_40
  9857   001D3E                     i2u81_41:
  9858   001D3E  EFA2  F00E         	goto	i2l2332
  9859   001D42                     i2u81_40:
  9860   001D42                     
  9861                           ;mcc_generated_files/uart1.c: 276:     {;mcc_generated_files/uart1.c: 277:         uart1
      +                          RxHead = 0;
  9862   001D42  6A29               	clrf	_uart1RxHead^0,c	;volatile
  9863   001D44                     i2l2332:
  9864                           
  9865                           ;mcc_generated_files/uart1.c: 279:     uart1RxCount++;
  9866   001D44  2A27               	incf	_uart1RxCount^0,f,c	;volatile
  9867   001D46  0012               	return		;funcret
  9868   001D48                     __end_of_UART1_RxDataHandler:
  9869                           	callstack 0
  9870                           
  9871 ;; *************** function _ECAN_RXB0I_ISR *****************
  9872 ;; Defined at:
  9873 ;;		line 444 in file "mcc_generated_files/ecan.c"
  9874 ;; Parameters:    Size  Location     Type
  9875 ;;		None
  9876 ;; Auto vars:     Size  Location     Type
  9877 ;;		None
  9878 ;; Return value:  Size  Location     Type
  9879 ;;                  1    wreg      void 
  9880 ;; Registers used:
  9881 ;;		wreg, fsr1l, fsr1h, fsr2l, fsr2h, status,2, status,0, pcl, pclath, pclatu, tosl, prodl, prodh, cstack
  9882 ;; Tracked objects:
  9883 ;;		On entry : 0/0
  9884 ;;		On exit  : 0/0
  9885 ;;		Unchanged: 0/0
  9886 ;; Data sizes:     COMRAM   BANK0   BANK1   BANK2   BANK3   BANK4   BANK5   BANK6   BANK7   BANK8   BANK9  BANK10  BANK1
      +1  BANK12  BANK13  BANK14  BANK15
  9887 ;;      Params:         0       0       0       0       0       0       0       0       0       0       0       0       
      +0       0       0       0       0
  9888 ;;      Locals:         0       0       0       0       0       0       0       0       0       0       0       0       
      +0       0       0       0       0
  9889 ;;      Temps:          0       0       0       0       0       0       0       0       0       0       0       0       
      +0       0       0       0       0
  9890 ;;      Totals:         0       0       0       0       0       0       0       0       0       0       0       0       
      +0       0       0       0       0
  9891 ;;Total ram usage:        0 bytes
  9892 ;; Hardware stack levels used: 1
  9893 ;; Hardware stack levels required when called: 2
  9894 ;; This function calls:
  9895 ;;		NULL
  9896 ;;		_RXB0DefaultInterruptHandler
  9897 ;;		_RXB0InterruptHandler@main$F1340
  9898 ;; This function is called by:
  9899 ;;		_INTERRUPT_InterruptManager
  9900 ;; This function uses a non-reentrant model
  9901 ;;
  9902                           
  9903                           	psect	text28
  9904   001D68                     __ptext28:
  9905                           	callstack 0
  9906   001D68                     _ECAN_RXB0I_ISR:
  9907                           	callstack 24
  9908   001D68                     
  9909                           ;mcc_generated_files/ecan.c: 446:     RXB0InterruptHandler();
  9910   001D68  D802               	call	i2u104_48
  9911   001D6A  EFC0  F00E         	goto	i2u104_49
  9912   001D6E                     i2u104_48:
  9913   001D6E  0005               	push	
  9914   001D70  6EFA               	movwf	pclath,c
  9915   001D72  5017               	movf	_RXB0InterruptHandler^0,w,c
  9916   001D74  6EFD               	movwf	tosl,c
  9917   001D76  5018               	movf	(_RXB0InterruptHandler+1)^0,w,c
  9918   001D78  6EFE               	movwf	tosh,c
  9919   001D7A  6AFF               	clrf	tosu,c
  9920   001D7C  50FA               	movf	pclath,w,c
  9921   001D7E  0012               	return		;indir
  9922   001D80                     i2u104_49:
  9923   001D80                     
  9924                           ;mcc_generated_files/ecan.c: 447:     PIR5bits.RXB0IF = 0;
  9925   001D80  0139               	movlb	57	; () banked
  9926   001D82  91A5               	bcf	165,0,b	;volatile
  9927   001D84                     
  9928                           ; BSR set to: 57
  9929   001D84  0012               	return		;funcret
  9930   001D86                     __end_of_ECAN_RXB0I_ISR:
  9931                           	callstack 0
  9932                           
  9933 ;; *************** function _RXB0DefaultInterruptHandler *****************
  9934 ;; Defined at:
  9935 ;;		line 63 in file "mcc_generated_files/ecan.c"
  9936 ;; Parameters:    Size  Location     Type
  9937 ;;		None
  9938 ;; Auto vars:     Size  Location     Type
  9939 ;;		None
  9940 ;; Return value:  Size  Location     Type
  9941 ;;                  1    wreg      void 
  9942 ;; Registers used:
  9943 ;;		None
  9944 ;; Tracked objects:
  9945 ;;		On entry : 0/0
  9946 ;;		On exit  : 0/0
  9947 ;;		Unchanged: 0/0
  9948 ;; Data sizes:     COMRAM   BANK0   BANK1   BANK2   BANK3   BANK4   BANK5   BANK6   BANK7   BANK8   BANK9  BANK10  BANK1
      +1  BANK12  BANK13  BANK14  BANK15
  9949 ;;      Params:         0       0       0       0       0       0       0       0       0       0       0       0       
      +0       0       0       0       0
  9950 ;;      Locals:         0       0       0       0       0       0       0       0       0       0       0       0       
      +0       0       0       0       0
  9951 ;;      Temps:          0       0       0       0       0       0       0       0       0       0       0       0       
      +0       0       0       0       0
  9952 ;;      Totals:         0       0       0       0       0       0       0       0       0       0       0       0       
      +0       0       0       0       0
  9953 ;;Total ram usage:        0 bytes
  9954 ;; Hardware stack levels used: 1
  9955 ;; This function calls:
  9956 ;;		Nothing
  9957 ;; This function is called by:
  9958 ;;		_ECAN_Initialize
  9959 ;;		_ECAN_RXB0I_ISR
  9960 ;; This function uses a non-reentrant model
  9961 ;;
  9962                           
  9963                           	psect	text29
  9964   001E36                     __ptext29:
  9965                           	callstack 0
  9966   001E36                     _RXB0DefaultInterruptHandler:
  9967                           	callstack 25
  9968   001E36  0012               	return		;funcret
  9969   001E38                     __end_of_RXB0DefaultInterruptHandler:
  9970                           	callstack 0
  9971                           
  9972 ;; *************** function _RXB0InterruptHandler@main$F1340 *****************
  9973 ;; Defined at:
  9974 ;;		line 157 in file "main.c"
  9975 ;; Parameters:    Size  Location     Type
  9976 ;;		None
  9977 ;; Auto vars:     Size  Location     Type
  9978 ;;  data           16    9[COMRAM] PTR volatile unsigned ch
  9979 ;;		 -> RXB0D7(1), RXB0D6(1), RXB0D5(1), RXB0D4(1), 
  9980 ;;		 -> RXB0D3(1), RXB0D2(1), RXB0D1(1), RXB0D0(1), 
  9981 ;;  buffer         14   25[COMRAM] unsigned char [14]
  9982 ;;  identificato    2   39[COMRAM] unsigned short 
  9983 ;;  counter         1   41[COMRAM] unsigned char 
  9984 ;; Return value:  Size  Location     Type
  9985 ;;                  1    wreg      void 
  9986 ;; Registers used:
  9987 ;;		wreg, fsr1l, fsr1h, fsr2l, fsr2h, status,2, status,0, prodl, prodh, cstack
  9988 ;; Tracked objects:
  9989 ;;		On entry : 0/0
  9990 ;;		On exit  : 0/0
  9991 ;;		Unchanged: 0/0
  9992 ;; Data sizes:     COMRAM   BANK0   BANK1   BANK2   BANK3   BANK4   BANK5   BANK6   BANK7   BANK8   BANK9  BANK10  BANK1
      +1  BANK12  BANK13  BANK14  BANK15
  9993 ;;      Params:         0       0       0       0       0       0       0       0       0       0       0       0       
      +0       0       0       0       0
  9994 ;;      Locals:        33       0       0       0       0       0       0       0       0       0       0       0       
      +0       0       0       0       0
  9995 ;;      Temps:          4       0       0       0       0       0       0       0       0       0       0       0       
      +0       0       0       0       0
  9996 ;;      Totals:        37       0       0       0       0       0       0       0       0       0       0       0       
      +0       0       0       0       0
  9997 ;;Total ram usage:       37 bytes
  9998 ;; Hardware stack levels used: 1
  9999 ;; Hardware stack levels required when called: 1
 10000 ;; This function calls:
 10001 ;;		_serial_buffer_add
 10002 ;; This function is called by:
 10003 ;;		_ECAN_Initialize_user
 10004 ;;		_ECAN_RXB0I_ISR
 10005 ;; This function uses a non-reentrant model
 10006 ;;
 10007                           
 10008                           	psect	text30
 10009   0016E8                     __ptext30:
 10010                           	callstack 0
 10011   0016E8                     _RXB0InterruptHandler@main$F1340:
 10012                           	callstack 24
 10013   0016E8                     
 10014                           ;main.c: 161:     uint16_t identificator = RXB0SIDH;
 10015   0016E8  006F FE04  F054    	movff	16257,RXB0InterruptHandler@main$F1340@identificator	;volatile
 10016   0016EE  6A55               	clrf	(RXB0InterruptHandler@main$F1340@identificator+1)^0,c
 10017   0016F0                     
 10018                           ;main.c: 162:     identificator = (identificator<<3) | (RXB0SIDL>>5);
 10019   0016F0  006F FE08  F032    	movff	16258,??_RXB0InterruptHandler@main$F1340	;volatile
 10020   0016F6  0E05               	movlw	5
 10021   0016F8  6E33               	movwf	(??_RXB0InterruptHandler@main$F1340+1)^0,c
 10022   0016FA                     i2u95_45:
 10023   0016FA  90D8               	bcf	status,0,c
 10024   0016FC  3232               	rrcf	??_RXB0InterruptHandler@main$F1340^0,f,c
 10025   0016FE  2E33               	decfsz	(??_RXB0InterruptHandler@main$F1340+1)^0,f,c
 10026   001700  EF7D  F00B         	goto	i2u95_45
 10027   001704  5032               	movf	??_RXB0InterruptHandler@main$F1340^0,w,c
 10028   001706  C054  F034         	movff	RXB0InterruptHandler@main$F1340@identificator,??_RXB0InterruptHandler@main$F1340+
      +                          2
 10029   00170A  C055  F035         	movff	RXB0InterruptHandler@main$F1340@identificator+1,??_RXB0InterruptHandler@main$F134
      +                          0+3
 10030   00170E  90D8               	bcf	status,0,c
 10031   001710  3634               	rlcf	(??_RXB0InterruptHandler@main$F1340+2)^0,f,c
 10032   001712  3635               	rlcf	(??_RXB0InterruptHandler@main$F1340+3)^0,f,c
 10033   001714  90D8               	bcf	status,0,c
 10034   001716  3634               	rlcf	(??_RXB0InterruptHandler@main$F1340+2)^0,f,c
 10035   001718  3635               	rlcf	(??_RXB0InterruptHandler@main$F1340+3)^0,f,c
 10036   00171A  90D8               	bcf	status,0,c
 10037   00171C  3634               	rlcf	(??_RXB0InterruptHandler@main$F1340+2)^0,f,c
 10038   00171E  3635               	rlcf	(??_RXB0InterruptHandler@main$F1340+3)^0,f,c
 10039   001720  1034               	iorwf	(??_RXB0InterruptHandler@main$F1340+2)^0,w,c
 10040   001722  6E54               	movwf	RXB0InterruptHandler@main$F1340@identificator^0,c
 10041   001724  5035               	movf	(??_RXB0InterruptHandler@main$F1340+3)^0,w,c
 10042   001726  6E55               	movwf	(RXB0InterruptHandler@main$F1340@identificator+1)^0,c
 10043   001728                     
 10044                           ;main.c: 163:     uint8_t buffer[14];;main.c: 164:     volatile unsigned char* data[8] =
 10045   001728  EE20  F090         	lfsr	2,RXB0InterruptHandler@main$F1340@F23014
 10046   00172C  EE10  F036         	lfsr	1,RXB0InterruptHandler@main$F1340@data
 10047   001730  0E0F               	movlw	15
 10048   001732                     i2u96_41:
 10049   001732  006F FF6F FFE3     	movff	plusw2,plusw1
 10050   001738  06E8               	decf	wreg,f,c
 10051   00173A  E2FB               	bc	i2u96_41
 10052   00173C                     
 10053                           ;main.c: 178:     buffer[0] = 0x55;
 10054   00173C  0E55               	movlw	85
 10055   00173E  6E46               	movwf	RXB0InterruptHandler@main$F1340@buffer^0,c
 10056   001740                     
 10057                           ;main.c: 179:     buffer[1] = 0xAA;
 10058   001740  0EAA               	movlw	170
 10059   001742  6E47               	movwf	(RXB0InterruptHandler@main$F1340@buffer+1)^0,c
 10060   001744                     
 10061                           ;main.c: 181:     buffer[2] = (identificator>>8)&0xFF;
 10062   001744  5055               	movf	(RXB0InterruptHandler@main$F1340@identificator+1)^0,w,c
 10063   001746  6E48               	movwf	(RXB0InterruptHandler@main$F1340@buffer+2)^0,c
 10064   001748                     
 10065                           ;main.c: 182:     buffer[3] = identificator&0xFF;
 10066   001748  C054  F049         	movff	RXB0InterruptHandler@main$F1340@identificator,RXB0InterruptHandler@main$F1340@buf
      +                          fer+3
 10067   00174C                     
 10068                           ;main.c: 183:     buffer[4] = RXB0DLC;
 10069   00174C  006F FE14  F04A    	movff	16261,RXB0InterruptHandler@main$F1340@buffer+4	;volatile
 10070   001752                     
 10071                           ;main.c: 185:     for (counter = 0; counter < (buffer[4] & 0x07); counter++)
 10072   001752  6A56               	clrf	RXB0InterruptHandler@main$F1340@counter^0,c
 10073   001754  EFCA  F00B         	goto	i2l2594
 10074   001758                     i2l2590:
 10075                           
 10076                           ;main.c: 186:     {;main.c: 187:         buffer[5+counter] = *data[counter];
 10077   001758  5056               	movf	RXB0InterruptHandler@main$F1340@counter^0,w,c
 10078   00175A  0D02               	mullw	2
 10079   00175C  50F3               	movf	243,w,c
 10080   00175E  0F36               	addlw	low RXB0InterruptHandler@main$F1340@data
 10081   001760  6ED9               	movwf	fsr2l,c
 10082   001762  6ADA               	clrf	fsr2h,c
 10083   001764  006F FF78  F032    	movff	postinc2,??_RXB0InterruptHandler@main$F1340
 10084   00176A  006F FF74  F033    	movff	postdec2,??_RXB0InterruptHandler@main$F1340+1
 10085   001770  0060  F0CB  FFD9   	movff	??_RXB0InterruptHandler@main$F1340,fsr2l
 10086   001776  0060  F0CF  FFDA   	movff	??_RXB0InterruptHandler@main$F1340+1,fsr2h
 10087   00177C  C056  F034         	movff	RXB0InterruptHandler@main$F1340@counter,??_RXB0InterruptHandler@main$F1340+2
 10088   001780  0E05               	movlw	5
 10089   001782  2634               	addwf	(??_RXB0InterruptHandler@main$F1340+2)^0,f,c
 10090   001784  5034               	movf	(??_RXB0InterruptHandler@main$F1340+2)^0,w,c
 10091   001786  0F46               	addlw	low RXB0InterruptHandler@main$F1340@buffer
 10092   001788  6EE1               	movwf	fsr1l,c
 10093   00178A  6AE2               	clrf	fsr1h,c
 10094   00178C  006F FF7F FFE7     	movff	indf2,indf1
 10095   001792                     
 10096                           ;main.c: 188:     }
 10097   001792  2A56               	incf	RXB0InterruptHandler@main$F1340@counter^0,f,c
 10098   001794                     i2l2594:
 10099   001794  C04A  F032         	movff	RXB0InterruptHandler@main$F1340@buffer+4,??_RXB0InterruptHandler@main$F1340
 10100   001798  0E07               	movlw	7
 10101   00179A  1632               	andwf	??_RXB0InterruptHandler@main$F1340^0,f,c
 10102   00179C  5032               	movf	??_RXB0InterruptHandler@main$F1340^0,w,c
 10103   00179E  5C56               	subwf	RXB0InterruptHandler@main$F1340@counter^0,w,c
 10104   0017A0  A0D8               	btfss	status,0,c
 10105   0017A2  EFD5  F00B         	goto	i2u97_41
 10106   0017A6  EFD7  F00B         	goto	i2u97_40
 10107   0017AA                     i2u97_41:
 10108   0017AA  EFAC  F00B         	goto	i2l2590
 10109   0017AE                     i2u97_40:
 10110   0017AE                     
 10111                           ;main.c: 189:     buffer[5+counter] = COMSTAT;
 10112   0017AE  C056  F032         	movff	RXB0InterruptHandler@main$F1340@counter,??_RXB0InterruptHandler@main$F1340
 10113   0017B2  0E05               	movlw	5
 10114   0017B4  2632               	addwf	??_RXB0InterruptHandler@main$F1340^0,f,c
 10115   0017B6  5032               	movf	??_RXB0InterruptHandler@main$F1340^0,w,c
 10116   0017B8  0F46               	addlw	low RXB0InterruptHandler@main$F1340@buffer
 10117   0017BA  6ED9               	movwf	fsr2l,c
 10118   0017BC  6ADA               	clrf	fsr2h,c
 10119   0017BE  006F FE43 FFDF     	movff	16272,indf2	;volatile
 10120   0017C4                     
 10121                           ;main.c: 191:     COMSTAT = 0;
 10122   0017C4  6A90               	clrf	144,c	;volatile
 10123   0017C6                     
 10124                           ;main.c: 192:     RXB0CONbits.RXFUL = 0;
 10125   0017C6  9E80               	bcf	128,7,c	;volatile
 10126   0017C8                     
 10127                           ;main.c: 193:     PIR5bits.RXB0IF = 0;
 10128   0017C8  0139               	movlb	57	; () banked
 10129   0017CA  91A5               	bcf	165,0,b	;volatile
 10130   0017CC                     
 10131                           ; BSR set to: 57
 10132                           ;main.c: 195:     serial_buffer_add(buffer, (6+counter));
 10133   0017CC  0E46               	movlw	low RXB0InterruptHandler@main$F1340@buffer
 10134   0017CE  6E2D               	movwf	serial_buffer_add@buffer_ptr^0,c
 10135   0017D0  5056               	movf	RXB0InterruptHandler@main$F1340@counter^0,w,c
 10136   0017D2  0F06               	addlw	6
 10137   0017D4  6E2E               	movwf	serial_buffer_add@length^0,c
 10138   0017D6  EC3C  F00D         	call	_serial_buffer_add	;wreg free
 10139   0017DA  0012               	return		;funcret
 10140   0017DC                     __end_of_RXB0InterruptHandler@main$F1340:
 10141                           	callstack 0
 10142                           
 10143 ;; *************** function _serial_buffer_add *****************
 10144 ;; Defined at:
 10145 ;;		line 69 in file "main.c"
 10146 ;; Parameters:    Size  Location     Type
 10147 ;;  buffer_ptr      1    0[COMRAM] PTR unsigned char 
 10148 ;;		 -> RXB0InterruptHandler@main$F1340@buffer(14), 
 10149 ;;  length          1    1[COMRAM] unsigned char 
 10150 ;; Auto vars:     Size  Location     Type
 10151 ;;  counter         1    4[COMRAM] unsigned char 
 10152 ;; Return value:  Size  Location     Type
 10153 ;;                  1    wreg      void 
 10154 ;; Registers used:
 10155 ;;		wreg, fsr1l, fsr1h, fsr2l, fsr2h, status,2, status,0
 10156 ;; Tracked objects:
 10157 ;;		On entry : 0/0
 10158 ;;		On exit  : 0/0
 10159 ;;		Unchanged: 0/0
 10160 ;; Data sizes:     COMRAM   BANK0   BANK1   BANK2   BANK3   BANK4   BANK5   BANK6   BANK7   BANK8   BANK9  BANK10  BANK1
      +1  BANK12  BANK13  BANK14  BANK15
 10161 ;;      Params:         2       0       0       0       0       0       0       0       0       0       0       0       
      +0       0       0       0       0
 10162 ;;      Locals:         1       0       0       0       0       0       0       0       0       0       0       0       
      +0       0       0       0       0
 10163 ;;      Temps:          2       0       0       0       0       0       0       0       0       0       0       0       
      +0       0       0       0       0
 10164 ;;      Totals:         5       0       0       0       0       0       0       0       0       0       0       0       
      +0       0       0       0       0
 10165 ;;Total ram usage:        5 bytes
 10166 ;; Hardware stack levels used: 1
 10167 ;; This function calls:
 10168 ;;		Nothing
 10169 ;; This function is called by:
 10170 ;;		_RXB0InterruptHandler@main$F1340
 10171 ;; This function uses a non-reentrant model
 10172 ;;
 10173                           
 10174                           	psect	text31
 10175   001A78                     __ptext31:
 10176                           	callstack 0
 10177   001A78                     _serial_buffer_add:
 10178                           	callstack 24
 10179   001A78                     
 10180                           ;main.c: 69: void serial_buffer_add(uint8_t *buffer_ptr, uint8_t length);main.c: 70: {;m
      +                          ain.c: 71:     if (buf_length+length <= 14*100)
 10181   001A78  502E               	movf	serial_buffer_add@length^0,w,c
 10182   001A7A  2411               	addwf	_buf_length^0,w,c
 10183   001A7C  6E2F               	movwf	??_serial_buffer_add^0,c
 10184   001A7E  0E00               	movlw	0
 10185   001A80  2012               	addwfc	(_buf_length+1)^0,w,c
 10186   001A82  6E30               	movwf	(??_serial_buffer_add+1)^0,c
 10187   001A84  0E79               	movlw	121
 10188   001A86  5C2F               	subwf	??_serial_buffer_add^0,w,c
 10189   001A88  0E05               	movlw	5
 10190   001A8A  5830               	subwfb	(??_serial_buffer_add+1)^0,w,c
 10191   001A8C  B0D8               	btfsc	status,0,c
 10192   001A8E  EF4B  F00D         	goto	i2u85_41
 10193   001A92  EF4D  F00D         	goto	i2u85_40
 10194   001A96                     i2u85_41:
 10195   001A96  EF83  F00D         	goto	i2l2386
 10196   001A9A                     i2u85_40:
 10197   001A9A                     
 10198                           ;main.c: 72:     {;main.c: 73:         buf_length += length;
 10199   001A9A  502E               	movf	serial_buffer_add@length^0,w,c
 10200   001A9C  2611               	addwf	_buf_length^0,f,c
 10201   001A9E  0E00               	movlw	0
 10202   001AA0  2212               	addwfc	(_buf_length+1)^0,f,c
 10203   001AA2                     
 10204                           ;main.c: 74:         for(uint8_t counter = 0; counter < length; counter++)
 10205   001AA2  6A31               	clrf	serial_buffer_add@counter^0,c
 10206   001AA4  EF78  F00D         	goto	i2l2384
 10207   001AA8                     i2l2374:
 10208                           
 10209                           ;main.c: 75:         {;main.c: 76:             circular_buffer[top_pointer] = buffer_ptr
      +                          [counter];
 10210   001AA8  502D               	movf	serial_buffer_add@buffer_ptr^0,w,c
 10211   001AAA  2431               	addwf	serial_buffer_add@counter^0,w,c
 10212   001AAC  6ED9               	movwf	fsr2l,c
 10213   001AAE  6ADA               	clrf	fsr2h,c
 10214   001AB0  0EA0               	movlw	low _circular_buffer
 10215   001AB2  2415               	addwf	_top_pointer^0,w,c
 10216   001AB4  6EE1               	movwf	fsr1l,c
 10217   001AB6  0E00               	movlw	high _circular_buffer
 10218   001AB8  2016               	addwfc	(_top_pointer+1)^0,w,c
 10219   001ABA  6EE2               	movwf	fsr1h,c
 10220   001ABC  006F FF7F FFE7     	movff	indf2,indf1
 10221   001AC2                     
 10222                           ;main.c: 77:             top_pointer = (top_pointer<14*100) ? top_pointer+1 : 0;
 10223   001AC2  0E78               	movlw	120
 10224   001AC4  5C15               	subwf	_top_pointer^0,w,c
 10225   001AC6  0E05               	movlw	5
 10226   001AC8  5816               	subwfb	(_top_pointer+1)^0,w,c
 10227   001ACA  A0D8               	btfss	status,0,c
 10228   001ACC  EF6A  F00D         	goto	i2u86_41
 10229   001AD0  EF6C  F00D         	goto	i2u86_40
 10230   001AD4                     i2u86_41:
 10231   001AD4  EF71  F00D         	goto	i2l2380
 10232   001AD8                     i2u86_40:
 10233   001AD8  6A16               	clrf	(_top_pointer+1)^0,c
 10234   001ADA  0E00               	movlw	0
 10235   001ADC  6E15               	movwf	_top_pointer^0,c
 10236   001ADE  EF77  F00D         	goto	i2l2382
 10237   001AE2                     i2l2380:
 10238   001AE2  0E01               	movlw	1
 10239   001AE4  2415               	addwf	_top_pointer^0,w,c
 10240   001AE6  6E15               	movwf	_top_pointer^0,c
 10241   001AE8  0E00               	movlw	0
 10242   001AEA  2016               	addwfc	(_top_pointer+1)^0,w,c
 10243   001AEC  6E16               	movwf	(_top_pointer+1)^0,c
 10244   001AEE                     i2l2382:
 10245                           
 10246                           ;main.c: 78:         }
 10247   001AEE  2A31               	incf	serial_buffer_add@counter^0,f,c
 10248   001AF0                     i2l2384:
 10249   001AF0  502E               	movf	serial_buffer_add@length^0,w,c
 10250   001AF2  5C31               	subwf	serial_buffer_add@counter^0,w,c
 10251   001AF4  A0D8               	btfss	status,0,c
 10252   001AF6  EF7F  F00D         	goto	i2u87_41
 10253   001AFA  EF81  F00D         	goto	i2u87_40
 10254   001AFE                     i2u87_41:
 10255   001AFE  EF54  F00D         	goto	i2l2374
 10256   001B02                     i2u87_40:
 10257   001B02  EF84  F00D         	goto	i2l764
 10258   001B06                     i2l2386:
 10259                           
 10260                           ;main.c: 81:         status |= 0x01;
 10261   001B06  8025               	bsf	_status^0,0,c
 10262   001B08                     i2l764:
 10263   001B08  0012               	return		;funcret
 10264   001B0A                     __end_of_serial_buffer_add:
 10265                           	callstack 0
 10266                           
 10267                           ;
 10268                           ; H/W Interrupt Vector Table @ 0x8
 10269                           ;
 10270                           
 10271                           	psect	ivt0x8
 10272   000008                     __pivt0x8:
 10273                           	callstack 0
 10274   000008                     ivt0x8_base:
 10275                           	callstack 0
 10276                           
 10277                           ; high-priority vector
 10278   000008  EF46  F00C         	goto	_INTERRUPT_InterruptManager
 10279   000018                     	org	16
 10280                           
 10281                           ; low-priority vector
 10282   000018  00FF               	reset	
 10283                           
 10284                           	psect	smallconst
 10285   001000                     __psmallconst:
 10286                           	callstack 0
 10287   001000  00                 	db	0
 10288   001001  00                 	db	0	; dummy byte at the end
 10289   001000                     __smallconst    set	__psmallconst
 10290   001000                     __mediumconst   set	__psmallconst
 10291   000002                     __activetblptr  equ	2
 10292                           
 10293                           	psect	rparam
 10294   000001                     ___rparam_used  equ	1
 10295   000000                     ___param_bank   equ	0
 10296   000000                     __Lparam        equ	__Lrparam
 10297   000000                     __Hparam        equ	__Hrparam
 10298                           
 10299                           	psect	idloc
 10300                           
 10301                           ;Config register IDLOC0 @ 0x200000
 10302                           ;	unspecified, using default values
 10303   200000                     	org	2097152
 10304   200000  0FFF               	dw	4095
 10305                           
 10306                           ;Config register IDLOC1 @ 0x200002
 10307                           ;	unspecified, using default values
 10308   200002                     	org	2097154
 10309   200002  0FFF               	dw	4095
 10310                           
 10311                           ;Config register IDLOC2 @ 0x200004
 10312                           ;	unspecified, using default values
 10313   200004                     	org	2097156
 10314   200004  0FFF               	dw	4095
 10315                           
 10316                           ;Config register IDLOC3 @ 0x200006
 10317                           ;	unspecified, using default values
 10318   200006                     	org	2097158
 10319   200006  0FFF               	dw	4095
 10320                           
 10321                           ;Config register IDLOC4 @ 0x200008
 10322                           ;	unspecified, using default values
 10323   200008                     	org	2097160
 10324   200008  0FFF               	dw	4095
 10325                           
 10326                           ;Config register IDLOC5 @ 0x20000A
 10327                           ;	unspecified, using default values
 10328   20000A                     	org	2097162
 10329   20000A  0FFF               	dw	4095
 10330                           
 10331                           ;Config register IDLOC6 @ 0x20000C
 10332                           ;	unspecified, using default values
 10333   20000C                     	org	2097164
 10334   20000C  0FFF               	dw	4095
 10335                           
 10336                           ;Config register IDLOC7 @ 0x20000E
 10337                           ;	unspecified, using default values
 10338   20000E                     	org	2097166
 10339   20000E  0FFF               	dw	4095
 10340                           
 10341                           	psect	config
 10342                           
 10343                           ;Config register CONFIG1L @ 0x300000
 10344                           ;	External Oscillator Selection
 10345                           ;	FEXTOSC = HS, HS (crystal oscillator) above 8 MHz; PFM set to high power
 10346                           ;	Reset Oscillator Selection
 10347                           ;	RSTOSC = EXTOSC_4PLL, EXTOSC with 4x PLL, with EXTOSC operating per FEXTOSC bits
 10348   300000                     	org	3145728
 10349   300000  AA                 	db	170
 10350                           
 10351                           ;Config register CONFIG1H @ 0x300001
 10352                           ;	Clock out Enable bit
 10353                           ;	CLKOUTEN = OFF, CLKOUT function is disabled
 10354                           ;	PRLOCKED One-Way Set Enable bit
 10355                           ;	PR1WAY = ON, PRLOCK bit can be cleared and set only once
 10356                           ;	Clock Switch Enable bit
 10357                           ;	CSWEN = ON, Writing to NOSC and NDIV is allowed
 10358                           ;	Fail-Safe Clock Monitor Enable bit
 10359                           ;	FCMEN = ON, Fail-Safe Clock Monitor enabled
 10360   300001                     	org	3145729
 10361   300001  FF                 	db	255
 10362                           
 10363                           ;Config register CONFIG2L @ 0x300002
 10364                           ;	MCLR Enable bit
 10365                           ;	MCLRE = EXTMCLR, If LVP = 0, MCLR pin is MCLR; If LVP = 1, RE3 pin function is MCLR
 10366                           ;	Power-up timer selection bits
 10367                           ;	PWRTS = PWRT_OFF, PWRT is disabled
 10368                           ;	Multi-vector enable bit
 10369                           ;	MVECEN = OFF, Interrupt contoller does not use vector table to prioritze interrupts
 10370                           ;	IVTLOCK bit One-way set enable bit
 10371                           ;	IVT1WAY = ON, IVTLOCK bit can be cleared and set only once
 10372                           ;	Low Power BOR Enable bit
 10373                           ;	LPBOREN = OFF, ULPBOR disabled
 10374                           ;	Brown-out Reset Enable bits
 10375                           ;	BOREN = SBORDIS, Brown-out Reset enabled , SBOREN bit is ignored
 10376   300002                     	org	3145730
 10377   300002  F7                 	db	247
 10378                           
 10379                           ;Config register CONFIG2H @ 0x300003
 10380                           ;	Brown-out Reset Voltage Selection bits
 10381                           ;	BORV = VBOR_2P45, Brown-out Reset Voltage (VBOR) set to 2.45V
 10382                           ;	ZCD Disable bit
 10383                           ;	ZCD = OFF, ZCD disabled. ZCD can be enabled by setting the ZCDSEN bit of ZCDCON
 10384                           ;	PPSLOCK bit One-Way Set Enable bit
 10385                           ;	PPS1WAY = ON, PPSLOCK bit can be cleared and set only once; PPS registers remain locke
      +                          d after one clear/set cycle
 10386                           ;	Stack Full/Underflow Reset Enable bit
 10387                           ;	STVREN = ON, Stack full/underflow will cause Reset
 10388                           ;	Debugger Enable bit
 10389                           ;	DEBUG = OFF, Background debugger disabled
 10390                           ;	Extended Instruction Set Enable bit
 10391                           ;	XINST = OFF, Extended Instruction Set and Indexed Addressing Mode disabled
 10392   300003                     	org	3145731
 10393   300003  FF                 	db	255
 10394                           
 10395                           ;Config register CONFIG3L @ 0x300004
 10396                           ;	WDT Period selection bits
 10397                           ;	WDTCPS = WDTCPS_31, Divider ratio 1:65536; software control of WDTPS
 10398                           ;	WDT operating mode
 10399                           ;	WDTE = OFF, WDT Disabled; SWDTEN is ignored
 10400   300004                     	org	3145732
 10401   300004  9F                 	db	159
 10402                           
 10403                           ;Config register CONFIG3H @ 0x300005
 10404                           ;	WDT Window Select bits
 10405                           ;	WDTCWS = WDTCWS_7, window always open (100%); software control; keyed access not requi
      +                          red
 10406                           ;	WDT input clock selector
 10407                           ;	WDTCCS = SC, Software Control
 10408   300005                     	org	3145733
 10409   300005  FF                 	db	255
 10410                           
 10411                           ;Config register CONFIG4L @ 0x300006
 10412                           ;	Boot Block Size selection bits
 10413                           ;	BBSIZE = BBSIZE_512, Boot Block size is 512 words
 10414                           ;	Boot Block enable bit
 10415                           ;	BBEN = OFF, Boot block disabled
 10416                           ;	Storage Area Flash enable bit
 10417                           ;	SAFEN = OFF, SAF disabled
 10418                           ;	Application Block write protection bit
 10419                           ;	WRTAPP = OFF, Application Block not write protected
 10420   300006                     	org	3145734
 10421   300006  FF                 	db	255
 10422                           
 10423                           ;Config register CONFIG4H @ 0x300007
 10424                           ;	Configuration Register Write Protection bit
 10425                           ;	WRTB = OFF, Configuration registers (300000-30000Bh) not write-protected
 10426                           ;	Boot Block Write Protection bit
 10427                           ;	WRTC = OFF, Boot Block (000000-0007FFh) not write-protected
 10428                           ;	Data EEPROM Write Protection bit
 10429                           ;	WRTD = OFF, Data EEPROM not write-protected
 10430                           ;	SAF Write protection bit
 10431                           ;	WRTSAF = OFF, SAF not Write Protected
 10432                           ;	Low Voltage Programming Enable bit
 10433                           ;	LVP = ON, Low voltage programming enabled. MCLR/VPP pin function is MCLR. MCLRE config
      +                          uration bit is ignored
 10434   300007                     	org	3145735
 10435   300007  FF                 	db	255
 10436                           
 10437                           ;Config register CONFIG5L @ 0x300008
 10438                           ;	PFM and Data EEPROM Code Protection bit
 10439                           ;	CP = OFF, PFM and Data EEPROM code protection disabled
 10440   300008                     	org	3145736
 10441   300008  FF                 	db	255
 10442                           
 10443                           ;Config register CONFIG5H @ 0x300009
 10444                           ;	unspecified, using default values
 10445   300009                     	org	3145737
 10446   300009  FF                 	db	255
 10447                           tosu	equ	0x3FFF
 10448                           tosh	equ	0x3FFE
 10449                           tosl	equ	0x3FFD
 10450                           stkptr	equ	0x3FFC
 10451                           pclatu	equ	0x3FFB
 10452                           pclath	equ	0x3FFA
 10453                           pcl	equ	0x3FF9
 10454                           tblptru	equ	0x3FF8
 10455                           tblptrh	equ	0x3FF7
 10456                           tblptrl	equ	0x3FF6
 10457                           tablat	equ	0x3FF5
 10458                           prodh	equ	0x3FF4
 10459                           prodl	equ	0x3FF3
 10460                           indf0	equ	0x3FEF
 10461                           postinc0	equ	0x3FEE
 10462                           postdec0	equ	0x3FED
 10463                           preinc0	equ	0x3FEC
 10464                           plusw0	equ	0x3FEB
 10465                           fsr0h	equ	0x3FEA
 10466                           fsr0l	equ	0x3FE9
 10467                           wreg	equ	0x3FE8
 10468                           indf1	equ	0x3FE7
 10469                           postinc1	equ	0x3FE6
 10470                           postdec1	equ	0x3FE5
 10471                           preinc1	equ	0x3FE4
 10472                           plusw1	equ	0x3FE3
 10473                           fsr1h	equ	0x3FE2
 10474                           fsr1l	equ	0x3FE1
 10475                           bsr	equ	0x3FE0
 10476                           indf2	equ	0x3FDF
 10477                           postinc2	equ	0x3FDE
 10478                           postdec2	equ	0x3FDD
 10479                           preinc2	equ	0x3FDC
 10480                           plusw2	equ	0x3FDB
 10481                           fsr2h	equ	0x3FDA
 10482                           fsr2l	equ	0x3FD9
 10483                           status	equ	0x3FD8

Data Sizes:
    Strings     0
    Constant    0
    Data        16
    BSS         1466
    Persistent  0
    Stack       0

Auto Spaces:
    Space          Size  Autos    Used
    COMRAM           95     44      88
    BANK0           160     26      64
    BANK1           256      0       0
    BANK2           256      0       0
    BANK3           256      0       0
    BANK4           256      0       0
    BANK5           256      0       0
    BANK6           256      0       0
    BANK7           256      0       0
    BANK8           256      0       0
    BANK9           256      0       0
    BANK10          256      0       0
    BANK11          256      0       0
    BANK12          256      0       0
    BANK13          256      0       0
    BANK14          256      0       0
    BANK15          256      0       0

Pointer List with Targets:

    CAN_transmit@tempCanMsg	PTR struct . size(1) Largest target is 14
		 -> ECAN_buffer_add@message(BANK0[14]), 

    convertCANid2Reg@passedInEIDH	PTR unsigned char  size(1) Largest target is 1
		 -> CAN_transmit@tempEIDH(BANK0[1]), 

    convertCANid2Reg@passedInEIDL	PTR unsigned char  size(1) Largest target is 1
		 -> CAN_transmit@tempEIDL(BANK0[1]), 

    convertCANid2Reg@passedInSIDH	PTR unsigned char  size(1) Largest target is 1
		 -> CAN_transmit@tempSIDH(BANK0[1]), 

    convertCANid2Reg@passedInSIDL	PTR unsigned char  size(1) Largest target is 1
		 -> CAN_transmit@tempSIDL(BANK0[1]), 

    ECAN_SetRXB0InterruptHandler@handler	PTR FTN()void  size(2) Largest target is 1
		 -> RXB0DefaultInterruptHandler(), RXB0InterruptHandler@main$F1340(), 

    RXB0InterruptHandler	PTR FTN()void  size(2) Largest target is 1
		 -> RXB0DefaultInterruptHandler(), RXB0InterruptHandler@main$F1340(), NULL(), 

    RXB0InterruptHandler@main$F1340@data	PTR volatile unsigned char [8] size(2) Largest target is 1
		 -> RXB0D0(SFR_9[1]), RXB0D1(SFR_9[1]), RXB0D2(SFR_9[1]), RXB0D3(SFR_9[1]), 
		 -> RXB0D4(SFR_9[1]), RXB0D5(SFR_9[1]), RXB0D6(SFR_9[1]), RXB0D7(SFR_9[1]), 

    RXB0InterruptHandler@main$F1340@F23014	PTR volatile unsigned char [8] size(2) Largest target is 1
		 -> RXB0D0(SFR_9[1]), RXB0D1(SFR_9[1]), RXB0D2(SFR_9[1]), RXB0D3(SFR_9[1]), 
		 -> RXB0D4(SFR_9[1]), RXB0D5(SFR_9[1]), RXB0D6(SFR_9[1]), RXB0D7(SFR_9[1]), 

    serial_buffer_add@buffer_ptr	PTR unsigned char  size(1) Largest target is 14
		 -> RXB0InterruptHandler@main$F1340@buffer(COMRAM[14]), 

    UART1_ErrorHandler	PTR FTN()void  size(2) Largest target is 1
		 -> UART1_DefaultErrorHandler(), NULL(), 

    UART1_FramingErrorHandler	PTR FTN()void  size(2) Largest target is 1
		 -> UART1_DefaultFramingErrorHandler(), NULL(), 

    UART1_OverrunErrorHandler	PTR FTN()void  size(2) Largest target is 1
		 -> UART1_DefaultOverrunErrorHandler(), NULL(), 

    UART1_RxInterruptHandler	PTR FTN()void  size(2) Largest target is 1
		 -> UART1_Receive_ISR(), NULL(), 

    UART1_SetErrorHandler@interruptHandler	PTR FTN()void  size(2) Largest target is 1
		 -> UART1_DefaultErrorHandler(), 

    UART1_SetFramingErrorHandler@interruptHandler	PTR FTN()void  size(2) Largest target is 1
		 -> UART1_DefaultFramingErrorHandler(), 

    UART1_SetOverrunErrorHandler@interruptHandler	PTR FTN()void  size(2) Largest target is 1
		 -> UART1_DefaultOverrunErrorHandler(), 

    UART1_SetRxInterruptHandler@InterruptHandler	PTR FTN()void  size(2) Largest target is 1
		 -> UART1_Receive_ISR(), 

    UART1_SetTxInterruptHandler@InterruptHandler	PTR FTN()void  size(2) Largest target is 1
		 -> UART1_Transmit_ISR(), 

    UART1_TxInterruptHandler	PTR FTN()void  size(2) Largest target is 1
		 -> UART1_Transmit_ISR(), NULL(), 


Critical Paths under _main in COMRAM

    None.

Critical Paths under _INTERRUPT_InterruptManager in COMRAM

    _ECAN_RXB0I_ISR->_RXB0InterruptHandler@main$F1340
    _RXB0InterruptHandler@main$F1340->_serial_buffer_add

Critical Paths under _main in BANK0

    _main->_ECAN_buffer_add
    _UART1_Initialize->_UART1_SetErrorHandler
    _UART1_Initialize->_UART1_SetFramingErrorHandler
    _UART1_Initialize->_UART1_SetOverrunErrorHandler
    _UART1_Initialize->_UART1_SetRxInterruptHandler
    _UART1_Initialize->_UART1_SetTxInterruptHandler
    _ECAN_buffer_add->_CAN_transmit
    _CAN_transmit->_convertCANid2Reg
    _ECAN_Initialize_user->_ECAN_SetRXB0InterruptHandler

Critical Paths under _INTERRUPT_InterruptManager in BANK0

    None.

Critical Paths under _main in BANK1

    None.

Critical Paths under _INTERRUPT_InterruptManager in BANK1

    None.

Critical Paths under _main in BANK2

    None.

Critical Paths under _INTERRUPT_InterruptManager in BANK2

    None.

Critical Paths under _main in BANK3

    None.

Critical Paths under _INTERRUPT_InterruptManager in BANK3

    None.

Critical Paths under _main in BANK4

    None.

Critical Paths under _INTERRUPT_InterruptManager in BANK4

    None.

Critical Paths under _main in BANK5

    None.

Critical Paths under _INTERRUPT_InterruptManager in BANK5

    None.

Critical Paths under _main in BANK6

    None.

Critical Paths under _INTERRUPT_InterruptManager in BANK6

    None.

Critical Paths under _main in BANK7

    None.

Critical Paths under _INTERRUPT_InterruptManager in BANK7

    None.

Critical Paths under _main in BANK8

    None.

Critical Paths under _INTERRUPT_InterruptManager in BANK8

    None.

Critical Paths under _main in BANK9

    None.

Critical Paths under _INTERRUPT_InterruptManager in BANK9

    None.

Critical Paths under _main in BANK10

    None.

Critical Paths under _INTERRUPT_InterruptManager in BANK10

    None.

Critical Paths under _main in BANK11

    None.

Critical Paths under _INTERRUPT_InterruptManager in BANK11

    None.

Critical Paths under _main in BANK12

    None.

Critical Paths under _INTERRUPT_InterruptManager in BANK12

    None.

Critical Paths under _main in BANK13

    None.

Critical Paths under _INTERRUPT_InterruptManager in BANK13

    None.

Critical Paths under _main in BANK14

    None.

Critical Paths under _INTERRUPT_InterruptManager in BANK14

    None.

Critical Paths under _main in BANK15

    None.

Critical Paths under _INTERRUPT_InterruptManager in BANK15

    None.

Call Graph Tables:

 ---------------------------------------------------------------------------------
 (Depth) Function   	        Calls       Base Space   Used Autos Params    Refs
 ---------------------------------------------------------------------------------
 (0) _main                                                 2     2      0    3010
                                             24 BANK0      2     2      0
               _ECAN_Initialize_user
                    _ECAN_buffer_add
                  _SYSTEM_Initialize
                        _UART1_Write
                  _UART1_is_tx_ready
 ---------------------------------------------------------------------------------
 (1) _UART1_is_tx_ready                                    0     0      0       0
 ---------------------------------------------------------------------------------
 (1) _UART1_Write                                          1     1      0      58
                                              0 BANK0      1     1      0
 ---------------------------------------------------------------------------------
 (1) _SYSTEM_Initialize                                    0     0      0     170
               _INTERRUPT_Initialize
              _OSCILLATOR_Initialize
             _PIN_MANAGER_Initialize
                     _PMD_Initialize
                   _UART1_Initialize
 ---------------------------------------------------------------------------------
 (2) _UART1_Initialize                                     0     0      0     170
              _UART1_SetErrorHandler
       _UART1_SetFramingErrorHandler
       _UART1_SetOverrunErrorHandler
        _UART1_SetRxInterruptHandler
        _UART1_SetTxInterruptHandler
 ---------------------------------------------------------------------------------
 (3) _UART1_SetTxInterruptHandler                          2     0      2      34
                                              0 BANK0      2     0      2
 ---------------------------------------------------------------------------------
 (3) _UART1_SetRxInterruptHandler                          2     0      2      34
                                              0 BANK0      2     0      2
 ---------------------------------------------------------------------------------
 (3) _UART1_SetOverrunErrorHandler                         2     0      2      34
                                              0 BANK0      2     0      2
 ---------------------------------------------------------------------------------
 (3) _UART1_SetFramingErrorHandler                         2     0      2      34
                                              0 BANK0      2     0      2
 ---------------------------------------------------------------------------------
 (3) _UART1_SetErrorHandler                                2     0      2      34
                                              0 BANK0      2     0      2
 ---------------------------------------------------------------------------------
 (2) _PMD_Initialize                                       0     0      0       0
 ---------------------------------------------------------------------------------
 (2) _PIN_MANAGER_Initialize                               0     0      0       0
 ---------------------------------------------------------------------------------
 (2) _OSCILLATOR_Initialize                                0     0      0       0
 ---------------------------------------------------------------------------------
 (2) _INTERRUPT_Initialize                                 0     0      0       0
 ---------------------------------------------------------------------------------
 (1) _ECAN_buffer_add                                      5     5      0    2745
                                             19 BANK0      5     5      0
                       _CAN_transmit
                         _UART1_Read
                  _UART1_is_rx_ready
 ---------------------------------------------------------------------------------
 (2) _UART1_is_rx_ready                                    0     0      0       0
 ---------------------------------------------------------------------------------
 (2) _UART1_Read                                           1     1      0      37
                                              0 BANK0      1     1      0
 ---------------------------------------------------------------------------------
 (2) _CAN_transmit                                         6     5      1    2708
                                             14 BANK0      5     4      1
                   _convertCANid2Reg
 ---------------------------------------------------------------------------------
 (3) _convertCANid2Reg                                    14     5      9     859
                                              0 BANK0     14     5      9
 ---------------------------------------------------------------------------------
 (1) _ECAN_Initialize_user                                 0     0      0      37
       _ECAN_SetRXB0InterruptHandler
 ---------------------------------------------------------------------------------
 (2) _ECAN_SetRXB0InterruptHandler                         2     0      2      37
                                              0 BANK0      2     0      2
 ---------------------------------------------------------------------------------
 Estimated maximum stack depth 3
 ---------------------------------------------------------------------------------
 (Depth) Function   	        Calls       Base Space   Used Autos Params    Refs
 ---------------------------------------------------------------------------------
 (4) _INTERRUPT_InterruptManager                           2     2      0     532
                                             42 COMRAM     2     2      0
                                NULL *
                     _ECAN_RXB0I_ISR
                  _UART1_Receive_ISR *
                 _UART1_Transmit_ISR *
 ---------------------------------------------------------------------------------
 (5) _UART1_Transmit_ISR                                   0     0      0       0
 ---------------------------------------------------------------------------------
 (5) _UART1_Receive_ISR                                    0     0      0       0
                                NULL *
          _UART1_DefaultErrorHandler *
   _UART1_DefaultFramingErrorHandler *
   _UART1_DefaultOverrunErrorHandler *
                _UART1_RxDataHandler
 ---------------------------------------------------------------------------------
 (6) _UART1_DefaultOverrunErrorHandler                     0     0      0       0
 ---------------------------------------------------------------------------------
 (6) _UART1_DefaultFramingErrorHandler                     0     0      0       0
 ---------------------------------------------------------------------------------
 (6) _UART1_DefaultErrorHandler                            0     0      0       0
                _UART1_RxDataHandler
 ---------------------------------------------------------------------------------
 (7) _UART1_RxDataHandler                                  0     0      0       0
 ---------------------------------------------------------------------------------
 (5) _ECAN_RXB0I_ISR                                       0     0      0     532
                                NULL *
        _RXB0DefaultInterruptHandler *
    _RXB0InterruptHandler@main$F1340 *
 ---------------------------------------------------------------------------------
 (6) _RXB0InterruptHandler@main$F1340                     37    37      0     532
                                              5 COMRAM    37    37      0
                  _serial_buffer_add
 ---------------------------------------------------------------------------------
 (7) _serial_buffer_add                                    5     3      2     136
                                              0 COMRAM     5     3      2
 ---------------------------------------------------------------------------------
 (6) _RXB0DefaultInterruptHandler                          0     0      0       0
 ---------------------------------------------------------------------------------
 (6) NULL(Fake)                                            0     0      0       0
 ---------------------------------------------------------------------------------
 Estimated maximum stack depth 7
 ---------------------------------------------------------------------------------

 Call Graph Graphs:

 _main (ROOT)
   _ECAN_Initialize_user
     _ECAN_SetRXB0InterruptHandler
   _ECAN_buffer_add
     _CAN_transmit
       _convertCANid2Reg
     _UART1_Read
     _UART1_is_rx_ready
   _SYSTEM_Initialize
     _INTERRUPT_Initialize
     _OSCILLATOR_Initialize
     _PIN_MANAGER_Initialize
     _PMD_Initialize
     _UART1_Initialize
       _UART1_SetErrorHandler
       _UART1_SetFramingErrorHandler
       _UART1_SetOverrunErrorHandler
       _UART1_SetRxInterruptHandler
       _UART1_SetTxInterruptHandler
   _UART1_Write
   _UART1_is_tx_ready

 _INTERRUPT_InterruptManager (ROOT)
   NULL(Fake) *
   _ECAN_RXB0I_ISR *
     NULL(Fake) *
     _RXB0DefaultInterruptHandler *
     _RXB0InterruptHandler@main$F1340 *
       _serial_buffer_add
   _UART1_Receive_ISR *
     NULL(Fake) *
     _UART1_DefaultErrorHandler *
       _UART1_RxDataHandler
     _UART1_DefaultFramingErrorHandler *
     _UART1_DefaultOverrunErrorHandler *
     _UART1_RxDataHandler *
   _UART1_Transmit_ISR *

Address spaces:
Name               Size   Autos  Total    Usage
BIGRAM            4095      0    1400     34.2%
BITBIGSFRlh       1992      0       0      0.0%
BITBANK15          256      0       0      0.0%
BANK15             256      0       0      0.0%
BITBANK14          256      0       0      0.0%
BANK14             256      0       0      0.0%
BITBANK13          256      0       0      0.0%
BANK13             256      0       0      0.0%
BITBANK12          256      0       0      0.0%
BANK12             256      0       0      0.0%
BITBANK11          256      0       0      0.0%
BANK11             256      0       0      0.0%
BITBANK10          256      0       0      0.0%
BANK10             256      0       0      0.0%
BITBANK9           256      0       0      0.0%
BANK9              256      0       0      0.0%
BITBANK8           256      0       0      0.0%
BANK8              256      0       0      0.0%
BITBANK7           256      0       0      0.0%
BANK7              256      0       0      0.0%
BITBANK6           256      0       0      0.0%
BANK6              256      0       0      0.0%
BITBANK5           256      0       0      0.0%
BANK5              256      0       0      0.0%
BITBANK4           256      0       0      0.0%
BANK4              256      0       0      0.0%
BITBANK3           256      0       0      0.0%
BANK3              256      0       0      0.0%
BITBANK2           256      0       0      0.0%
BANK2              256      0       0      0.0%
BITBANK1           256      0       0      0.0%
BANK1              256      0       0      0.0%
BITBIGSFRlllh      184      0       0      0.0%
BITBANK0           160      0       0      0.0%
BANK0              160     26      64     40.0%
BITBIGSFRh         112      0       0      0.0%
BITCOMRAM           95      0       0      0.0%
COMRAM              95     44      88     92.6%
BITBIGSFRllh         9      0       0      0.0%
BITBIGSFRllll        2      0       0      0.0%
STACK                0      0       0      0.0%
DATA                 0      0    1552      0.0%


Microchip Technology PIC18 Macro Assembler V3.10 build 20250813170317 
Symbol Table                                                                                   Fri Jan 16 22:26:34 2026

                                          l57 1CE2                                            u80 1D66  
                                          u81 1D62                                           l111 1D66  
                                         l105 1DB0                                           l210 1DC6  
                                         l114 1DDA                                           l108 1D58  
                                         l213 1D9A                                           l207 1B92  
                                         l231 1C0C                                           l232 1C26  
                                         l225 1C8E                                           l226 1C9A  
                                         l235 1C4E                                           l270 1E1C  
                                         l264 1E12                                           l273 1DFE  
                                         l267 1E08                                           l604 16E6  
                                         l276 1DF4                                           l607 1E26  
                                         l295 1E30                                           l561 111E  
                                         l563 122E                                           l805 19F8  
                                         l566 133E                                           l809 1A76  
                                         l818 1872                                           l792 157A  
                                         u200 1D9A                                           u190 1D98  
                                         u191 1D92                                           u880 1DC4  
                                         u881 1DBE                                           u890 1DC6  
                                 _top_pointer 0015                                           tosl 3FFD  
                                         wreg 3FE8                            _UART1_Transmit_ISR 1CE4  
                                        l3000 1314                                          l3002 1326  
                                        l3010 1D9C                                          l3004 1338  
                                        l3100 14DA                                          l3012 1DA4  
                                        l3020 1BFC                                          l3110 1532  
                                        l3102 14DE                                          l3014 1DA8  
                                        l3030 1C48                                          l3022 1C1C  
                                        l3120 19E4                                          l3112 1546  
                                        l3104 14F0                                          l3016 1DAC  
                                        l3032 1C4A                                          l3024 1C28  
                                        l3130 1A5E                                          l3122 1A3E  
                                        l3114 1554                                          l3106 1504  
                                        l3050 136E                                          l3026 1C36  
                                        l3034 1C4C                                          l3018 1BFC  
                                        l3132 1A62                                          l3124 1A4A  
                                        l3116 1578                                          l3108 1520  
                                        l3060 13B2                                          l3052 1374  
                                        l3044 1352                                          l3036 1340  
                                        l1700 1CB4                                          l3028 1C38  
                                        l3126 1A58                                          l3118 19E0  
                                        l3070 13F8                                          l3062 13B6  
                                        l3046 135C                                          l3038 1350  
                                        l3054 137A                                          l1710 1CBE  
                                        l1702 1CB6                                          l3150 17DC  
                                        l3128 1A5C                                          l3080 1456  
                                        l3064 13C8                                          l3072 13FC  
                                        l3056 138A                                          l3048 135E  
                                        l1720 1CC8                                          l1712 1CC0  
                                        l1704 1CB8                                          l3160 181A  
                                        l3152 17E4                                          l3090 149E  
                                        l3082 1468                                          l3074 140E  
                                        l3066 13DC                                          l3058 139E  
                                        l1730 1D48                                          l1722 1CCA  
                                        l1714 1CC2                                          l1706 1CBA  
                                        l3170 1866                                          l3162 182E  
                                        l3154 17E6                                          l2444 1DB2  
                                        l3092 14B2                                          l3084 147C  
                                        l3076 1422                                          l3068 13F0  
                                        l1732 1D4E                                          l1724 1CCC  
                                        l1716 1CC4                                          l1708 1CBC  
                                        l3164 1840                                          l3156 17FE  
                                        l3094 14BA                                          l3086 1488  
                                        l3078 1452                                          l1726 1E2E  
                                        l1734 1D50                                          l1718 1CC6  
                                        l3166 1846                                          l3158 1802  
                                        l2800 157C                                          l3096 14C2  
                                        l3088 148C                                          l1736 1D56  
                                        l1728 1DC8                                          l3168 185C  
                                        l2810 160A                                          l2802 1590  
                                        l3098 14D8                                          l1690 1C9C  
                                        l2820 1684                                          l2812 163C  
                                        l2804 159C                                          l2900 1C92  
                                        l1692 1CA4                                          l2814 1644  
                                        l2806 15CA                                          l2822 1694  
                                        l2910 1002                                          l2902 1C94  
                                        l1694 1CA8                                          l2824 16A4  
                                        l2816 164A                                          l2808 1604  
                                        l2920 1070                                          l2912 101C  
                                        l2904 1C96                                          l1696 1CAA  
                                        l2840 1B32                                          l2832 1B0A  
                                        l2826 16D6                                          l2818 1656  
                                        l2930 10BE                                          l2922 1076  
                                        l2914 105E                                          l1698 1CB2  
                                        l2850 1B3C                                          l2842 1B34  
                                        l2834 1B0E                                          l2908 1E1E  
                                        l2940 1118                                          l2932 10D0  
                                        l2924 1088                                          l2916 1064  
                                        l2860 1B4C                                          l2852 1B40  
                                        l2844 1B36                                          l2836 1B1C  
                                        l1964 1D86                                          l2950 117A  
                                        l2942 111A                                          l2934 10E2  
                                        l2926 109A                                          l2918 106A  
                                        l2790 1DEC                                          l2870 1B62  
                                        l2862 1B4E                                          l2854 1B44  
                                        l2846 1B38                                          l2838 1B2E  
                                        l2960 11BC                                          l2952 1180  
                                        l2944 112C                                          l2936 10F4  
                                        l2928 10AC                                          l2792 1E0A  
                                        l2880 1B88                                          l2872 1B70  
                                        l2864 1B50                                          l2856 1B46  
                                        l2848 1B3A                                          l2970 1216  
                                        l2962 11CE                                          l2954 1186  
                                        l2946 116E                                          l2938 1106  
                                        l2890 1C50                                          l2794 1E00  
                                        l2882 1B8A                                          l2874 1B7E  
                                        l2866 1B52                                          l2858 1B4A  
                                        l2980 1284                                          l2972 1228  
                                        l2964 11E0                                          l2956 1198  
                                        l2948 1174                                          l2892 1C60  
                                        l2796 1E14                                          l2788 1DF6  
                                        l2884 1B8C                                          l2876 1B80  
                                        l2868 1B54                                          l2798 157C  
                                        l2990 12BA                                          l2982 128A  
                                        l2966 11F2                                          l2958 11AA  
                                        l2894 1C7A                                          l2886 1B8E  
                                        l2878 1B82                                          l2992 12CC  
                                        l2984 1290                                          l2976 123C  
                                        l2968 1204                                          l2896 1C7C  
                                        l2888 1C50                                          l2994 12DE  
                                        l2986 1296                                          l2978 127E  
                                        l2898 1C8C                                          l2996 12F0  
                                        l2988 12A8                                          l2998 1302  
                ?_RXB0DefaultInterruptHandler 002D                                          u1410 1590  
                                        u1411 158C                                          u1500 1C1C  
                                        u1501 1C18                                          _LATA 3FBA  
                                        u1510 1C48                                          _LATB 3FBB  
                                        u1511 1C44                                          _LATC 3FBC  
                                        u1440 1C60                                          u1600 140E  
                                        u1520 1350                                          u1425 161C  
                                        u1441 1C5C                                          u1601 140A  
                                        u1521 134C                                          u1450 1C8C  
                                        u1610 1422                                          u1530 136E  
                                        u1435 16B6                                          u1451 1C88  
                                        u1611 141E                                          u1531 136A  
                                        u1460 101C                                          u1700 1546  
                                        u1620 1468                                          u1540 138A  
                                        u1461 1018                                          u1701 1542  
                                        u1621 1464                                          u1541 1386  
                                        u1470 112C                                          u1710 1564  
                                        u1630 147C                                          u1550 139E  
                                        u1471 1128                                          u1711 155E  
                                        u1631 1478                                          u1551 139A  
                                        u1720 19F8                                          u1480 123C  
                                        u1640 149E                                          u1560 13B2  
                                        u1721 19F4                                          u1481 1238  
                                        u1641 149A                                          u1561 13AE  
                                        u1730 1A76                                          u1650 14B2  
                                        u1570 13C8                                          u1490 1C0C  
                                        u1731 1A72                                          u1651 14AE  
                                        u1571 13C4                                          u1491 1C08  
                                        u1716 1566                                          u1660 14F0  
                                        u1580 13DC                                          u1661 14EC  
                                        u1581 13D8                                          u1670 1504  
                                        u1590 13F0                                          u1671 1500  
                                        u1591 13EC                                          u1807 17F2  
                                        u1680 1520                                          u1760 1816  
                                        u1681 151C                                          u1761 1812  
                                        u1690 1532                                          u1770 182E  
                                        u1691 152E                                          u1771 182A  
                                        u1780 185C                                          u1781 1858  
                                        u1790 1884                                          u1791 1880  
                                        _PMD0 39C0                                          _PMD1 39C1  
                                        _PMD2 39C2                                          _PMD3 39C3  
                                        _PMD4 39C4                                          _PMD5 39C5  
                                        _PMD6 39C6                                          _PMD7 39C7  
                                        _PLLR 1CEE0                                          _WPUA 3A41  
                                        _WPUB 3A51                                          _WPUC 3A61  
                                        _WPUE 3A81                           ?_UART1_Transmit_ISR 002D  
                                        _main 17DC                  convertCANid2Reg@passedInEIDH 0065  
                convertCANid2Reg@passedInEIDL 0066                                          fsr1h 3FE2  
                                        fsr2h 3FDA                                          indf1 3FE7  
                                        indf2 3FDF                                          fsr1l 3FE1  
                                        fsr2l 3FD9                  convertCANid2Reg@passedInSIDH 0067  
                convertCANid2Reg@passedInSIDL 0068                                          prodl 3FF3  
                                        start 001A                 ??_UART1_SetTxInterruptHandler 0062  
                                ___param_bank 0000                                   ?_UART1_Read 002D  
                        ??_UART1_Transmit_ISR 002D                 __end_of_OSCILLATOR_Initialize 1D68  
                                       ?_main 002D                                         _U1P1H 3DED  
                                       _U1P2H 3DEF                                         _U1P1L 3DEC  
                                       _U1P3H 3DF1                                         _U1P2L 3DEE  
                                       _U1P3L 3DF0                                         _U1UIR 3DF8  
                                       _U1RXB 3DE8                                         _U1TXB 3DEA  
                                       i2l300 18BE                                         i2l302 18F6  
                                       i2l241 1D20                                         i2l306 192A  
                                       i2l252 1D46                                         i2l261 1E2C  
                                       i2l238 1D1C                                         i2l255 1E34  
                                       i2l248 19DE                                         i2l610 1D84  
                                       i2l258 1E32                                         i2l543 1E36  
                                       i2l800 17DA                                         i2l764 1B08  
                                       _OSCEN 39DD                          _ECAN_Initialize_user 19E0  
                                       _TRISA 3FC2                                         _TRISB 3FC3  
                                       _TRISC 3FC4                          __end_of_CAN_transmit 1340  
                                       pclath 3FFA                                         pclatu 3FFB  
                                       tablat 3FF5                                         plusw1 3FE3  
                                       plusw2 3FDB                 ??_RXB0DefaultInterruptHandler 002D  
                                       status 3FD8           __end_of_UART1_SetRxInterruptHandler 1E00  
                 _UART1_SetRxInterruptHandler 1DF6                          CAN_transmit@tempEIDH 006F  
                        CAN_transmit@tempEIDL 0070                          CAN_transmit@tempSIDH 0071  
                        CAN_transmit@tempSIDL 0072      __end_of_UART1_DefaultFramingErrorHandler 1E36  
          ??_UART1_DefaultFramingErrorHandler 002D             ?_UART1_DefaultFramingErrorHandler 002D  
            _UART1_DefaultFramingErrorHandler 1E34                        ECAN_buffer_add@counter 0023  
                      ECAN_buffer_add@message 0082                               __initialization 1B94  
                                __end_of_main 188C                   ??_UART1_DefaultErrorHandler 002D  
                 ?_INTERRUPT_InterruptManager 002D                                  ?_UART1_Write 002D  
                                      ??_main 0078                                 __activetblptr 0002  
                       ?_ECAN_Initialize_user 002D                              _UART1_Initialize 1B0A  
                                      _CANCON 3F8F                                        _CIOCON 3700  
                                      _ANSELA 3A40                                        _ANSELB 3A50  
                                      _ANSELC 3A60                    ECAN_buffer_add@frame_state 0024  
                                      _U1CON0 3DF2                                        _U1CON1 3DF3  
                                      _U1CON2 3DF4                                        _U1BRGH 3DF6  
                                      _U1FIFO 3DF7                                        _U1BRGL 3DF5  
                                      _RB0PPS 3A08                                        _RB2PPS 3A0A  
                                      _ODCONA 3A42                                        _ODCONB 3A52  
                                      _ODCONC 3A62                                        i2l2330 1D42  
                                      i2l2332 1D44                                        i2l2324 1D22  
                                      i2l2326 1D30                                        i2l2600 17C6  
                                      i2l2328 1D32                                        i2l2370 1A9A  
                                      i2l2602 17C8                                        i2l2380 1AE2  
                                      i2l2372 1AA2                                        i2l2604 17CC  
                                      i2l2620 195C                                        i2l2382 1AEE  
                                      i2l2374 1AA8                                        i2l2630 19BE  
                                      i2l2622 1974                                        i2l2614 1938  
                                      i2l2376 1AC2                                        i2l2384 1AF0  
                                      i2l2368 1A78                                        i2l2632 19DA  
                                      i2l2624 1984                                        i2l2616 1942  
                                      i2l2378 1AD8                                        i2l2386 1B06  
                                      i2l2634 1D68                                        i2l2626 198E  
                                      i2l2618 1952                                        i2l2580 1740  
                                      i2l2572 16E8                                        i2l2636 1D80  
                                      i2l2468 1E28                                        i2l2628 19A6  
                                      i2l2740 18B6                                        i2l2590 1758  
                                      i2l2582 1744                                        i2l2574 16F0  
                                      i2l2742 18CC                                        i2l2592 1792  
                                      i2l2584 1748                                        i2l2576 1728  
                                      i2l2744 18DA                                        i2l2736 1898  
                                      i2l2594 1794                                        i2l2586 174C  
                                      i2l2578 173C                                        i2l2746 1904  
                                      i2l2738 18A8                                        i2l2596 17AE  
                                      i2l2588 1752                                        i2l2748 1912  
                                      i2l2598 17C4                                        i2l1990 1D02  
                                      i2l1992 1D04                                        _INLVLA 3A44  
                                      i2l1994 1D14                                        i2l1986 1CE4  
                                      _INLVLB 3A54                                        _INLVLC 3A64  
                                      i2l1996 1D16                                        i2l1988 1CF4  
                                      _INLVLE 3A84                                        _OSCFRQ 39DF  
                                      _RXB0D0 3F86                                        _RXB0D1 3F87  
                                      _RXB0D2 3F88                                        _RXB0D3 3F89  
                                      _RXB0D4 3F8A                                        _RXB1D0 37F6  
                                      _RXB0D5 3F8B                                        _RXB1D1 37F7  
                                      _RXB0D6 3F8C                                        _RXB1D2 37F8  
                                      _RXB0D7 3F8D                                        _RXB1D3 37F9  
                                      _RXB1D4 37FA                                        _RXB1D5 37FB  
                                      _RXB1D6 37FC                                        _RXB1D7 37FD  
                                      _TXB0D0 37E6                                        _TXB0D1 37E7  
                                      _TXB0D2 37E8                                        _TXB0D3 37E9  
                                      _TXB0D4 37EA                                        _TXB1D0 37D6  
                                      _TXB0D5 37EB                                        _TXB1D1 37D7  
                                      _TXB0D6 37EC                                        _TXB1D2 37D8  
                                      _TXB0D7 37ED                                        _TXB1D3 37D9  
                                      _TXB1D4 37DA                                        _TXB2D0 37C6  
                                      _TXB1D5 37DB                                        _TXB2D1 37C7  
                                      _TXB1D6 37DC                                        _TXB2D2 37C8  
                                      _TXB1D7 37DD                                        _TXB2D3 37C9  
                                      _TXB2D4 37CA                                        _TXB2D5 37CB  
                                      _TXB2D6 37CC                                        _TXB2D7 37CD  
                       _UART1_SetErrorHandler 1E14  RXB0InterruptHandler@main$F1340@identificator 0054  
                                      clear_0 1BBE                                        clear_1 1BD0  
                                      clear_2 1BDC                                        isa$std 0001  
                                      _status 0025          __end_of_ECAN_SetRXB0InterruptHandler 1E28  
                _ECAN_SetRXB0InterruptHandler 1E1E                                _PMD_Initialize 1DC8  
                                __mediumconst 1000                                        tblptrh 3FF7  
                                      tblptrl 3FF6                                        tblptru 3FF8  
 UART1_SetTxInterruptHandler@InterruptHandler 0060   UART1_SetRxInterruptHandler@InterruptHandler 0060  
        __end_of_UART1_SetOverrunErrorHandler 1E0A                  _UART1_SetOverrunErrorHandler 1E00  
                   _UART1_DefaultErrorHandler 1E28       __end_of_RXB0InterruptHandler@main$F1340 17DC  
           ??_RXB0InterruptHandler@main$F1340 0032              ?_RXB0InterruptHandler@main$F1340 002D  
             _RXB0InterruptHandler@main$F1340 16E8           ECAN_SetRXB0InterruptHandler@handler 0060  
                           _SYSTEM_Initialize 1D9C                                    __accesstop 0060  
                     __end_of__initialization 1BEE                            ?_SYSTEM_Initialize 002D  
                               ___rparam_used 0001                                __pcstackCOMRAM 002D  
                                __pidataBANK0 1DDC                           ??_SYSTEM_Initialize 0062  
                      __end_of_PMD_Initialize 1DDC                        ??_ECAN_Initialize_user 0062  
                    serial_buffer_add@counter 0031                 ?_ECAN_SetRXB0InterruptHandler 0060  
                   _UART1_FramingErrorHandler 001D                     __end_of_SYSTEM_Initialize 1DB2  
                                  __pbssBANK0 007A                 ?_UART1_SetOverrunErrorHandler 0060  
                      ?_UART1_SetErrorHandler 0060                          _RXB0InterruptHandler 0017  
                             _circular_buffer 00A0                                       IVTBASEH 3FD6  
                                     IVTBASEL 3FD5                                       IVTBASEU 3FD7  
                                ??_UART1_Read 0060                                  _CAN_transmit 1002  
                                     _ECANCON 3F91                                       _CANSTAT 3F8E  
                             ?_PMD_Initialize 002D                             _UART1_Receive_ISR 1938  
                                     _BRGCON1 3703                                       _BRGCON2 3704  
                                     _BRGCON3 3705                                       _COMSTAT 3F90  
                                     _U1ERRIE 3DFA                                       _U1ERRIR 3DF9  
                          ?_UART1_Receive_ISR 002D                                       _U1RXPPS 3AE7  
                                  _buf_length 0011                                       _OSCCON1 39D9  
                                     _OSCCON3 39DB                                       i2u24_40 1CF4  
                                     i2u24_41 1CF0                                       i2u25_40 1D14  
                                     i2u25_41 1D10                                       _RXB0DLC 3F85  
                                     _RXB1DLC 37F5                                       _OSCTUNE 39DE  
                                     i2u81_40 1D42                                       i2u81_41 1D3E  
                                     i2u85_40 1A9A                                       i2u85_41 1A96  
                                     i2u86_40 1AD8                                       i2u86_41 1AD4  
                                     i2u87_40 1B02                                       i2u87_41 1AFE  
                                     i2u95_45 16FA                                       i2u96_41 1732  
                                     i2u97_40 17AE                                       i2u97_41 17AA  
                                     i2u98_40 1952                                       i2u98_41 194E  
                                     _TXB0DLC 37E5                                       _SLRCONA 3A43  
                                     _SLRCONB 3A53                                       _SLRCONC 3A63  
                                     _TXB1DLC 37D5                                       i2u99_48 1962  
                                     i2u99_49 1974                                       _TXB2DLC 37C5  
                         ??_UART1_Receive_ISR 002D                            __end_of_UART1_Read 1C9C  
                           ??_ECAN_buffer_add 0073                                       __Hparam 0000  
                                     __Lparam 0000                      __end_of_UART1_Initialize 1B94  
                   __end_of_UART1_Receive_ISR 19E0                                  __psmallconst 1000  
                                     __pcinit 1B94                                       __ramtop 1000  
                                     __ptext0 17DC                                       __ptext1 1D86  
                                     __ptext2 1BF8                                       __ptext3 1D9C  
                                     __ptext4 1B0A                                       __ptext5 1DEC  
                                     __ptext6 1DF6                                       __ptext7 1E00  
                                     __ptext8 1E0A                                       __ptext9 1E14  
       RXB0InterruptHandler@main$F1340@F23014 0090                         _OSCILLATOR_Initialize 1D48  
                            _convertCANid2Reg 157C                      ??_PIN_MANAGER_Initialize 0060  
                        end_of_initialization 1BEE                                 __Lmediumconst 0000  
         __end_of_UART1_SetTxInterruptHandler 1DF6                   _UART1_SetTxInterruptHandler 1DEC  
              ??_UART1_SetOverrunErrorHandler 0062         RXB0InterruptHandler@main$F1340@buffer 0046  
                                     postdec1 3FE5                                       postdec2 3FDD  
                                     postinc0 3FEE                                       postinc2 3FDE  
                           UART1_Write@txData 0060                           _UART1_RxDataHandler 1D22  
                      CAN_transmit@tempCanMsg 006E           __end_of_RXB0DefaultInterruptHandler 1E38  
                 _RXB0DefaultInterruptHandler 1E36                          ?_UART1_RxDataHandler 002D  
      RXB0InterruptHandler@main$F1340@counter 0056                  __end_of_INTERRUPT_Initialize 1E32  
                      ?_OSCILLATOR_Initialize 002D                           start_initialization 1B94  
                     ??_UART1_SetErrorHandler 0062                         ??_UART1_RxDataHandler 002D  
                                  ivt0x8_base 0008                                 _uart1RxBuffer 007A  
                               _uart1TxBuffer 0009                              ??_PMD_Initialize 0060  
                              _ECAN_RXB0I_ISR 1D68                                   __pdataBANK0 0090  
                                 __pbssBIGRAM 00A0                               _ECAN_buffer_add 1340  
                                 __pbssCOMRAM 0001                            _UART1_ErrorHandler 0019  
                               __pcstackBANK0 0060                      _UART1_RxInterruptHandler 0021  
                     serial_buffer_add@length 002E                  ?_UART1_SetRxInterruptHandler 0060  
                      _PIN_MANAGER_Initialize 1C9C                        __end_of_ECAN_RXB0I_ISR 1D86  
                    __end_of_convertCANid2Reg 16E8                             ?_UART1_Initialize 002D  
        __end_of_UART1_SetFramingErrorHandler 1E14                  _UART1_SetFramingErrorHandler 1E0A  
                         UART1_Read@readValue 0060           RXB0InterruptHandler@main$F1340@data 0036  
                          ??_UART1_Initialize 0062                              _uart1RxLastError 0026  
                               ??_UART1_Write 0060                  ??_INTERRUPT_InterruptManager 0057  
                                 __smallconst 1000                                   _COMSTATbits 3F90  
    __end_of_UART1_DefaultOverrunErrorHandler 1E34            ??_UART1_DefaultOverrunErrorHandler 002D  
           ?_UART1_DefaultOverrunErrorHandler 002D              _UART1_DefaultOverrunErrorHandler 1E32  
                                    _CANRXPPS 3AED                convertCANid2Reg@tempPassedInID 0060  
                                 _U1ERRIRbits 3DF9                          _INTERRUPT_Initialize 1E2E  
       UART1_SetErrorHandler@interruptHandler 0060                                      _LATBbits 3FBB  
                                    _PIE3bits 3993                                      _PIE5bits 3995  
                                    i2u100_40 1984                                      i2u100_41 1980  
                                    i2u102_40 19BE                                      i2u101_48 1994  
                                    i2u102_41 19BA                                      i2u101_49 19A6  
                                    i2u103_48 19C4                                      i2u103_49 19D6  
                                    i2u104_48 1D6E                                      i2u104_49 1D80  
                                    i2u130_40 18DA                                      i2u130_41 18D6  
               ??_UART1_SetRxInterruptHandler 0062                                      i2u132_40 1904  
                                    i2u131_48 18E0                                      i2u132_41 1900  
                                    i2u131_49 18F2                                      i2u133_40 1912  
                                    i2u133_41 190E                                      i2u134_48 1918  
                                    i2u127_40 18A8                                      i2u134_49 192A  
                                    i2u127_41 18A4                                      i2u128_40 18B6  
                                    i2u128_41 18B2                                      i2u129_40 18CC  
                                    i2u129_41 18C8                               ?_ECAN_RXB0I_ISR 002D  
                                    _PIR3bits 39A3                                      _PIR5bits 39A5  
                                    _RXB0EIDH 3F83                                      _RXB0EIDL 3F84  
                                    _RXB1EIDH 37F3                                      _RXB1EIDL 37F4  
                                    _RXB0SIDH 3F81                                      _RXB0SIDL 3F82  
                                    _RXF0EIDH 37A2                                      _RXB1SIDH 37F1  
                                    _RXF0EIDL 37A3                                      _RXB1SIDL 37F2  
                                    _RXF1EIDH 37A6                                      _RXF1EIDL 37A7  
                                    _RXF2EIDH 37AA                                      _RXF2EIDL 37AB  
                                    _RXF3EIDH 37AE                                      _RXF3EIDL 37AF  
                                    _RXF4EIDH 37B2                                      _RXF4EIDL 37B3  
                                    _RXF5EIDH 37B6                                      _RXF5EIDL 37B7  
                                    _RXF0SIDH 37A0                                      _RXF0SIDL 37A1  
                                    _RXF1SIDH 37A4                                      _TXB0EIDH 37E3  
                                    _RXF1SIDL 37A5                                      _TXB0EIDL 37E4  
                                    _RXF2SIDH 37A8                                      _TXB1EIDH 37D3  
                                    _RXF2SIDL 37A9                                      _TXB1EIDL 37D4  
                                    _RXF3SIDH 37AC                                      _TXB2EIDH 37C3  
                                    _RXF3SIDL 37AD                                      _TXB2EIDL 37C4  
                                    _RXF4SIDH 37B0                                      _RXF4SIDL 37B1  
                                    _RXF5SIDH 37B4                                   _bot_pointer 0013  
                                    _RXF5SIDL 37B5                                      _RXM0EIDH 37BA  
                                    _RXM0EIDL 37BB                                      _RXM1EIDH 37BE  
                                    _TXB0SIDH 37E1                                      _RXM1EIDL 37BF  
                                    _TXB0SIDL 37E2                    __end_of_UART1_Transmit_ISR 1D22  
                                    _TXB1SIDH 37D1                                      _TXB1SIDL 37D2  
                                    _TXB2SIDH 37C1                                      _TXB2SIDL 37C2  
                                    _RXM0SIDH 37B8                                      _RXM0SIDL 37B9  
                                    _RXM1SIDH 37BC                                      _RXM1SIDL 37BD  
               ?_UART1_SetFramingErrorHandler 0060                       __end_of_ECAN_buffer_add 157C  
                         __end_of_UART1_Write 1C50                                   _INTCON0bits 3FD2  
                                   copy_data0 1BA8                         ?_INTERRUPT_Initialize 002D  
                      _uart1TxBufferRemaining 002A                                  _uart1RxCount 0027  
                                    __Hrparam 0000                                      __Lrparam 0000  
                   convertCANid2Reg@canIdType 0064                       ??_OSCILLATOR_Initialize 0060  
                           _serial_buffer_add 1A78                   serial_buffer_add@buffer_ptr 002D  
                     convertCANid2Reg@wipSIDL 006D                            ?_serial_buffer_add 002D  
                                    __pivt0x8 0008                                      __ptext10 1DC8  
                                    __ptext11 1C9C                                      __ptext20 1E1E  
                                    __ptext12 1D48                                      __ptext21 188C  
                                    __ptext13 1E2E                                      __ptext30 16E8  
                                    __ptext22 1CE4                                      __ptext14 1340  
                                    __ptext31 1A78                                      __ptext23 1938  
                                    __ptext15 1DB2                                      __ptext24 1E32  
                                    __ptext16 1C50                                      __ptext25 1E34  
                                    __ptext17 1002                                      __ptext26 1E28  
                                    __ptext18 157C                                      __ptext27 1D22  
                                    __ptext19 19E0                                      __ptext28 1D68  
                                    __ptext29 1E36                 __end_of_UART1_SetErrorHandler 1E1E  
                         ??_serial_buffer_add 002F                ??_ECAN_SetRXB0InterruptHandler 0062  
                   _UART1_OverrunErrorHandler 001B  UART1_SetOverrunErrorHandler@interruptHandler 0060  
                                    isa$xinst 0000                                 ?_CAN_transmit 006E  
                  ?_UART1_DefaultErrorHandler 002D            __end_of_INTERRUPT_InterruptManager 1938  
                  _INTERRUPT_InterruptManager 188C                     __end_of_serial_buffer_add 1B0A  
                            ?_ECAN_buffer_add 002D                             _UART1_is_rx_ready 1DB2  
                                 _UART1_Write 1BF8                             _UART1_is_tx_ready 1D86  
                          ?_UART1_is_rx_ready 002D                                   _RXB0CONbits 3F80  
              ??_UART1_SetFramingErrorHandler 0062                                   _RXB1CONbits 37F0  
                          ?_UART1_is_tx_ready 002D                   __end_of_UART1_RxDataHandler 1D48  
                                 _uart1RxHead 0029                                   _uart1TxHead 002C  
                                 _uart1RxTail 0028                                   _uart1TxTail 002B  
                      ??_INTERRUPT_Initialize 0060                           ??_UART1_is_rx_ready 0060  
                         ??_UART1_is_tx_ready 0060                                      intlevel2 0000  
                     ?_PIN_MANAGER_Initialize 002D                  __end_of_ECAN_Initialize_user 1A78  
                                 _TXB0CONbits 37E0                                   _TXB1CONbits 37D0  
                                 _TXB2CONbits 37C0                           _uart1RxStatusBuffer 0001  
                              ??_CAN_transmit 006F                             ?_convertCANid2Reg 0060  
                   __end_of_UART1_is_rx_ready 1DC8                                    _UART1_Read 1C50  
UART1_SetFramingErrorHandler@interruptHandler 0060                            ??_convertCANid2Reg 0069  
                   __end_of_UART1_is_tx_ready 1D9C             __end_of_UART1_DefaultErrorHandler 1E2E  
                    _UART1_TxInterruptHandler 001F                __end_of_PIN_MANAGER_Initialize 1CE4  
                            ??_ECAN_RXB0I_ISR 0057                  ?_UART1_SetTxInterruptHandler 0060  
